datum_zobrazeni;datum;body;incidence14_100;incidence14_100_body;incidence_65_14_100;incidence_65_14_100_body;incidence_65_roste;incidence_65_roste_body;simple_r;simple_r_body;pozit_perc_test;pozit_perc_test_body;pozit_perc_test_roste;pozit_perc_test_roste_body;podil_zachycen_hosp;podil_zachycen_hosp_body;podil_zachycen_hosp_roste;podil_zachycen_hosp_roste_body
2020-10-01;2020-09-30;52;277.888429100000;13;143.259439500000;10;1;2;1.017210445876;10;0.152966804564;15;1;2;;;;
2020-10-02;2020-10-01;52;281.420552800000;13;153.498875500000;10;1;2;1.061394728061;10;0.157629755899;15;1;2;;;;
2020-10-03;2020-10-02;52;297.184290000000;13;168.464205000000;10;1;2;1.094668757350;10;0.163739775425;15;1;2;;;;
2020-10-04;2020-10-03;52;301.940509500000;13;179.259628500000;10;1;2;1.146562562032;10;0.167603277007;15;1;2;;;;
2020-10-05;2020-10-04;57;309.948525300000;13;186.858124000000;10;1;2;1.216230936819;15;0.174917750274;15;1;2;;;;
2020-10-06;2020-10-05;57;325.282427300000;13;206.132356500000;10;1;2;1.286778155212;15;0.182718797829;15;1;2;;;;
2020-10-07;2020-10-06;62;344.634353700000;13;222.348657800000;10;1;2;1.395410248349;15;0.193668301366;20;1;2;;;;
2020-10-08;2020-10-07;70;372.956752800000;13;245.190476600000;13;1;2;1.468516860638;20;0.206909020577;20;1;2;;;;
2020-10-09;2020-10-08;70;396.205228300000;13;264.094050800000;13;1;2;1.529085872576;20;0.217086020007;20;1;2;;;;
2020-10-10;2020-10-09;80;449.215116300000;13;300.696559600000;13;1;2;1.753190774742;25;0.246044465393;25;1;2;;;;
2020-10-11;2020-10-10;80;474.033424500000;13;319.275807700000;13;1;2;1.695705147730;25;0.255296707328;25;1;2;;;;
2020-10-12;2020-10-11;78;490.843716800000;16;335.445776800000;13;1;2;1.561908623952;20;0.257609761897;25;1;2;;;;
2020-10-13;2020-10-12;78;519.091362100000;16;359.955558000000;13;1;2;1.457183499288;20;0.259409321776;25;1;2;;;;
2020-10-14;2020-10-13;83;578.539433200000;16;401.515621800000;13;1;2;1.499094202898;20;0.272246859085;30;1;2;;;;
2020-10-15;2020-10-14;83;640.388974600000;16;441.824713800000;13;1;2;1.402599061272;20;0.281929504787;30;1;2;;;;
2020-10-16;2020-10-15;83;698.519507500000;16;477.222583000000;13;1;2;1.444763786599;20;0.292506409829;30;1;2;;;;
2020-10-17;2020-10-16;86;766.816576300000;16;521.052929000000;16;1;2;1.463839607673;20;0.289988913398;30;1;2;;;;
2020-10-18;2020-10-17;86;824.367766200000;16;559.091738800000;16;1;2;1.528978635577;20;0.295868526864;30;1;2;;;;
2020-10-19;2020-10-18;86;854.437538700000;16;582.489545100000;16;1;2;1.429380664652;20;0.298197422187;30;1;2;;;;
2020-10-20;2020-10-19;81;900.775637500000;16;614.134498900000;16;1;2;1.378278091422;15;0.304840593720;30;1;2;;;;
2020-10-21;2020-10-20;85;971.109751200000;20;665.239014300000;16;1;2;1.330473703841;15;0.310380833599;30;1;2;;;;
2020-10-22;2020-10-21;85;1061.141528100000;20;727.741273000000;16;1;2;1.372241053129;15;0.321750862909;30;1;2;;;;
2020-10-23;2020-10-22;85;1143.006437100000;20;785.424973600000;16;1;2;1.351039766508;15;0.327356143010;30;1;2;;;;
2020-10-24;2020-10-23;85;1204.958765200000;20;835.417514100000;16;1;2;1.377507705856;15;0.336781183522;30;1;2;;;;
2020-10-25;2020-10-24;85;1278.180249800000;20;889.811622100000;16;1;2;1.353835989759;15;0.339392333363;30;1;2;;;;
2020-10-26;2020-10-25;85;1317.388691600000;20;920.900588500000;16;1;2;1.311544092452;15;0.342885878439;30;1;2;;;;
2020-10-27;2020-10-26;89;1373.136442600000;20;967.371875000000;20;1;2;1.240862809300;15;0.347119556484;30;1;2;;;;
2020-10-28;2020-10-27;89;1441.741871400000;20;1024.962911000000;20;1;2;1.216326420393;15;0.353837633593;30;1;2;;;;
2020-10-29;2020-10-28;84;1473.820656100000;20;1061.658084300000;20;1;2;1.126380932896;10;0.352305994145;30;1;2;;;;
2020-10-30;2020-10-29;84;1504.899606800000;20;1100.669872200000;20;1;2;1.061231212180;10;0.353625816103;30;1;2;;;;
2020-10-31;2020-10-30;84;1528.250868900000;20;1142.137271400000;20;1;2;1.013454618864;10;0.346071808014;30;1;2;;;;
2020-11-01;2020-10-31;79;1553.620487500000;20;1172.438588800000;20;1;2;0.975603263700;5;0.346730009871;30;1;2;;;;
2020-11-02;2020-11-01;79;1567.562097300000;20;1187.218589200000;20;1;2;0.927424905090;5;0.345358118693;30;1;2;;;;
2020-11-03;2020-11-02;77;1578.429451400000;20;1211.404044400000;20;1;2;0.936691186486;5;0.344057641069;30;0;0;;;;
2020-11-04;2020-11-03;77;1579.410596900000;20;1231.234264300000;20;1;2;0.907480428109;5;0.334715632274;30;0;0;;;;
2020-11-05;2020-11-04;77;1586.465500000000;20;1257.967995500000;20;1;2;0.957184035996;5;0.340582368833;30;0;0;;;;
2020-11-06;2020-11-05;77;1577.868796900000;20;1281.041475700000;20;1;2;0.971244528275;5;0.340535886600;30;0;0;;;;
2020-11-07;2020-11-06;77;1543.276411000000;20;1284.331068300000;20;1;2;0.955331067170;5;0.340314493297;30;0;0;;;;
2020-11-08;2020-11-07;77;1498.872570400000;20;1269.597400200000;20;1;2;0.922365630491;5;0.337984324000;30;0;0;;;;
2020-11-09;2020-11-08;75;1464.392315400000;20;1247.682227200000;20;0;0;0.926892917315;5;0.334768464927;30;0;0;;;;
2020-11-10;2020-11-09;75;1424.912890600000;20;1222.848119900000;20;0;0;0.856625208108;5;0.324279736223;30;0;0;;;;
2020-11-11;2020-11-10;75;1363.156791600000;20;1191.805485900000;20;0;0;0.817644400473;5;0.319073992869;30;0;0;;;;
2020-11-12;2020-11-11;70;1325.237855300000;20;1186.755266300000;20;0;0;0.753432895660;0;0.304204205723;30;0;0;;;;
2020-11-13;2020-11-12;70;1276.872055900000;20;1168.685673400000;20;0;0;0.719691495092;0;0.294650830025;30;0;0;;;;
2020-11-14;2020-11-13;70;1218.517261100000;20;1136.855390400000;20;0;0;0.691381478241;0;0.285815178087;30;0;0;;;;
2020-11-15;2020-11-14;70;1150.939699000000;20;1092.700718400000;20;0;0;0.672544872527;0;0.280441441119;30;0;0;;;;
2020-11-16;2020-11-15;70;1107.395528700000;20;1058.136830300000;20;0;0;0.677337436326;0;0.277515622226;30;0;0;;;;
2020-11-17;2020-11-16;70;1071.681833700000;20;1035.480340700000;20;0;0;0.743531328987;0;0.280851732043;30;0;0;;;;
2020-11-18;2020-11-17;70;998.376250900000;20;974.182721500000;20;0;0;0.728452761296;0;0.281264318391;30;0;0;;;;
2020-11-19;2020-11-18;62;902.952846000000;16;903.294318400000;16;0;0;0.721450174946;0;0.272722517392;30;0;0;;;;
2020-11-20;2020-11-19;62;839.739045200000;16;846.722592800000;16;0;0;0.745654668309;0;0.269248770457;30;0;0;;;;
2020-11-21;2020-11-20;62;786.121781400000;16;793.672121200000;16;0;0;0.739739320291;0;0.266954244828;30;0;0;;;;
2020-11-22;2020-11-21;62;743.792362700000;16;757.208609200000;16;0;0;0.727685460604;0;0.262240777606;30;0;0;;;;
2020-11-23;2020-11-22;57;724.150764800000;16;740.436320400000;16;0;0;0.805844465051;5;0.228194682980;20;0;0;;;;
2020-11-24;2020-11-23;57;708.555224000000;16;732.791492600000;16;0;0;0.852559184568;5;0.224551654458;20;0;0;;;;
2020-11-25;2020-11-24;57;678.691024800000;16;706.891742700000;16;0;0;0.932719708195;5;0.224862599615;20;0;0;;;;
2020-11-26;2020-11-25;57;641.407497000000;16;662.273747800000;16;0;0;0.958380537833;5;0.223104417531;20;0;0;;;;
2020-11-27;2020-11-26;57;605.665769300000;16;626.366223300000;16;0;0;0.913575314257;5;0.215445386678;20;0;0;;;;
2020-11-28;2020-11-27;57;578.604842900000;16;590.088040600000;16;0;0;0.882596255520;5;0.209202892674;20;0;0;;;;
2020-11-29;2020-11-28;57;564.317496000000;16;570.906472700000;16;0;0;0.895227382291;5;0.208770536035;20;0;0;;;;
2020-11-30;2020-11-29;57;556.683249800000;16;566.921895800000;16;0;0;0.837768476367;5;0.206726274840;20;0;0;;;;
2020-12-01;2020-11-30;57;539.433778100000;16;545.794371700000;16;0;0;0.827910159895;5;0.202776423259;20;0;0;;;;
2020-12-02;2020-12-01;57;548.170644900000;16;551.215249600000;16;0;0;0.872430613961;5;0.199561369757;20;0;0;;;;
2020-12-03;2020-12-02;57;539.265581700000;16;540.280829200000;16;0;0;0.900842172028;5;0.197358263339;20;0;0;;;;
2020-12-04;2020-12-03;57;522.016110000000;16;520.172615500000;16;0;0;0.938431161371;5;0.201106315538;20;0;0;;;;
2020-12-05;2020-12-04;57;512.101868600000;16;509.238195200000;16;0;0;0.963677473469;5;0.204363360762;20;0;0;;;;
2020-12-06;2020-12-05;62;513.232522000000;16;508.496878500000;16;0;0;1.017133839332;10;0.208285243833;20;0;0;;;;
2020-12-07;2020-12-06;64;509.532201900000;16;504.558633900000;16;0;0;1.045309065669;10;0.208482984041;20;1;2;;;;
2020-12-08;2020-12-07;64;508.336138900000;16;496.774809300000;16;0;0;1.086915705065;10;0.212762536274;20;1;2;;;;
2020-12-09;2020-12-08;64;508.280073400000;16;491.029605400000;16;0;0;1.088829380260;10;0.213588881551;20;1;2;;;;
2020-12-10;2020-12-09;64;522.165617900000;16;497.979448800000;16;0;0;1.147246925260;10;0.222354244137;20;1;2;;;;
2020-12-11;2020-12-10;64;539.200172000000;16;500.991047600000;16;0;0;1.166014037680;10;0.223563242814;20;1;2;;;;
2020-12-12;2020-12-11;69;555.524563800000;16;507.523900500000;16;0;0;1.218311937435;15;0.224912999952;20;1;2;;;;
2020-12-13;2020-12-12;71;564.756675400000;16;513.083775200000;16;1;2;1.200885306078;15;0.222609890659;20;1;2;;;;
2020-12-14;2020-12-13;71;573.390755500000;16;517.763336500000;16;1;2;1.203534537277;15;0.224820498011;20;1;2;;;;
2020-12-15;2020-12-14;66;588.388264800000;16;525.825154900000;16;1;2;1.160476316136;10;0.225814526688;20;1;2;;;;
2020-12-16;2020-12-15;66;613.879358500000;16;538.103211600000;16;1;2;1.179635027246;10;0.229491019809;20;1;2;;;;
2020-12-17;2020-12-16;71;648.415679000000;16;558.072428400000;16;1;2;1.183189002604;10;0.230577683365;25;1;2;;;;
2020-12-18;2020-12-17;76;676.354964200000;16;573.779074600000;16;1;2;1.223231142677;15;0.233237717563;25;1;2;;;;
2020-12-19;2020-12-18;76;714.582260400000;16;595.925909100000;16;1;2;1.268340388264;15;0.240320153992;25;1;2;;;;
2020-12-20;2020-12-19;76;733.401564900000;16;601.578448400000;16;1;2;1.282453597112;15;0.242507309941;25;1;2;;;;
2020-12-21;2020-12-20;76;754.818568900000;16;615.941458200000;16;1;2;1.249503142289;15;0.246584055036;25;1;2;;;;
2020-12-22;2020-12-21;76;789.410954800000;16;639.941584200000;16;1;2;1.261643975841;15;0.256458274810;25;1;2;;;;
2020-12-23;2020-12-22;81;836.711510600000;16;670.011240200000;16;1;2;1.281517957763;15;0.266446279307;30;1;2;;;;
2020-12-24;2020-12-23;81;908.895784300000;16;714.721899600000;16;1;2;1.339379013510;15;0.282901549366;30;1;2;;;;
2020-12-25;2020-12-24;81;894.898108900000;16;698.366601400000;16;1;2;1.217961789086;15;0.296552133532;30;1;2;;;;
2020-12-26;2020-12-25;76;861.838178800000;16;675.756444100000;16;1;2;1.048598572779;10;0.306623340707;30;1;2;;;;
2020-12-27;2020-12-26;71;856.016715700000;16;675.756444100000;16;1;2;0.943022312373;5;0.317312220591;30;1;2;;;;
2020-12-28;2020-12-27;71;872.714877100000;16;690.721773600000;16;1;2;0.896059951442;5;0.322374755839;30;1;2;;;;
2020-12-29;2020-12-28;71;926.547058400000;16;729.779893800000;16;1;2;0.856767253230;5;0.346080159931;30;1;2;;;;
2020-12-30;2020-12-29;80;1006.617872900000;20;792.699143100000;16;1;2;1.008461930411;10;0.385174630755;30;1;2;;;;
2020-12-31;2020-12-30;80;1088.903272700000;20;862.846229600000;16;1;2;1.195859383007;10;0.424451428904;30;1;2;;;;
2021-01-01;2020-12-31;90;1142.165455300000;20;914.414067900000;16;1;2;1.447161816265;20;0.435069386065;30;1;2;;;;
2021-01-02;2021-01-01;90;1091.790643700000;20;886.336700400000;16;1;2;1.451954258405;20;0.443627450980;30;1;2;;;;
2021-01-03;2021-01-02;90;1088.622945500000;20;901.116700800000;16;1;2;1.404236115289;20;0.442709716583;30;1;2;;;;
2021-01-04;2021-01-03;85;1115.394200400000;20;930.213378700000;16;1;2;1.308172582420;15;0.444806449831;30;1;2;;;;
2021-01-05;2021-01-04;89;1162.218199800000;20;979.371938000000;20;1;2;1.277356873500;15;0.438464570867;30;1;2;;;;
2021-01-06;2021-01-05;86;1222.871678200000;20;1046.322096500000;20;1;2;1.121462544589;12;;;;;0.552711452853;30;1;2
2021-01-07;2021-01-06;86;1256.837999800000;20;1096.082975500000;20;1;2;1.119137181144;12;;;;;0.547335237907;30;1;2
2021-01-08;2021-01-07;86;1355.074021800000;20;1202.554577100000;20;1;2;1.110354087214;12;;;;;0.543713805342;30;1;2
2021-01-09;2021-01-08;89;1452.562504300000;20;1301.520347700000;20;1;2;1.205517621904;15;;;;;0.539896748482;30;1;2
2021-01-10;2021-01-09;87;1503.133545000000;20;1350.354581000000;20;1;2;1.219132861877;15;;;;;0.534822957023;30;0;0
2021-01-11;2021-01-10;84;1508.076649300000;20;1356.655772400000;20;1;2;1.178179504850;12;;;;;0.530133525802;30;0;0
2021-01-12;2021-01-11;84;1493.574384800000;20;1358.138405600000;20;1;2;1.120188015335;12;;;;;0.524166591381;30;0;0
2021-01-13;2021-01-12;81;1440.657939300000;20;1334.555270200000;20;1;2;1.012696656675;9;;;;;0.518555575768;30;0;0
2021-01-14;2021-01-13;75;1383.321667000000;20;1296.377463600000;20;1;2;0.822436322859;3;;;;;0.511719827189;30;0;0
2021-01-15;2021-01-14;72;1334.675540300000;20;1260.469939100000;20;1;2;0.716524859385;0;;;;;0.510906896871;30;0;0
2021-01-16;2021-01-15;72;1389.404768900000;20;1307.589877600000;20;1;2;0.689536087113;0;;;;;0.508524289642;30;0;0
2021-01-17;2021-01-16;70;1391.796895000000;20;1299.991382100000;20;0;0;0.680934855481;0;;;;;0.499531396438;30;0;0
2021-01-18;2021-01-17;70;1357.924015700000;20;1269.597400200000;20;0;0;0.716757278593;0;;;;;0.494339984650;30;0;0
2021-01-19;2021-01-18;70;1308.521005400000;20;1219.882853400000;20;0;0;0.761269408425;0;;;;;0.486868088467;30;0;0
2021-01-20;2021-01-19;73;1235.720011700000;20;1148.438462800000;20;0;0;0.822157703119;3;;;;;0.482333774564;30;0;0
2021-01-21;2021-01-20;73;1146.482495300000;20;1070.739213100000;20;0;0;0.829045467151;3;;;;;0.484099676780;30;0;0
2021-01-22;2021-01-21;73;1077.821001100000;20;995.773568500000;20;0;0;0.864930459928;3;;;;;0.483344148821;30;0;0
2021-01-23;2021-01-22;69;1034.538469600000;20;940.777140700000;16;0;0;0.875784212951;3;;;;;0.481546961325;30;0;0
2021-01-24;2021-01-23;69;995.264618200000;20;897.178456200000;16;0;0;0.884825556956;3;;;;;0.478299876640;30;0;0
2021-01-25;2021-01-24;72;977.379737900000;20;878.552875700000;16;0;0;0.900056053811;6;;;;;0.478752570253;30;0;0
2021-01-26;2021-01-25;68;954.878801900000;16;849.734191600000;16;0;0;0.934157188397;6;;;;;0.479195885928;30;0;0
2021-01-27;2021-01-26;68;939.769161700000;16;821.193501200000;16;0;0;0.936376843320;6;;;;;0.480824544582;30;0;0
2021-01-28;2021-01-27;70;917.165438900000;16;795.108422100000;16;0;0;0.957868749620;6;;;;;0.486217364905;30;1;2
2021-01-29;2021-01-28;70;916.268391600000;16;786.861274600000;16;0;0;0.987462563255;6;;;;;0.485731857318;30;1;2
2021-01-30;2021-01-29;70;904.616121200000;16;766.521399400000;16;0;0;0.983849203877;6;;;;;0.482500934113;30;1;2
2021-01-31;2021-01-30;70;893.543193800000;16;754.660333300000;16;0;0;0.994480957195;6;;;;;0.483193802324;30;1;2
2021-02-01;2021-01-31;73;892.907785300000;16;751.973060500000;16;0;0;1.007098529286;9;;;;;0.482775898784;30;1;2
2021-02-02;2021-02-01;73;888.758941600000;16;745.579204500000;16;0;0;1.006464561107;9;;;;;0.485664422837;30;1;2
2021-02-03;2021-02-02;70;884.441901500000;16;738.305035100000;16;0;0;0.995628346720;6;;;;;0.482151835093;30;1;2
2021-02-04;2021-02-03;71;897.925643500000;16;735.756759100000;16;0;0;1.028822821935;9;;;;;0.479164027865;30;0;0
2021-02-05;2021-02-04;71;903.289238700000;16;735.803091400000;16;0;0;1.034950222410;9;;;;;0.478069624230;30;0;0
2021-02-06;2021-02-05;71;904.784317500000;16;732.745160300000;16;0;0;1.043240619592;9;;;;;0.479213907785;30;0;0
2021-02-07;2021-02-06;71;910.222666700000;16;734.969110200000;16;0;0;1.053714237736;9;;;;;0.478708704936;30;0;0
2021-02-08;2021-02-07;71;910.708567300000;16;736.683404900000;16;0;0;1.052038908380;9;;;;;0.476974915761;30;0;0
2021-02-09;2021-02-08;71;918.211994100000;16;731.308859300000;16;0;0;1.038249348838;9;;;;;0.472767968167;30;0;0
2021-02-10;2021-02-09;71;928.387874200000;16;733.810803000000;16;0;0;1.059250920998;9;;;;;0.470018621973;30;0;0
2021-02-11;2021-02-10;71;938.124575000000;16;730.891868700000;16;0;0;1.044543339739;9;;;;;0.463237108314;30;0;0
2021-02-12;2021-02-11;71;947.571604200000;16;733.671806100000;16;0;0;1.046752988047;9;;;;;0.460635696821;30;0;0
2021-02-13;2021-02-12;73;954.822736400000;16;733.440144700000;16;1;2;1.053358894480;9;;;;;0.460936544809;30;0;0
2021-02-14;2021-02-13;77;964.970583800000;20;736.312746600000;16;1;2;1.048297250316;9;;;;;0.458146033288;30;0;0
2021-02-15;2021-02-14;75;967.820577800000;20;736.683404900000;16;0;0;1.033677905516;9;;;;;0.457289429730;30;0;0
2021-02-16;2021-02-15;77;983.472184100000;20;741.270301600000;16;1;2;1.057865484052;9;;;;;0.452850484044;30;0;0
2021-02-17;2021-02-16;77;1015.784574800000;20;756.189298900000;16;1;2;1.083829714350;9;;;;;0.455380268424;30;0;0
2021-02-18;2021-02-17;80;1027.745205300000;20;757.486603000000;16;1;2;1.106203078789;12;;;;;0.452575775037;30;0;0
2021-02-19;2021-02-18;80;1061.347101500000;20;770.088985700000;16;1;2;1.150125308560;12;;;;;0.452720428881;30;0;0
2021-02-20;2021-02-19;80;1086.202786600000;20;784.220334100000;16;1;2;1.186866798758;12;;;;;0.452769093345;30;0;0
2021-02-21;2021-02-20;80;1104.461436600000;20;792.235820200000;16;1;2;1.192274599542;12;;;;;0.454374516093;30;0;0
2021-02-22;2021-02-21;80;1119.589765300000;20;798.444347000000;16;1;2;1.164454277286;12;;;;;0.453923060204;30;0;0
2021-02-23;2021-02-22;82;1153.640185100000;20;822.120147000000;16;1;2;1.179691516709;12;;;;;0.453572185711;30;1;2
2021-02-24;2021-02-23;80;1205.659583400000;20;851.958141500000;16;1;2;1.180860475784;12;;;;;0.452647975077;30;0;0
2021-02-25;2021-02-24;82;1245.456712400000;20;877.023910200000;16;1;2;1.180187416331;12;;;;;0.453501372090;30;1;2
2021-02-26;2021-02-25;82;1297.550864600000;20;905.749929800000;16;1;2;1.194954551037;12;;;;;0.454877567140;30;1;2
2021-02-27;2021-02-26;83;1353.279927200000;20;941.147799000000;16;1;2;1.226363883108;15;;;;;0.452163899817;30;0;0
2021-02-28;2021-02-27;80;1378.696266900000;20;956.205793200000;16;1;2;1.197312413743;12;;;;;0.451969981238;30;0;0
2021-03-01;2021-02-28;84;1394.702954400000;20;965.425918800000;20;1;2;1.150745750953;12;;;;;0.450849345586;30;0;0
2021-03-02;2021-03-01;79;1426.809771800000;20;990.862345800000;20;1;2;1.119074943952;12;;;;;0.447469427831;25;0;0
2021-03-03;2021-03-02;76;1465.999525100000;20;1020.561343400000;20;1;2;1.089791198201;9;;;;;0.445121420489;25;0;0
2021-03-04;2021-03-03;76;1506.217145000000;20;1053.271939900000;20;1;2;1.060568056067;9;;;;;0.444136737343;25;0;0
2021-03-05;2021-03-04;76;1533.745283600000;20;1074.399464000000;20;1;2;1.047271800720;9;;;;;0.439601600408;25;0;0
2021-03-06;2021-03-05;76;1551.321803800000;20;1081.812630300000;20;1;2;1.021087533156;9;;;;;0.436536679861;25;0;0
2021-03-07;2021-03-06;76;1573.327495000000;20;1098.862912900000;20;1;2;1.025018185287;9;;;;;0.432042457915;25;0;0
2021-03-08;2021-03-07;76;1572.514545900000;20;1101.735514900000;20;1;2;1.006296204591;9;;;;;0.430319454709;25;0;0
2021-03-09;2021-03-08;73;1565.403577300000;20;1097.611941100000;20;1;2;0.969984696716;6;;;;;0.428373983739;25;0;0
2021-03-10;2021-03-09;73;1560.852931200000;20;1091.774072600000;20;1;2;0.952649079512;6;;;;;0.425444596443;25;0;0
2021-03-11;2021-03-10;73;1567.758326400000;20;1096.129307800000;20;1;2;0.962604352395;6;;;;;0.424516333650;25;0;0
2021-03-12;2021-03-11;73;1536.464458100000;20;1078.615702300000;20;1;2;0.908779971381;6;;;;;0.420264596371;25;0;0
2021-03-13;2021-03-12;73;1538.155766000000;20;1085.889871800000;20;1;2;0.936424244554;6;;;;;0.417953972257;25;0;0
2021-03-14;2021-03-13;71;1530.381356200000;20;1083.248931300000;20;0;0;0.930127768415;6;;;;;0.416922230085;25;0;0
2021-03-15;2021-03-14;71;1518.616954900000;20;1077.920718000000;20;0;0;0.938535256488;6;;;;;0.414636063512;25;0;0
2021-03-16;2021-03-15;71;1502.647644400000;20;1067.403288200000;20;0;0;0.946284438556;6;;;;;0.414649630981;25;0;0
2021-03-17;2021-03-16;71;1476.726715500000;20;1051.140654600000;20;0;0;0.970479799272;6;;;;;0.412665330661;25;0;0
2021-03-18;2021-03-17;71;1446.656943000000;20;1033.580716800000;20;0;0;0.917105641821;6;;;;;0.409644344761;25;0;0
2021-03-19;2021-03-18;71;1409.429480700000;20;1011.758208400000;20;0;0;0.934426440163;6;;;;;0.409506102982;25;0;0
2021-03-20;2021-03-19;68;1377.154466900000;20;991.001342700000;20;0;0;0.874138288498;3;;;;;0.406665037073;25;0;0
2021-03-21;2021-03-20;68;1343.113391300000;20;969.456828000000;20;0;0;0.854465084323;3;;;;;0.405608868299;25;0;0
2021-03-22;2021-03-21;68;1328.228012900000;20;960.005040900000;20;0;0;0.857037330167;3;;;;;0.403383867995;25;0;0
2021-03-23;2021-03-22;64;1305.642978700000;20;944.576388500000;16;0;0;0.853852870552;3;;;;;0.402417378074;25;0;0
2021-03-24;2021-03-23;59;1264.631098100000;20;927.804099600000;16;0;0;0.818614373332;3;;;;;0.399535123966;20;0;0
2021-03-25;2021-03-24;59;1211.424981100000;20;895.510493800000;16;0;0;0.835292548066;3;;;;;0.398323036187;20;0;0
2021-03-26;2021-03-25;59;1180.448817000000;20;879.757515300000;16;0;0;0.813323017173;3;;;;;0.397321829783;20;0;0
2021-03-27;2021-03-26;56;1112.609616100000;20;830.089300800000;16;0;0;0.794342178169;0;;;;;0.398472017673;20;0;0
2021-03-28;2021-03-27;59;1084.025578100000;20;813.687670300000;16;0;0;0.800428224466;3;;;;;0.396143405410;20;0;0
2021-03-29;2021-03-28;59;1069.158888200000;20;803.726228000000;16;0;0;0.830651122160;3;;;;;0.396559916373;20;0;0
2021-03-30;2021-03-29;59;1034.631912000000;20;780.235757200000;16;0;0;0.854333782920;3;;;;;0.392607003891;20;0;0
2021-03-31;2021-03-30;59;984.238411900000;20;745.254878500000;16;0;0;0.854358247374;3;;;;;0.391052526462;20;0;0
2021-04-01;2021-03-31;55;939.722440400000;16;717.733498500000;16;0;0;0.856791319511;3;;;;;0.392178885031;20;0;0
2021-04-02;2021-04-01;55;898.402199900000;16;690.119453900000;16;0;0;0.849083722601;3;;;;;0.390231201832;20;0;0
2021-04-03;2021-04-02;52;843.439365200000;16;649.393371300000;16;0;0;0.781705664651;0;;;;;0.390388130308;20;0;0
2021-04-04;2021-04-03;52;812.332381800000;16;627.617195200000;16;0;0;0.765267968425;0;;;;;0.392337746906;20;0;0
2021-04-05;2021-04-04;55;808.015341700000;16;622.381646400000;16;0;0;0.808353164639;3;;;;;0.395272127542;20;0;0
2021-04-06;2021-04-05;52;744.212853600000;16;579.709607700000;16;0;0;0.712453922521;0;;;;;0.391273750879;20;0;0
2021-04-07;2021-04-06;54;693.884763200000;16;542.365782300000;16;0;0;0.668994216391;0;;;;;0.397809784549;20;1;2
2021-04-08;2021-04-07;54;677.074470900000;16;526.612803800000;16;0;0;0.730603057977;0;;;;;0.399681918277;20;1;2
2021-04-09;2021-04-08;59;652.321572300000;16;503.076000700000;16;0;0;0.740390879478;0;;;;;0.402259456714;25;1;2
2021-04-10;2021-04-09;59;625.279334400000;16;481.670482900000;16;0;0;0.763349088453;0;;;;;0.401830065359;25;1;2
2021-04-11;2021-04-10;59;608.824123300000;16;468.836438600000;13;0;0;0.898774758760;3;;;;;0.406765899864;25;1;2
2021-04-12;2021-04-11;62;601.741187400000;16;463.137567000000;13;0;0;0.961939905113;6;;;;;0.405405405405;25;1;2
2021-04-13;2021-04-12;65;573.026330100000;16;438.164462900000;13;0;0;1.055949008498;9;;;;;0.403557777124;25;1;2
2021-04-14;2021-04-13;65;539.667384200000;16;410.179760000000;13;0;0;1.074167766534;9;;;;;0.407271053842;25;1;2
2021-04-15;2021-04-14;62;506.485978900000;16;381.824398700000;13;0;0;0.918621519300;6;;;;;0.412855772305;25;1;2
2021-04-16;2021-04-15;56;478.612103300000;13;357.685275800000;13;0;0;0.845629524986;3;;;;;0.415803541597;25;1;2
2021-04-17;2021-04-16;56;472.828017200000;13;355.970981100000;13;0;0;0.816089434458;3;;;;;0.419099965647;25;1;2
2021-04-18;2021-04-17;53;467.043931100000;13;349.855118900000;13;0;0;0.726592890677;0;;;;;0.420855614973;25;1;2
2021-04-19;2021-04-18;53;456.811985500000;13;341.376309900000;13;0;0;0.734325403597;0;;;;;0.421003889609;25;1;2
2021-04-20;2021-04-19;56;474.780963900000;13;349.669789700000;13;0;0;0.808458190501;3;;;;;0.422020051986;25;1;2
2021-04-21;2021-04-20;56;458.204277600000;13;334.611795600000;13;0;0;0.824298362846;3;;;;;0.414893617021;25;1;2
2021-04-22;2021-04-21;54;419.855506200000;13;308.295055100000;13;0;0;0.849180768197;3;;;;;0.407354443309;25;0;0
2021-04-23;2021-04-22;54;395.037198000000;13;290.642452700000;13;0;0;0.846079291087;3;;;;;0.405376799322;25;0;0
2021-04-24;2021-04-23;54;374.274291000000;13;273.036182700000;13;0;0;0.823425517081;3;;;;;0.406229143492;25;0;0
2021-04-25;2021-04-24;54;365.836440000000;13;263.399066400000;13;0;0;0.832968080038;3;;;;;0.402570576084;25;0;0
2021-04-26;2021-04-25;54;364.341361200000;13;259.553486400000;13;0;0;0.885443583118;3;;;;;0.408673108649;25;0;0
2021-04-27;2021-04-26;54;352.352698000000;13;249.962702500000;13;0;0;0.881332700722;3;;;;;0.409535452322;25;0;0
2021-04-28;2021-04-27;51;335.262078400000;13;235.738689500000;10;0;0;0.880536766310;3;;;;;0.403783102143;25;0;0
2021-04-29;2021-04-28;46;323.759315800000;13;224.109284800000;10;0;0;0.885019191691;3;;;;;0.399632159747;20;0;0
2021-04-30;2021-04-29;51;314.078680500000;13;216.418124800000;10;0;0;0.873941889727;3;;;;;0.401568415359;25;0;0
2021-05-01;2021-04-30;46;304.257881600000;13;206.688344000000;10;0;0;0.849450675211;3;;;;;0.398595505617;20;0;0
2021-05-02;2021-05-01;46;300.800511900000;13;203.306086800000;10;0;0;0.879710491685;3;;;;;0.396816208393;20;0;0
2021-05-03;2021-05-02;46;297.763633000000;13;200.618814000000;10;0;0;0.891463263536;3;;;;;0.395783847980;20;0;0
2021-05-04;2021-05-03;46;287.279392900000;13;192.742324800000;10;0;0;0.894572357930;3;;;;;0.391862955032;20;0;0
2021-05-05;2021-05-04;46;274.188109100000;13;184.402512600000;10;0;0;0.863939790575;3;;;;;0.390549662487;20;0;0
2021-05-06;2021-05-05;46;264.115015600000;13;176.943014000000;10;0;0;0.847827551364;3;;;;;0.394113667117;20;0;0
2021-05-07;2021-05-06;46;254.256839700000;13;168.742198800000;10;0;0;0.811178350445;3;;;;;0.394066317626;20;0;0
2021-05-08;2021-05-07;43;245.248989900000;13;161.514361600000;10;0;0;0.792286309937;0;;;;;0.389885222381;20;0;0
2021-05-09;2021-05-08;40;239.819985000000;10;158.502762700000;10;0;0;0.781263368030;0;;;;;0.389462048636;20;0;0
2021-05-10;2021-05-09;43;235.689829800000;10;155.444831600000;10;0;0;0.820619650026;3;;;;;0.388741972043;20;0;0
2021-05-11;2021-05-10;45;225.981161800000;10;148.170662200000;10;0;0;0.807087239790;3;;;;;0.392187500000;20;1;2
2021-05-12;2021-05-11;42;211.497585800000;10;138.904204200000;10;0;0;0.790695725062;0;;;;;0.392405063291;20;1;2
2021-05-13;2021-05-12;42;200.060232900000;10;129.776743200000;10;0;0;0.773967195860;0;;;;;0.396010186757;20;1;2
2021-05-14;2021-05-13;42;190.650580700000;10;122.965896600000;10;0;0;0.773225041065;0;;;;;0.395702775290;20;1;2
2021-05-15;2021-05-14;39;180.241094500000;10;115.043075100000;7;0;0;0.728145481399;0;;;;;0.396907216494;20;1;2
2021-05-16;2021-05-15;44;174.877499300000;10;110.317181500000;7;0;0;0.763634573734;0;;;;;0.403723664870;25;1;2
2021-05-17;2021-05-16;47;172.522750100000;10;107.676241000000;7;0;0;0.808862503975;3;;;;;0.406840224604;25;1;2
2021-05-18;2021-05-17;47;162.337525800000;10;99.243764300000;7;0;0;0.817656391659;3;;;;;0.411178749308;25;1;2
2021-05-19;2021-05-18;44;150.974926800000;10;91.320942800000;7;0;0;0.793579605806;0;;;;;0.426822157434;25;1;2
2021-05-20;2021-05-19;44;140.752325500000;10;83.954108700000;7;0;0;0.790948275862;0;;;;;0.428838951310;25;1;2
2021-05-21;2021-05-20;44;132.379884200000;10;77.838246500000;7;0;0;0.734046667526;0;;;;;0.432955303535;25;1;2
2021-05-22;2021-05-21;44;123.353345800000;10;73.066020700000;7;0;0;0.696330275229;0;;;;;0.440000000000;25;1;2
2021-05-23;2021-05-22;41;119.690402800000;7;70.332415600000;7;0;0;0.700207900207;0;;;;;0.446760982874;25;1;2
2021-05-24;2021-05-23;41;117.943029400000;7;68.710785500000;7;0;0;0.742415229030;0;;;;;0.436220472440;25;1;2
2021-05-25;2021-05-24;41;110.019111700000;7;61.899938900000;7;0;0;0.730726077897;0;;;;;0.425716768027;25;1;2
2021-05-26;2021-05-25;41;100.394541900000;7;57.035048500000;7;0;0;0.706006322444;0;;;;;0.428571428571;25;1;2
2021-05-27;2021-05-26;39;93.610621800000;7;53.606459000000;7;0;0;0.711274233013;0;;;;;0.428571428571;25;0;0
2021-05-28;2021-05-27;36;86.920144100000;7;48.648904100000;4;0;0;0.714172604908;0;;;;;0.425905598243;25;0;0
2021-05-29;2021-05-28;36;81.322942900000;7;45.312979200000;4;0;0;0.679086538461;0;;;;;0.431442080378;25;0;0
2021-05-30;2021-05-29;36;77.818851900000;7;42.950032400000;4;0;0;0.718578635665;0;;;;;0.428750000000;25;0;0
2021-05-31;2021-05-30;36;76.463936700000;7;42.162383500000;4;0;0;0.793781094527;0;;;;;0.431758530183;25;0;0
2021-06-01;2021-05-31;38;70.707883300000;7;39.011787800000;4;0;0;0.795977771897;0;;;;;0.440000000000;25;1;2
2021-06-02;2021-06-01;36;63.970684400000;7;34.424891100000;4;0;0;0.783259423503;0;;;;;0.421296296296;25;0;0
2021-06-03;2021-06-02;36;59.990037100000;7;31.691286100000;4;0;0;0.779056047197;0;;;;;0.408427876823;25;0;0
2021-06-04;2021-06-03;36;57.644632200000;7;29.513668400000;4;0;0;0.781746031746;0;;;;;0.416520210896;25;0;0
2021-06-05;2021-06-04;36;54.364803100000;7;27.428715400000;4;0;0;0.760890003133;0;;;;;0.426923076923;25;0;0
2021-06-06;2021-06-05;36;52.654806700000;7;26.363072700000;4;0;0;0.784242021276;0;;;;;0.420000000000;25;0;0
2021-06-07;2021-06-06;39;51.729726700000;7;25.668088400000;4;0;0;0.829794762915;3;;;;;0.420289855072;25;0;0
2021-06-08;2021-06-07;34;47.982685400000;4;23.861129100000;2;0;0;0.805376751230;3;;;;;0.418181818181;25;0;0
2021-06-09;2021-06-08;31;45.394330300000;4;21.266520900000;2;0;0;0.793440062475;0;;;;;0.413366336633;25;0;0
2021-06-10;2021-06-09;26;42.703188400000;4;19.505893900000;2;0;0;0.794481054365;0;;;;;0.396648044692;20;0;0
2021-06-11;2021-06-10;26;39.741063500000;4;18.347586600000;2;0;0;0.717253073336;0;;;;;0.390532544378;20;0;0
2021-06-12;2021-06-11;31;37.180741100000;4;15.984639900000;2;0;0;0.661407249466;0;;;;;0.405844155844;25;0;0
2021-06-13;2021-06-12;31;35.788448900000;4;15.150658700000;2;0;0;0.691584391161;0;;;;;0.400673400673;25;0;0
2021-06-14;2021-06-13;26;35.125007700000;4;14.965329500000;2;0;0;0.695866141732;0;;;;;0.381818181818;20;0;0
2021-06-15;2021-06-14;26;31.957309500000;4;13.436363900000;2;0;0;0.670295489891;0;;;;;0.362139917695;20;0;0
2021-06-16;2021-06-15;26;29.425019700000;4;12.370721300000;2;0;0;0.660165484633;0;;;;;0.366071428571;20;0;0
2021-06-17;2021-06-16;26;27.331909400000;4;11.814733800000;2;0;0;0.642166344294;0;;;;;0.395833333333;20;0;0
2021-06-18;2021-06-17;24;24.808963900000;2;10.193103700000;2;0;0;0.654656696125;0;;;;;0.382653061224;20;0;0
2021-06-19;2021-06-18;22;23.155033000000;2;9.544451600000;0;0;0;0.655586987270;0;;;;;0.369318181818;20;0;0
2021-06-20;2021-06-19;22;22.314051200000;2;9.312790200000;0;0;0;0.709203402938;0;;;;;0.368421052631;20;0;0
2021-06-21;2021-06-20;25;21.930937200000;2;9.312790200000;0;0;0;0.835273052820;3;;;;;0.360248447204;20;0;0
2021-06-22;2021-06-21;27;20.277006300000;2;8.571473500000;0;0;0;0.880522088353;3;;;;;0.374193548387;20;1;2
2021-06-23;2021-06-22;27;17.735372300000;2;8.247147500000;0;0;0;0.811007268951;3;;;;;0.395683453237;20;1;2
2021-06-24;2021-06-23;32;16.380457100000;2;7.598495400000;0;0;0;0.816612729234;3;;;;;0.404580152671;25;1;2
2021-06-25;2021-06-24;29;15.502098300000;2;6.671849700000;0;0;0;0.758996728462;0;;;;;0.427350427350;25;1;2
2021-06-26;2021-06-25;24;15.053574700000;2;6.393855900000;0;0;0;0.733118971061;0;;;;;0.398230088495;20;1;2
2021-06-27;2021-06-26;29;15.006853500000;2;6.532852800000;0;0;0;0.785632839224;0;;;;;0.411214953271;25;1;2
2021-06-28;2021-06-27;32;15.165705600000;2;6.162194500000;0;0;0;0.883482714468;3;;;;;0.413461538461;25;1;2
2021-06-29;2021-06-28;35;14.941443800000;2;5.837868400000;0;0;0;0.953764861294;6;;;;;0.411764705882;25;1;2
2021-06-30;2021-06-29;41;14.455543200000;2;5.281881000000;0;0;0;1.100574712643;12;;;;;0.400000000000;25;1;2
2021-07-01;2021-06-30;34;14.530297100000;2;4.447899800000;0;0;0;1.166666666666;12;;;;;0.383838383838;20;0;0
2021-07-02;2021-07-01;37;14.614395300000;2;4.308902900000;0;0;0;1.259796806966;15;;;;;0.379746835443;20;0;0
2021-07-03;2021-07-02;47;14.801280100000;2;3.660250800000;0;0;0;1.304347826086;18;;;;;0.410958904109;25;1;2
2021-07-04;2021-07-03;47;15.380623200000;2;3.752915400000;0;0;0;1.325484764542;18;;;;;0.415384615384;25;1;2
2021-07-05;2021-07-04;47;15.857179600000;2;3.845580000000;0;0;0;1.314621409921;18;;;;;0.439393939393;25;1;2
2021-07-06;2021-07-05;42;15.959966200000;2;3.335924800000;0;0;0;1.235588972431;15;;;;;0.400000000000;25;0;0
2021-07-07;2021-07-06;31;15.941277700000;2;2.594608200000;0;0;0;1.082949308755;9;;;;;0.396226415094;20;0;0
2021-07-08;2021-07-07;44;17.567175900000;2;2.826269600000;0;0;0;1.202222222222;15;;;;;0.425925925925;25;1;2
2021-07-09;2021-07-08;44;18.996845100000;2;3.011598800000;0;0;0;1.217345872518;15;;;;;0.425925925925;25;1;2
2021-07-10;2021-07-09;49;20.426514200000;2;3.243260200000;0;0;0;1.277060575968;15;;;;;0.471698113207;30;1;2
2021-07-11;2021-07-10;47;21.258151800000;2;3.243260200000;0;0;0;1.336713995943;18;;;;;0.444444444444;25;1;2
2021-07-12;2021-07-11;48;22.089789300000;2;3.382257100000;0;0;0;1.443617021276;21;;;;;0.438596491228;25;0;0
2021-07-13;2021-07-12;49;22.958803900000;2;3.891912300000;0;1;2;1.359519408502;18;;;;;0.431034482758;25;1;2
2021-07-14;2021-07-13;52;24.500603900000;2;4.262570600000;0;1;2;1.443776824034;21;;;;;0.446428571428;25;1;2
2021-07-15;2021-07-14;53;25.659290000000;4;4.679561200000;0;1;2;1.293934681181;15;;;;;0.490196078431;30;1;2
2021-07-16;2021-07-15;53;26.210600300000;4;4.679561200000;0;1;2;1.244309559939;15;;;;;0.471698113207;30;1;2
2021-07-17;2021-07-16;48;26.920762700000;4;5.003887200000;0;1;2;1.175386882829;12;;;;;0.456140350877;30;0;0
2021-07-18;2021-07-17;43;27.593548200000;4;5.096551800000;0;1;2;1.111488783140;12;;;;;0.440677966101;25;0;0
2021-07-19;2021-07-18;37;27.668302100000;4;5.003887200000;0;1;2;0.953626634958;6;;;;;0.413793103448;25;0;0
2021-07-20;2021-07-19;37;28.499939700000;4;5.328213300000;0;1;2;0.948918269230;6;;;;;0.409090909090;25;0;0
2021-07-21;2021-07-20;37;30.275345800000;4;5.698871600000;0;1;2;0.950000000000;6;;;;;0.408450704225;25;0;0
2021-07-22;2021-07-21;28;29.826822200000;4;5.606207000000;0;1;2;0.957993730407;6;;;;;0.347826086956;16;0;0
2021-07-23;2021-07-22;28;29.312888800000;4;5.513542400000;0;1;2;0.915596330275;6;;;;;0.323943661971;16;0;0
2021-07-24;2021-07-23;22;28.415841500000;4;5.606207000000;0;1;2;0.901496259351;6;;;;;0.281690140845;10;0;0
2021-07-25;2021-07-24;19;28.116825800000;4;5.652539300000;0;1;2;0.870170994300;3;;;;;0.270270270270;10;0;0
2021-07-26;2021-07-25;19;27.490761500000;4;5.559874700000;0;1;2;0.858793324775;3;;;;;0.272727272727;10;0;0
2021-07-27;2021-07-26;19;27.060926400000;4;5.374545500000;0;1;2;0.861910994764;3;;;;;0.277108433734;10;0;0
2021-07-28;2021-07-27;20;26.416173600000;4;5.142884100000;0;0;0;0.847695390781;3;;;;;0.290697674418;13;0;0
2021-07-29;2021-07-28;20;25.771420900000;4;4.911222600000;0;0;0;0.850622406639;3;;;;;0.295454545454;13;0;0
2021-07-30;2021-07-29;28;25.575191800000;4;5.235548700000;0;0;0;0.902474526928;6;;;;;0.344086021505;16;1;2
2021-07-31;2021-07-30;27;24.622079100000;2;5.003887200000;0;0;0;0.888639760837;3;;;;;0.351648351648;20;1;2
2021-08-01;2021-07-31;23;23.855851200000;2;4.772225800000;0;0;0;0.895216400911;3;;;;;0.347826086956;16;1;2
2021-08-02;2021-08-01;30;23.491425700000;2;4.725893500000;0;0;0;0.926713947990;6;;;;;0.361702127659;20;1;2
2021-08-03;2021-08-02;26;22.865361500000;2;4.911222600000;0;0;0;0.918699186991;6;;;;;0.344086021505;16;1;2
2021-08-04;2021-08-03;23;22.276674200000;2;4.957554900000;0;0;0;0.899193548387;3;;;;;0.340659340659;16;1;2
2021-08-05;2021-08-04;30;22.061756600000;2;4.864890400000;0;0;0;0.951219512195;6;;;;;0.350515463917;20;1;2
2021-08-06;2021-08-05;30;21.781429300000;2;4.911222600000;0;0;0;0.925360474978;6;;;;;0.361702127659;20;1;2
2021-08-07;2021-08-06;30;21.631921500000;2;4.957554900000;0;0;0;0.957482993197;6;;;;;0.387755102040;20;1;2
2021-08-08;2021-08-07;40;21.902904500000;2;4.864890400000;0;1;2;1.030973451327;9;;;;;0.408163265306;25;1;2
2021-08-09;2021-08-08;40;22.145854800000;2;4.957554900000;0;1;2;1.070852017937;9;;;;;0.413043478260;25;1;2
2021-08-10;2021-08-09;38;21.865527500000;2;4.772225800000;0;0;0;1.069849690539;9;;;;;0.435294117647;25;1;2
2021-08-11;2021-08-10;41;21.940281500000;2;4.772225800000;0;0;0;1.130155820348;12;;;;;0.415730337078;25;1;2
2021-08-12;2021-08-11;43;22.183231800000;2;5.050219500000;0;1;2;1.103907637655;12;;;;;0.449438202247;25;1;2
2021-08-13;2021-08-12;38;22.052412400000;2;4.772225800000;0;0;0;1.089270386266;9;;;;;0.445783132530;25;1;2
2021-08-14;2021-08-13;40;22.781263300000;2;5.003887200000;0;1;2;1.098827470686;9;;;;;0.411764705882;25;1;2
2021-08-15;2021-08-14;40;23.033557800000;2;5.050219500000;0;1;2;1.074380165289;9;;;;;0.426966292134;25;1;2
2021-08-16;2021-08-15;40;23.033557800000;2;5.142884100000;0;1;2;1.030819140308;9;;;;;0.422222222222;25;1;2
2021-08-17;2021-08-16;38;23.622245100000;2;5.142884100000;0;1;2;1.060337892196;9;;;;;0.428571428571;25;0;0
2021-08-18;2021-08-17;38;24.210932400000;2;5.513542400000;0;1;2;1.070133963750;9;;;;;0.410526315789;25;0;0
2021-08-19;2021-08-18;38;24.210932400000;2;5.745203900000;0;1;2;1.027439024390;9;;;;;0.434782608695;25;0;0
2021-08-20;2021-08-19;38;24.220276600000;2;5.606207000000;0;1;2;1.017692307692;9;;;;;0.424242424242;25;0;0
2021-08-21;2021-08-20;38;24.192243900000;2;5.513542400000;0;1;2;1.004720692368;9;;;;;0.410000000000;25;0;0
2021-08-22;2021-08-21;35;23.996014800000;2;5.745203900000;0;1;2;0.962063732928;6;;;;;0.410000000000;25;0;0
2021-08-23;2021-08-22;37;24.005359100000;2;5.837868400000;0;1;2;0.955817378497;6;;;;;0.423076923076;25;1;2
2021-08-24;2021-08-23;35;24.397817200000;2;5.745203900000;0;1;2;0.959198813056;6;;;;;0.409523809523;25;0;0
2021-08-25;2021-08-24;30;24.285686300000;2;6.162194500000;0;1;2;0.938019652305;6;;;;;0.385321100917;20;0;0
2021-08-26;2021-08-25;33;24.537980900000;2;6.440188200000;0;1;2;1.000783085356;9;;;;;0.357142857142;20;0;0
2021-08-27;2021-08-26;29;24.734210000000;2;6.579185100000;0;1;2;1.044164037854;9;;;;;0.342105263157;16;0;0
2021-08-28;2021-08-27;33;24.416505700000;2;6.579185100000;0;1;2;1.029275808936;9;;;;;0.373913043478;20;0;0
2021-08-29;2021-08-28;33;24.332407500000;2;6.718181900000;0;1;2;1.033255993812;9;;;;;0.360360360360;20;0;0
2021-08-30;2021-08-29;29;24.369784500000;2;6.625517400000;0;1;2;1.055600322320;9;;;;;0.348623853211;16;0;0
2021-08-31;2021-08-30;29;24.612734800000;2;6.625517400000;0;1;2;1.049295774647;9;;;;;0.349514563106;16;0;0
2021-09-01;2021-08-31;33;24.491259700000;2;6.532852800000;0;1;2;1.042296072507;9;;;;;0.361904761904;20;0;0
2021-09-02;2021-09-01;35;24.995848800000;2;7.135172600000;0;1;2;1.045658682634;9;;;;;0.378378378378;20;1;2
2021-09-03;2021-09-02;40;26.304042700000;4;7.783824600000;0;1;2;1.116017964071;12;;;;;0.387387387387;20;1;2
2021-09-04;2021-09-03;48;27.584204000000;4;8.803135000000;0;1;2;1.233587786259;15;;;;;0.417391304347;25;1;2
2021-09-05;2021-09-04;48;28.266333700000;4;9.081128700000;0;1;2;1.259507829977;15;;;;;0.422413793103;25;1;2
2021-09-06;2021-09-05;48;28.574693700000;4;9.312790200000;0;1;2;1.266666666666;15;;;;;0.408333333333;25;1;2
2021-09-07;2021-09-06;53;30.266001600000;4;10.100439100000;2;1;2;1.358625626342;18;;;;;0.410852713178;25;1;2
2021-09-08;2021-09-07;61;33.396322800000;4;10.980752600000;2;1;2;1.471495640509;21;;;;;0.450381679389;30;1;2
2021-09-09;2021-09-08;56;34.657795600000;4;11.258746300000;2;1;2;1.430693069306;21;;;;;0.426470588235;25;1;2
2021-09-10;2021-09-09;56;36.592053800000;4;11.861066100000;2;1;2;1.435760805210;21;;;;;0.434482758620;25;1;2
2021-09-11;2021-09-10;56;39.040245300000;4;13.019373300000;2;1;2;1.465675057208;21;;;;;0.437086092715;25;1;2
2021-09-12;2021-09-11;53;40.133521700000;4;13.251034800000;2;1;2;1.373024236037;18;;;;;0.436708860759;25;1;2
2021-09-13;2021-09-12;47;40.647455000000;4;13.436363900000;2;1;2;1.185961713764;12;;;;;0.418604651162;25;1;2
2021-09-14;2021-09-13;47;42.974171400000;4;14.826332600000;2;1;2;1.168252595155;12;;;;;0.436548223350;25;1;2
2021-09-15;2021-09-14;45;45.469084200000;4;16.401630500000;2;1;2;1.101855670103;12;;;;;0.441314553990;25;0;0
2021-09-16;2021-09-15;44;47.879898800000;4;16.586959600000;2;1;2;1.097580015612;9;;;;;0.446511627906;25;1;2
2021-09-17;2021-09-16;50;50.206615200000;7;17.328276300000;2;1;2;1.131235610130;12;;;;;0.441964285714;25;1;2
2021-09-18;2021-09-17;55;51.440055200000;7;18.115925200000;2;1;2;1.131053036126;12;;;;;0.452282157676;30;1;2
2021-09-19;2021-09-18;55;52.327758200000;7;18.162257500000;2;1;2;1.108478341355;12;;;;;0.452674897119;30;1;2
2021-09-20;2021-09-19;55;52.748249100000;7;18.532915800000;2;1;2;1.138847305389;12;;;;;0.453441295546;30;1;2
2021-09-21;2021-09-20;52;53.570542500000;7;19.042571000000;2;1;2;1.078236130867;9;;;;;0.466403162055;30;1;2
2021-09-22;2021-09-21;52;53.692017600000;7;19.413229300000;https://onemocneni-aktualne.mzcr.cz/pes;1;2;1.042740841248;9;;;;;0.451737451737;30;1;2
2021-09-23;2021-09-22;52;55.018900100000;7;20.154545900000;2;1;2;1.045191980971;9;;;;;0.465384615384;30;1;2
2021-09-24;2021-09-23;52;55.635620100000;7;20.247210500000;2;1;2;1.004008016032;9;;;;;0.465909090909;30;1;2
2021-09-25;2021-09-24;52;56.149553400000;7;20.432539700000;2;1;2;1.007558330594;9;;;;;0.472924187725;30;1;2
2021-09-26;2021-09-25;52;57.672665000000;7;21.266520900000;2;1;2;1.048153034300;9;;;;;0.477192982456;30;1;2
2021-09-27;2021-09-26;52;58.728564400000;7;21.822508400000;2;1;2;1.054651919323;9;;;;;0.496478873239;30;1;2
2021-09-28;2021-09-27;55;60.410528000000;7;22.471160400000;2;1;2;1.116059817945;12;;;;;0.501730103806;30;1;2
2021-09-29;2021-09-28;55;59.653644400000;7;21.451850000000;2;1;2;1.101131071190;12;;;;;0.496428571428;30;1;2
2021-09-30;2021-09-29;55;61.634623800000;7;22.471160400000;2;1;2;1.148075668623;12;;;;;0.491638795986;30;1;2
2021-10-01;2021-09-30;58;65.007895400000;7;24.324452000000;2;1;2;1.243234738829;15;;;;;0.504823151125;30;1;2
2021-10-02;2021-10-01;63;68.605428700000;7;25.992414400000;4;1;2;1.318938926588;18;;;;;0.475728155339;30;1;2
2021-10-03;2021-10-02;58;70.941489400000;7;27.614044600000;4;1;2;1.285755898630;15;;;;;0.463414634146;30;0;0
2021-10-04;2021-10-03;61;72.156240900000;7;28.170032000000;4;1;2;1.353474320241;18;;;;;0.469026548672;30;0;0
2021-10-05;2021-10-04;61;75.137054300000;7;29.606333000000;4;1;2;1.309090909090;18;;;;;0.455284552845;30;0;0
2021-10-06;2021-10-05;61;79.921306500000;7;32.664264100000;4;1;2;1.327005821311;18;;;;;0.482051282051;30;0;0
2021-10-07;2021-10-06;58;84.808345300000;7;36.000189000000;4;1;2;1.299345182413;15;;;;;0.487119437939;30;0;0
2021-10-08;2021-10-07;58;89.508499300000;7;39.382446100000;4;1;2;1.275033982782;15;;;;;0.482062780269;30;0;0
2021-10-09;2021-10-08;58;94.348817000000;7;42.208715800000;4;1;2;1.299330357142;15;;;;;0.475583864118;30;0;0
2021-10-10;2021-10-09;60;96.703566100000;7;42.486709500000;4;1;2;1.287977430555;15;;;;;0.473903966597;30;1;2
2021-10-11;2021-10-10;57;97.516515200000;7;42.764703300000;4;1;2;1.135990844936;12;;;;;0.470707070707;30;1;2
2021-10-12;2021-10-11;57;103.786501900000;7;45.220314600000;4;1;2;1.169726421886;12;;;;;0.476370510396;30;1;2
2021-10-13;2021-10-12;60;113.448448700000;7;49.297556100000;4;1;2;1.225657427149;15;;;;;0.484265734265;30;1;2
2021-10-14;2021-10-13;64;120.624827000000;10;53.004139300000;7;1;2;1.263185019756;15;;;;;0.469899665551;30;0;0
2021-10-15;2021-10-14;67;126.436945900000;10;55.042760000000;7;1;2;1.331592249368;18;;;;;0.473515248796;30;0;0
2021-10-16;2021-10-15;70;135.454139900000;10;59.768653600000;7;1;2;1.456514439220;21;;;;;0.461187214611;30;0;0
2021-10-17;2021-10-16;70;141.116750900000;10;61.899938900000;7;1;2;1.410524696107;21;;;;;0.459214501510;30;0;0
