TIME,DT,VALUE,QUALITY
AVG,2020-01-01,1.2,0.0
AVG,2020-01-02,-4.0,0.0
AVG,2020-01-03,3.5,0.0
AVG,2020-01-04,4.4,0.0
AVG,2020-01-05,1.5,0.0
AVG,2020-01-06,1.0,0.0
AVG,2020-01-07,2.1,0.0
AVG,2020-01-08,4.5,0.0
AVG,2020-01-09,7.3,0.0
AVG,2020-01-10,8.3,0.0
AVG,2020-01-11,3.1,0.0
AVG,2020-01-12,2.6,0.0
AVG,2020-01-13,4.4,0.0
AVG,2020-01-14,3.5,0.0
AVG,2020-01-15,1.2,0.0
AVG,2020-01-16,2.3,0.0
AVG,2020-01-17,0.8,0.0
AVG,2020-01-18,2.6,0.0
AVG,2020-01-19,2.9,0.0
AVG,2020-01-20,2.9,0.0
AVG,2020-01-21,-1.8,0.0
AVG,2020-01-22,1.4,0.0
AVG,2020-01-23,1.5,0.0
AVG,2020-01-24,-0.7,0.0
AVG,2020-01-25,0.3,0.0
AVG,2020-01-26,0.4,0.0
AVG,2020-01-27,4.2,0.0
AVG,2020-01-28,4.9,0.0
AVG,2020-01-29,3.3,0.0
AVG,2020-01-30,5.0,0.0
AVG,2020-01-31,11.9,0.0
AVG,2020-02-01,11.8,0.0
AVG,2020-02-02,10.2,0.0
AVG,2020-02-03,9.5,0.0
AVG,2020-02-04,3.8,0.0
AVG,2020-02-05,1.7,0.0
AVG,2020-02-06,2.4,0.0
AVG,2020-02-07,4.9,0.0
AVG,2020-02-08,3.2,0.0
AVG,2020-02-09,7.1,0.0
AVG,2020-02-10,7.8,0.0
AVG,2020-02-11,4.5,0.0
AVG,2020-02-12,2.9,0.0
AVG,2020-02-13,4.1,0.0
AVG,2020-02-14,6.8,0.0
AVG,2020-02-15,5.4,0.0
AVG,2020-02-16,9.6,0.0
AVG,2020-02-17,10.3,0.0
AVG,2020-02-18,6.5,0.0
AVG,2020-02-19,5.1,0.0
AVG,2020-02-20,5.2,0.0
AVG,2020-02-21,4.2,0.0
AVG,2020-02-22,9.7,0.0
AVG,2020-02-23,11.7,0.0
AVG,2020-02-24,5.7,0.0
AVG,2020-02-25,8.9,0.0
AVG,2020-02-26,4.7,0.0
AVG,2020-02-27,4.2,0.0
AVG,2020-02-28,2.8,0.0
AVG,2020-02-29,5.4,0.0
AVG,2020-03-01,8.2,0.0
AVG,2020-03-02,8.3,0.0
AVG,2020-03-03,4.9,0.0
AVG,2020-03-04,4.5,0.0
AVG,2020-03-05,6.7,0.0
AVG,2020-03-06,6.9,0.0
AVG,2020-03-07,4.8,0.0
AVG,2020-03-08,6.6,0.0
AVG,2020-03-09,6.7,0.0
AVG,2020-03-10,6.1,0.0
AVG,2020-03-11,9.8,0.0
AVG,2020-03-12,12.1,0.0
AVG,2020-03-13,7.6,0.0
AVG,2020-03-14,5.2,0.0
AVG,2020-03-15,5.0,0.0
AVG,2020-03-16,8.0,0.0
AVG,2020-03-17,10.1,0.0
AVG,2020-03-18,10.8,0.0
AVG,2020-03-19,11.7,0.0
AVG,2020-03-20,10.1,0.0
AVG,2020-03-21,3.3,0.0
AVG,2020-03-22,0.1,0.0
AVG,2020-03-23,0.8,0.0
AVG,2020-03-24,2.2,0.0
AVG,2020-03-25,2.5,0.0
AVG,2020-03-26,4.9,0.0
AVG,2020-03-27,11.7,0.0
AVG,2020-03-28,9.4,0.0
AVG,2020-03-29,4.2,0.0
AVG,2020-03-30,2.1,0.0
AVG,2020-03-31,1.4,0.0
AVG,2020-04-01,3.3,0.0
AVG,2020-04-02,6.8,0.0
AVG,2020-04-03,6.8,0.0
AVG,2020-04-04,9.3,0.0
AVG,2020-04-05,9.9,0.0
AVG,2020-04-06,14.3,0.0
AVG,2020-04-07,14.7,0.0
AVG,2020-04-08,14.8,0.0
AVG,2020-04-09,14.4,0.0
AVG,2020-04-10,13.1,0.0
AVG,2020-04-11,12.4,0.0
AVG,2020-04-12,15.0,0.0
AVG,2020-04-13,8.5,0.0
AVG,2020-04-14,5.0,0.0
AVG,2020-04-15,10.4,0.0
AVG,2020-04-16,15.6,0.0
AVG,2020-04-17,15.1,0.0
AVG,2020-04-18,15.2,0.0
AVG,2020-04-19,11.2,0.0
AVG,2020-04-20,10.7,0.0
AVG,2020-04-21,12.0,0.0
AVG,2020-04-22,12.7,0.0
AVG,2020-04-23,15.0,0.0
AVG,2020-04-24,16.0,0.0
AVG,2020-04-25,9.6,0.0
AVG,2020-04-26,11.8,0.0
AVG,2020-04-27,15.9,0.0
AVG,2020-04-28,18.5,0.0
AVG,2020-04-29,13.4,0.0
AVG,2020-04-30,15.5,0.0
AVG,2020-05-01,13.1,0.0
AVG,2020-05-02,10.6,0.0
AVG,2020-05-03,11.7,0.0
AVG,2020-05-04,11.7,0.0
AVG,2020-05-05,8.5,0.0
AVG,2020-05-06,10.9,0.0
AVG,2020-05-07,13.7,0.0
AVG,2020-05-08,17.2,0.0
AVG,2020-05-09,17.4,0.0
AVG,2020-05-10,18.1,0.0
AVG,2020-05-11,7.6,0.0
AVG,2020-05-12,8.5,0.0
AVG,2020-05-13,9.6,0.0
AVG,2020-05-14,11.3,0.0
AVG,2020-05-15,11.9,0.0
AVG,2020-05-16,13.7,0.0
AVG,2020-05-17,15.3,0.0
AVG,2020-05-18,17.5,0.0
AVG,2020-05-19,18.7,0.0
AVG,2020-05-20,15.9,0.0
AVG,2020-05-21,15.7,0.0
AVG,2020-05-22,15.9,0.0
AVG,2020-05-23,14.0,0.0
AVG,2020-05-24,13.8,0.0
AVG,2020-05-25,11.6,0.0
AVG,2020-05-26,14.3,0.0
AVG,2020-05-27,16.5,0.0
AVG,2020-05-28,12.6,0.0
AVG,2020-05-29,15.0,0.0
AVG,2020-05-30,14.1,0.0
AVG,2020-05-31,13.7,0.0
AVG,2020-06-01,18.5,0.0
AVG,2020-06-02,16.5,0.0
AVG,2020-06-03,18.0,0.0
AVG,2020-06-04,15.4,0.0
AVG,2020-06-05,14.5,0.0
AVG,2020-06-06,15.2,0.0
AVG,2020-06-07,13.9,0.0
AVG,2020-06-08,15.7,0.0
AVG,2020-06-09,17.4,0.0
AVG,2020-06-10,14.7,0.0
AVG,2020-06-11,18.3,0.0
AVG,2020-06-12,21.7,0.0
AVG,2020-06-13,21.6,0.0
AVG,2020-06-14,18.7,0.0
AVG,2020-06-15,21.5,0.0
AVG,2020-06-16,21.8,0.0
AVG,2020-06-17,21.5,0.0
AVG,2020-06-18,17.1,0.0
AVG,2020-06-19,16.3,0.0
AVG,2020-06-20,16.1,0.0
AVG,2020-06-21,18.6,0.0
AVG,2020-06-22,21.3,0.0
AVG,2020-06-23,20.5,0.0
AVG,2020-06-24,16.6,0.0
AVG,2020-06-25,20.9,0.0
AVG,2020-06-26,20.8,0.0
AVG,2020-06-27,22.2,0.0
AVG,2020-06-28,25.0,0.0
AVG,2020-06-29,18.2,0.0
AVG,2020-06-30,20.9,0.0
AVG,2020-07-01,25.2,0.0
AVG,2020-07-02,20.2,0.0
AVG,2020-07-03,20.8,0.0
AVG,2020-07-04,21.3,0.0
AVG,2020-07-05,23.5,0.0
AVG,2020-07-06,19.7,0.0
AVG,2020-07-07,17.4,0.0
AVG,2020-07-08,15.0,0.0
AVG,2020-07-09,20.7,0.0
AVG,2020-07-10,24.9,0.0
AVG,2020-07-11,16.6,0.0
AVG,2020-07-12,17.8,0.0
AVG,2020-07-13,18.5,0.0
AVG,2020-07-14,20.7,0.0
AVG,2020-07-15,18.2,0.0
AVG,2020-07-16,16.1,0.0
AVG,2020-07-17,16.6,0.0
AVG,2020-07-18,18.5,0.0
AVG,2020-07-19,21.8,0.0
AVG,2020-07-20,23.3,0.0
AVG,2020-07-21,21.2,0.0
AVG,2020-07-22,20.8,0.0
AVG,2020-07-23,20.7,0.0
AVG,2020-07-24,22.5,0.0
AVG,2020-07-25,23.4,0.0
AVG,2020-07-26,19.7,0.0
AVG,2020-07-27,23.6,0.0
AVG,2020-07-28,26.3,0.0
AVG,2020-07-29,23.6,0.0
AVG,2020-07-30,23.4,0.0
AVG,2020-07-31,23.8,0.0
AVG,2020-08-01,24.8,0.0
AVG,2020-08-02,20.2,0.0
AVG,2020-08-03,17.5,0.0
AVG,2020-08-04,15.3,0.0
AVG,2020-08-05,19.6,0.0
AVG,2020-08-06,22.2,0.0
AVG,2020-08-07,25.8,0.0
AVG,2020-08-08,26.1,0.0
AVG,2020-08-09,27.1,0.0
AVG,2020-08-10,22.1,0.0
AVG,2020-08-11,23.7,0.0
AVG,2020-08-12,25.1,0.0
AVG,2020-08-13,26.8,0.0
AVG,2020-08-14,21.9,0.0
AVG,2020-08-15,22.3,0.0
AVG,2020-08-16,23.8,0.0
AVG,2020-08-17,21.0,0.0
AVG,2020-08-18,20.6,0.0
AVG,2020-08-19,21.1,0.0
AVG,2020-08-20,23.6,0.0
AVG,2020-08-21,27.8,0.0
AVG,2020-08-22,21.2,0.0
AVG,2020-08-23,19.3,0.0
AVG,2020-08-24,19.0,0.0
AVG,2020-08-25,19.2,0.0
AVG,2020-08-26,21.9,0.0
AVG,2020-08-27,18.3,0.0
AVG,2020-08-28,17.6,0.0
AVG,2020-08-29,17.3,0.0
AVG,2020-08-30,17.3,0.0
AVG,2020-08-31,16.2,0.0
AVG,2020-09-01,14.3,0.0
AVG,2020-09-02,14.8,0.0
AVG,2020-09-03,17.0,0.0
AVG,2020-09-04,22.0,0.0
AVG,2020-09-05,18.4,0.0
AVG,2020-09-06,16.8,0.0
AVG,2020-09-07,15.9,0.0
AVG,2020-09-08,17.5,0.0
AVG,2020-09-09,20.3,0.0
AVG,2020-09-10,17.8,0.0
AVG,2020-09-11,17.2,0.0
AVG,2020-09-12,19.5,0.0
AVG,2020-09-13,20.9,0.0
AVG,2020-09-14,22.4,0.0
AVG,2020-09-15,23.9,0.0
AVG,2020-09-16,23.0,0.0
AVG,2020-09-17,16.9,0.0
AVG,2020-09-18,14.3,0.0
AVG,2020-09-19,15.2,0.0
AVG,2020-09-20,17.2,0.0
AVG,2020-09-21,18.1,0.0
AVG,2020-09-22,19.7,0.0
AVG,2020-09-23,18.1,0.0
AVG,2020-09-24,17.9,0.0
AVG,2020-09-25,12.6,0.0
AVG,2020-09-26,7.7,0.0
AVG,2020-09-27,9.9,0.0
AVG,2020-09-28,8.8,0.0
AVG,2020-09-29,11.7,0.0
AVG,2020-09-30,12.3,0.0
AVG,2020-10-01,12.4,0.0
AVG,2020-10-02,14.9,0.0
AVG,2020-10-03,16.9,0.0
AVG,2020-10-04,14.0,0.0
AVG,2020-10-05,11.6,0.0
AVG,2020-10-06,13.4,0.0
AVG,2020-10-07,13.0,0.0
AVG,2020-10-08,13.5,0.0
AVG,2020-10-09,15.7,0.0
AVG,2020-10-10,10.4,0.0
AVG,2020-10-11,6.9,0.0
AVG,2020-10-12,8.3,0.0
AVG,2020-10-13,7.3,0.0
AVG,2020-10-14,7.7,0.0
AVG,2020-10-15,10.1,0.0
AVG,2020-10-16,8.6,0.0
AVG,2020-10-17,7.6,0.0
AVG,2020-10-18,8.6,0.0
AVG,2020-10-19,9.2,0.0
AVG,2020-10-20,8.8,0.0
AVG,2020-10-21,10.2,0.0
AVG,2020-10-22,12.1,0.0
AVG,2020-10-23,13.4,0.0
AVG,2020-10-24,12.9,0.0
AVG,2020-10-25,11.2,0.0
AVG,2020-10-26,11.7,0.0
AVG,2020-10-27,8.0,0.0
AVG,2020-10-28,8.6,0.0
AVG,2020-10-29,7.3,0.0
AVG,2020-10-30,11.9,0.0
AVG,2020-10-31,12.0,0.0
AVG,2020-11-01,10.4,0.0
AVG,2020-11-02,16.3,0.0
AVG,2020-11-03,14.1,0.0
AVG,2020-11-04,9.5,0.0
AVG,2020-11-05,5.4,0.0
AVG,2020-11-06,4.0,0.0
AVG,2020-11-07,2.5,0.0
AVG,2020-11-08,2.8,0.0
AVG,2020-11-09,3.8,0.0
AVG,2020-11-10,4.9,0.0
AVG,2020-11-11,5.5,0.0
AVG,2020-11-12,6.7,0.0
AVG,2020-11-13,8.1,0.0
AVG,2020-11-14,10.2,0.0
AVG,2020-11-15,7.2,0.0
AVG,2020-11-16,8.9,0.0
AVG,2020-11-17,10.4,0.0
AVG,2020-11-18,9.1,0.0
AVG,2020-11-19,7.5,0.0
AVG,2020-11-20,4.4,0.0
AVG,2020-11-21,1.1,0.0
AVG,2020-11-22,4.7,0.0
AVG,2020-11-23,5.2,0.0
AVG,2020-11-24,0.3,0.0
AVG,2020-11-25,0.6,0.0
AVG,2020-11-26,0.2,0.0
AVG,2020-11-27,0.4,0.0
AVG,2020-11-28,1.7,0.0
AVG,2020-11-29,2.4,0.0
AVG,2020-11-30,0.6,0.0
AVG,2020-12-01,-0.1,0.0
AVG,2020-12-02,-1.4,0.0
AVG,2020-12-03,-1.3,0.0
AVG,2020-12-04,2.0,0.0
AVG,2020-12-05,6.5,0.0
AVG,2020-12-06,10.4,0.0
AVG,2020-12-07,7.6,0.0
AVG,2020-12-08,4.4,0.0
AVG,2020-12-09,5.8,0.0
AVG,2020-12-10,4.0,0.0
AVG,2020-12-11,3.1,0.0
AVG,2020-12-12,3.4,0.0
AVG,2020-12-13,5.0,0.0
AVG,2020-12-14,5.2,0.0
AVG,2020-12-15,3.7,0.0
AVG,2020-12-16,3.9,0.0
AVG,2020-12-17,3.1,0.0
AVG,2020-12-18,2.3,0.0
AVG,2020-12-19,1.8,0.0
AVG,2020-12-20,2.2,0.0
AVG,2020-12-21,3.2,0.0
AVG,2020-12-22,10.0,0.0
AVG,2020-12-23,11.1,0.0
AVG,2020-12-24,6.7,0.0
AVG,2020-12-25,2.2,0.0
AVG,2020-12-26,0.8,0.0
AVG,2020-12-27,-0.1,0.0
AVG,2020-12-28,1.5,0.0
AVG,2020-12-29,3.5,0.0
AVG,2020-12-30,1.2,0.0
AVG,2020-12-31,1.1,0.0
AVG,2021-01-01,-0.1,0.0
AVG,2021-01-02,-0.3,0.0
AVG,2021-01-03,3.0,0.0
AVG,2021-01-04,3.3,0.0
AVG,2021-01-05,1.7,0.0
AVG,2021-01-06,0.6,0.0
AVG,2021-01-07,0.3,0.0
AVG,2021-01-08,0.2,0.0
AVG,2021-01-09,0.7,0.0
AVG,2021-01-10,0.3,0.0
AVG,2021-01-11,-1.6,0.0
AVG,2021-01-12,1.0,0.0
AVG,2021-01-13,1.4,0.0
AVG,2021-01-14,0.3,0.0
AVG,2021-01-15,-0.7,0.0
AVG,2021-01-16,-4.2,0.0
AVG,2021-01-17,-2.8,0.0
AVG,2021-01-18,0.5,0.0
AVG,2021-01-19,2.9,0.0
AVG,2021-01-20,6.5,0.0
AVG,2021-01-21,4.3,0.0
AVG,2021-01-22,8.0,0.0
AVG,2021-01-23,2.8,0.0
AVG,2021-01-24,1.5,0.0
AVG,2021-01-25,1.1,0.0
AVG,2021-01-26,-0.1,0.0
AVG,2021-01-27,0.0,0.0
AVG,2021-01-28,2.0,0.0
AVG,2021-01-29,3.5,0.0
AVG,2021-01-30,0.7,0.0
AVG,2021-01-31,-2.4,0.0
AVG,2021-02-01,0.3,0.0
AVG,2021-02-02,5.5,0.0
AVG,2021-02-03,9.0,0.0
AVG,2021-02-04,7.0,0.0
AVG,2021-02-05,3.5,0.0
AVG,2021-02-06,-0.4,0.0
AVG,2021-02-07,-4.5,0.0
AVG,2021-02-08,-6.2,0.0
AVG,2021-02-09,-7.3,0.0
AVG,2021-02-10,-9.0,0.0
AVG,2021-02-11,-5.8,0.0
AVG,2021-02-12,-8.1,0.0
AVG,2021-02-13,-5.8,0.0
AVG,2021-02-14,-6.4,0.0
AVG,2021-02-15,-7.6,0.0
AVG,2021-02-16,0.8,0.0
AVG,2021-02-17,5.7,0.0
AVG,2021-02-18,7.0,0.0
AVG,2021-02-19,6.1,0.0
AVG,2021-02-20,5.2,0.0
AVG,2021-02-21,3.6,0.0
AVG,2021-02-22,4.7,0.0
AVG,2021-02-23,2.8,0.0
AVG,2021-02-24,4.7,0.0
AVG,2021-02-25,6.4,0.0
AVG,2021-02-26,4.9,0.0
AVG,2021-02-27,4.1,0.0
AVG,2021-02-28,5.3,0.0
AVG,2021-03-01,2.4,0.0
AVG,2021-03-02,1.2,0.0
AVG,2021-03-03,1.9,0.0
AVG,2021-03-04,6.7,0.0
AVG,2021-03-05,1.5,0.0
AVG,2021-03-06,1.0,0.0
AVG,2021-03-07,1.9,0.0
AVG,2021-03-08,1.9,0.0
AVG,2021-03-09,0.4,0.0
AVG,2021-03-10,1.8,0.0
AVG,2021-03-11,8.2,0.0
AVG,2021-03-12,6.0,0.0
AVG,2021-03-13,7.2,0.0
AVG,2021-03-14,4.3,0.0
AVG,2021-03-15,3.8,0.0
AVG,2021-03-16,3.9,0.0
AVG,2021-03-17,2.4,0.0
AVG,2021-03-18,3.4,0.0
AVG,2021-03-19,0.7,0.0
AVG,2021-03-20,-1.9,0.0
AVG,2021-03-21,3.2,0.0
AVG,2021-03-22,4.3,0.0
AVG,2021-03-23,5.0,0.0
AVG,2021-03-24,7.7,0.0
AVG,2021-03-25,9.8,0.0
AVG,2021-03-26,11.6,0.0
AVG,2021-03-27,6.7,0.0
AVG,2021-03-28,7.3,0.0
AVG,2021-03-29,13.5,0.0
AVG,2021-03-30,14.7,0.0
AVG,2021-03-31,16.0,0.0
AVG,2021-04-01,15.1,0.0
AVG,2021-04-02,6.9,0.0
AVG,2021-04-03,4.9,0.0
AVG,2021-04-04,6.2,0.0
AVG,2021-04-05,4.9,0.0
AVG,2021-04-06,0.9,0.0
AVG,2021-04-07,2.8,0.0
AVG,2021-04-08,3.4,0.0
AVG,2021-04-09,8.6,0.0
AVG,2021-04-10,10.8,0.0
AVG,2021-04-11,13.7,0.0
AVG,2021-04-12,3.6,0.0
AVG,2021-04-13,4.8,0.0
AVG,2021-04-14,4.6,0.0
AVG,2021-04-15,2.3,0.0
AVG,2021-04-16,3.5,0.0
AVG,2021-04-17,4.2,0.0
AVG,2021-04-18,8.7,0.0
AVG,2021-04-19,8.5,0.0
AVG,2021-04-20,12.0,0.0
AVG,2021-04-21,10.6,0.0
AVG,2021-04-22,7.5,0.0
AVG,2021-04-23,8.2,0.0
AVG,2021-04-24,8.9,0.0
AVG,2021-04-25,7.6,0.0
AVG,2021-04-26,6.8,0.0
AVG,2021-04-27,8.7,0.0
AVG,2021-04-28,13.5,0.0
AVG,2021-04-29,13.6,0.0
AVG,2021-04-30,12.1,0.0
AVG,2021-05-01,10.8,0.0
AVG,2021-05-02,8.1,0.0
AVG,2021-05-03,8.9,0.0
AVG,2021-05-04,12.7,0.0
AVG,2021-05-05,8.7,0.0
AVG,2021-05-06,8.5,0.0
AVG,2021-05-07,7.1,0.0
AVG,2021-05-08,10.7,0.0
AVG,2021-05-09,18.7,0.0
AVG,2021-05-10,22.5,0.0
AVG,2021-05-11,22.9,0.0
AVG,2021-05-12,14.2,0.0
AVG,2021-05-13,10.1,0.0
AVG,2021-05-14,11.1,0.0
AVG,2021-05-15,13.1,0.0
AVG,2021-05-16,13.3,0.0
AVG,2021-05-17,12.4,0.0
AVG,2021-05-18,13.4,0.0
AVG,2021-05-19,12.2,0.0
AVG,2021-05-20,11.4,0.0
AVG,2021-05-21,13.7,0.0
AVG,2021-05-22,13.9,0.0
AVG,2021-05-23,12.4,0.0
AVG,2021-05-24,13.7,0.0
AVG,2021-05-25,10.7,0.0
AVG,2021-05-26,11.1,0.0
AVG,2021-05-27,12.1,0.0
AVG,2021-05-28,12.8,0.0
AVG,2021-05-29,12.3,0.0
AVG,2021-05-30,11.7,0.0
AVG,2021-05-31,15.5,0.0
AVG,2021-06-01,17.1,0.0
AVG,2021-06-02,18.8,0.0
AVG,2021-06-03,20.7,0.0
AVG,2021-06-04,23.2,0.0
AVG,2021-06-05,20.7,0.0
AVG,2021-06-06,20.8,0.0
AVG,2021-06-07,22.3,0.0
AVG,2021-06-08,22.8,0.0
AVG,2021-06-09,19.4,0.0
AVG,2021-06-10,19.2,0.0
AVG,2021-06-11,21.5,0.0
AVG,2021-06-12,19.8,0.0
AVG,2021-06-13,14.7,0.0
AVG,2021-06-14,19.3,0.0
AVG,2021-06-15,22.8,0.0
AVG,2021-06-16,24.5,0.0
AVG,2021-06-17,26.3,0.0
AVG,2021-06-18,26.8,0.0
AVG,2021-06-19,28.0,0.0
AVG,2021-06-20,28.3,0.0
AVG,2021-06-21,27.2,0.0
AVG,2021-06-22,18.4,0.0
AVG,2021-06-23,19.0,0.0
AVG,2021-06-24,21.0,0.0
AVG,2021-06-25,18.8,0.0
AVG,2021-06-26,20.6,0.0
AVG,2021-06-27,22.5,0.0
AVG,2021-06-28,23.7,0.0
AVG,2021-06-29,21.5,0.0
AVG,2021-06-30,19.0,0.0
AVG,2021-07-01,17.0,0.0
AVG,2021-07-02,15.6,0.0
AVG,2021-07-03,19.7,0.0
AVG,2021-07-04,20.8,0.0
AVG,2021-07-05,20.4,0.0
AVG,2021-07-06,25.0,0.0
AVG,2021-07-07,20.2,0.0
AVG,2021-07-08,19.7,0.0
AVG,2021-07-09,18.8,0.0
AVG,2021-07-10,20.7,0.0
AVG,2021-07-11,19.0,0.0
AVG,2021-07-12,20.3,0.0
AVG,2021-07-13,21.5,0.0
AVG,2021-07-14,18.5,0.0
AVG,2021-07-15,20.1,0.0
AVG,2021-07-16,22.5,0.0
AVG,2021-07-17,20.8,0.0
AVG,2021-07-18,22.0,0.0
AVG,2021-07-19,18.7,0.0
AVG,2021-07-20,16.9,0.0
AVG,2021-07-21,19.0,0.0
AVG,2021-07-22,20.3,0.0
AVG,2021-07-23,22.1,0.0
AVG,2021-07-24,23.4,0.0
AVG,2021-07-25,23.3,0.0
AVG,2021-07-26,22.0,0.0
AVG,2021-07-27,22.8,0.0
AVG,2021-07-28,19.3,0.0
AVG,2021-07-29,21.5,0.0
AVG,2021-07-30,22.3,0.0
AVG,2021-07-31,21.9,0.0
AVG,2021-08-01,15.8,0.0
AVG,2021-08-02,16.4,0.0
AVG,2021-08-03,17.3,0.0
AVG,2021-08-04,18.1,0.0
AVG,2021-08-05,16.2,0.0
AVG,2021-08-06,17.9,0.0
AVG,2021-08-07,18.2,0.0
AVG,2021-08-08,17.3,0.0
AVG,2021-08-09,19.4,0.0
AVG,2021-08-10,21.2,0.0
AVG,2021-08-11,20.8,0.0
AVG,2021-08-12,20.8,0.0
AVG,2021-08-13,24.3,0.0
AVG,2021-08-14,24.5,0.0
AVG,2021-08-15,24.7,0.0
AVG,2021-08-16,21.4,0.0
AVG,2021-08-17,14.7,0.0
AVG,2021-08-18,16.3,0.0
AVG,2021-08-19,18.5,0.0
AVG,2021-08-20,18.4,0.0
AVG,2021-08-21,20.0,0.0
AVG,2021-08-22,18.4,0.0
AVG,2021-08-23,15.5,0.0
AVG,2021-08-24,14.6,0.0
AVG,2021-08-25,16.9,0.0
AVG,2021-08-26,14.3,0.0
AVG,2021-08-27,12.7,0.0
AVG,2021-08-28,13.4,0.0
AVG,2021-08-29,13.7,0.0
AVG,2021-08-30,14.1,0.0
AVG,2021-08-31,14.5,0.0
AVG,2021-09-01,16.3,0.0
AVG,2021-09-02,17.2,0.0
AVG,2021-09-03,17.3,0.0
AVG,2021-09-04,18.2,0.0
AVG,2021-09-05,17.3,0.0
AVG,2021-09-06,18.7,0.0
AVG,2021-09-07,18.5,0.0
AVG,2021-09-08,19.1,0.0
AVG,2021-09-09,20.4,0.0
AVG,2021-09-10,20.1,0.0
AVG,2021-09-11,18.2,0.0
AVG,2021-09-12,18.1,0.0
AVG,2021-09-13,18.5,0.0
AVG,2021-09-14,19.4,0.0
AVG,2021-09-15,19.4,0.0
AVG,2021-09-16,18.0,0.0
AVG,2021-09-17,15.0,0.0
AVG,2021-09-18,14.7,0.0
AVG,2021-09-19,12.1,0.0
AVG,2021-09-20,11.9,0.0
AVG,2021-09-21,12.5,0.0
AVG,2021-09-22,13.2,0.0
AVG,2021-09-23,16.6,0.0
AVG,2021-09-24,15.9,0.0
AVG,2021-09-25,17.3,0.0
AVG,2021-09-26,18.3,0.0
AVG,2021-09-27,17.5,0.0
AVG,2021-09-28,16.0,0.0
AVG,2021-09-29,14.6,0.0
AVG,2021-09-30,10.3,0.0
AVG,2021-10-01,12.4,0.0
AVG,2021-10-02,15.1,0.0
AVG,2021-10-03,14.0,0.0
AVG,2021-10-04,14.6,0.0
AVG,2021-10-05,14.8,0.0
AVG,2021-10-06,12.5,0.0
AVG,2021-10-07,13.3,0.0
AVG,2021-10-08,11.7,0.0
AVG,2021-10-09,8.2,0.0
AVG,2021-10-10,6.2,0.0
AVG,2021-10-11,7.7,0.0
AVG,2021-10-12,7.8,0.0
AVG,2021-10-13,6.1,0.0
AVG,2021-10-14,8.0,0.0
AVG,2021-10-15,10.5,0.0
AVG,2021-10-16,7.5,0.0
AVG,2021-10-17,6.7,0.0
AVG,2021-10-18,10.3,0.0
AVG,2021-10-19,12.8,0.0
AVG,2021-10-20,17.1,0.0
AVG,2021-10-21,12.7,0.0
AVG,2021-10-22,8.5,0.0
AVG,2021-10-23,7.2,0.0
AVG,2021-10-24,5.9,0.0
AVG,2021-10-25,4.7,0.0
AVG,2021-10-26,8.7,0.0
AVG,2021-10-27,8.5,0.0
AVG,2021-10-28,8.5,0.0
AVG,2021-10-29,7.7,0.0
AVG,2021-10-30,7.8,0.0
AVG,2021-10-31,9.7,0.0
AVG,2021-11-01,7.1,0.0
AVG,2021-11-02,7.7,0.0
AVG,2021-11-03,7.5,0.0
AVG,2021-11-04,8.3,0.0
AVG,2021-11-05,6.5,0.0
AVG,2021-11-06,6.9,0.0
AVG,2021-11-07,5.6,0.0
AVG,2021-11-08,7.7,0.0
AVG,2021-11-09,6.4,0.0
AVG,2021-11-10,3.9,0.0
AVG,2021-11-11,4.6,0.0
AVG,2021-11-12,4.3,0.0
AVG,2021-11-13,4.8,0.0
AVG,2021-11-14,5.7,0.0
AVG,2021-11-15,4.7,0.0
AVG,2021-11-16,6.1,0.0
AVG,2021-11-17,4.9,0.0
AVG,2021-11-18,7.0,0.0
AVG,2021-11-19,8.2,0.0
AVG,2021-11-20,8.6,0.0
AVG,2021-11-21,4.6,0.0
AVG,2021-11-22,4.2,0.0
AVG,2021-11-23,3.2,0.0
AVG,2021-11-24,4.5,0.0
AVG,2021-11-25,1.5,0.0
AVG,2021-11-26,1.4,0.0
AVG,2021-11-27,2.0,0.0
AVG,2021-11-28,0.7,0.0
AVG,2021-11-29,1.0,0.0
AVG,2021-11-30,2.3,0.0
AVG,2021-12-01,7.1,0.0
AVG,2021-12-02,2.9,0.0
AVG,2021-12-03,-0.7,0.0
AVG,2021-12-04,0.2,0.0
AVG,2021-12-05,2.8,0.0
AVG,2021-12-06,0.2,0.0
AVG,2021-12-07,0.6,0.0
AVG,2021-12-08,-0.2,0.0
AVG,2021-12-09,-0.2,0.0
AVG,2021-12-10,-0.1,0.0
AVG,2021-12-11,0.8,0.0
AVG,2021-12-12,1.6,0.0
AVG,2021-12-13,5.2,0.0
AVG,2021-12-14,5.7,0.0
AVG,2021-12-15,6.2,0.0
AVG,2021-12-16,6.9,0.0
AVG,2021-12-17,4.5,0.0
AVG,2021-12-18,3.7,0.0
AVG,2021-12-19,5.0,0.0
AVG,2021-12-20,1.2,0.0
AVG,2021-12-21,-0.7,0.0
AVG,2021-12-22,-1.9,0.0
AVG,2021-12-23,-1.5,0.0
AVG,2021-12-24,7.4,0.0
AVG,2021-12-25,-2.3,0.0
AVG,2021-12-26,-5.2,0.0
AVG,2021-12-27,-1.3,0.0
AVG,2021-12-28,0.9,0.0
AVG,2021-12-29,5.3,0.0
AVG,2021-12-30,10.7,0.0
AVG,2021-12-31,12.1,0.0
AVG,2022-01-01,10.7,0.0
AVG,2022-01-02,7.8,0.0
AVG,2022-01-03,8.1,0.0
AVG,2022-01-04,6.8,0.0
AVG,2022-01-05,2.9,0.0
AVG,2022-01-06,-0.2,0.0
AVG,2022-01-07,-0.8,0.0
AVG,2022-01-08,0.8,0.0
AVG,2022-01-09,1.7,0.0
AVG,2022-01-10,2.0,0.0
AVG,2022-01-11,-1.8,0.0
AVG,2022-01-12,-1.2,0.0
AVG,2022-01-13,0.9,0.0
AVG,2022-01-14,4.0,0.0
AVG,2022-01-15,1.7,0.0
AVG,2022-01-16,-0.1,0.0
AVG,2022-01-17,3.1,0.0
AVG,2022-01-18,1.2,0.0
AVG,2022-01-19,1.8,0.0
AVG,2022-01-20,0.1,0.0
AVG,2022-01-21,-1.3,0.0
AVG,2022-01-22,1.9,0.0
AVG,2022-01-23,3.5,0.0
AVG,2022-01-24,3.2,0.0
AVG,2022-01-25,2.2,0.0
AVG,2022-01-26,0.9,0.0
AVG,2022-01-27,1.1,0.0
AVG,2022-01-28,3.3,0.0
AVG,2022-01-29,4.3,0.0
AVG,2022-01-30,4.8,0.0
AVG,2022-01-31,1.6,0.0
AVG,2022-02-01,2.0,0.0
AVG,2022-02-02,4.5,0.0
AVG,2022-02-03,4.5,0.0
AVG,2022-02-04,6.6,0.0
AVG,2022-02-05,3.4,0.0
AVG,2022-02-06,5.4,0.0
AVG,2022-02-07,3.4,0.0
AVG,2022-02-08,5.3,0.0
AVG,2022-02-09,7.0,0.0
AVG,2022-02-10,7.6,0.0
AVG,2022-02-11,4.5,0.0
AVG,2022-02-12,2.2,0.0
AVG,2022-02-13,3.6,0.0
AVG,2022-02-14,3.3,0.0
AVG,2022-02-15,5.6,0.0
AVG,2022-02-16,7.4,0.0
AVG,2022-02-17,8.6,0.0
AVG,2022-02-18,8.2,0.0
AVG,2022-02-19,5.7,0.0
AVG,2022-02-20,7.4,0.0
AVG,2022-02-21,7.1,0.0
AVG,2022-02-22,5.7,0.0
AVG,2022-02-23,6.4,0.0
AVG,2022-02-24,7.3,0.0
AVG,2022-02-25,3.6,0.0
AVG,2022-02-26,3.5,0.0
AVG,2022-02-27,3.0,0.0
AVG,2022-02-28,-0.1,0.0
AVG,2022-03-01,0.6,0.0
AVG,2022-03-02,0.6,0.0
AVG,2022-03-03,1.8,0.0
AVG,2022-03-04,0.6,0.0
AVG,2022-03-05,1.5,0.0
AVG,2022-03-06,-0.5,0.0
AVG,2022-03-07,1.8,0.0
AVG,2022-03-08,3.3,0.0
AVG,2022-03-09,4.8,0.0
AVG,2022-03-10,1.8,0.0
AVG,2022-03-11,1.0,0.0
AVG,2022-03-12,2.4,0.0
AVG,2022-03-13,5.1,0.0
AVG,2022-03-14,6.5,0.0
AVG,2022-03-15,6.3,0.0
AVG,2022-03-16,8.8,0.0
AVG,2022-03-17,8.9,0.0
AVG,2022-03-18,8.2,0.0
AVG,2022-03-19,5.2,0.0
AVG,2022-03-20,5.4,0.0
AVG,2022-03-21,6.9,0.0
AVG,2022-03-22,10.1,0.0
AVG,2022-03-23,10.3,0.0
AVG,2022-03-24,11.0,0.0
AVG,2022-03-25,9.8,0.0
AVG,2022-03-26,11.7,0.0
AVG,2022-03-27,12.0,0.0
AVG,2022-03-28,13.2,0.0
AVG,2022-03-29,9.8,0.0
AVG,2022-03-30,5.5,0.0
AVG,2022-03-31,3.9,0.0
AVG,2022-04-01,2.1,0.0
AVG,2022-04-02,2.5,0.0
AVG,2022-04-03,0.8,0.0
AVG,2022-04-04,2.4,0.0
AVG,2022-04-05,7.3,0.0
AVG,2022-04-06,11.2,0.0
AVG,2022-04-07,10.4,0.0
AVG,2022-04-08,6.5,0.0
AVG,2022-04-09,4.4,0.0
AVG,2022-04-10,4.5,0.0
AVG,2022-04-11,7.6,0.0
AVG,2022-04-12,11.1,0.0
AVG,2022-04-13,14.9,0.0
AVG,2022-04-14,15.4,0.0
AVG,2022-04-15,10.0,0.0
AVG,2022-04-16,7.1,0.0
AVG,2022-04-17,8.4,0.0
AVG,2022-04-18,9.4,0.0
AVG,2022-04-19,4.9,0.0
AVG,2022-04-20,5.2,0.0
AVG,2022-04-21,8.1,0.0
AVG,2022-04-22,9.5,0.0
AVG,2022-04-23,11.8,0.0
AVG,2022-04-24,8.6,0.0
AVG,2022-04-25,8.5,0.0
AVG,2022-04-26,10.3,0.0
AVG,2022-04-27,12.5,0.0
AVG,2022-04-28,13.4,0.0
AVG,2022-04-29,13.7,0.0
AVG,2022-04-30,13.0,0.0
AVG,2022-05-01,13.8,0.0
AVG,2022-05-02,15.1,0.0
AVG,2022-05-03,15.6,0.0
AVG,2022-05-04,17.2,0.0
AVG,2022-05-05,15.2,0.0
AVG,2022-05-06,15.8,0.0
AVG,2022-05-07,15.6,0.0
AVG,2022-05-08,16.4,0.0
AVG,2022-05-09,18.8,0.0
AVG,2022-05-10,18.7,0.0
AVG,2022-05-11,22.3,0.0
AVG,2022-05-12,20.4,0.0
AVG,2022-05-13,17.6,0.0
AVG,2022-05-14,17.7,0.0
AVG,2022-05-15,18.9,0.0
AVG,2022-05-16,19.4,0.0
AVG,2022-05-17,16.8,0.0
AVG,2022-05-18,18.4,0.0
AVG,2022-05-19,21.8,0.0
AVG,2022-05-20,21.7,0.0
AVG,2022-05-21,17.5,0.0
AVG,2022-05-22,17.6,0.0
AVG,2022-05-23,18.6,0.0
AVG,2022-05-24,16.7,0.0
AVG,2022-05-25,16.3,0.0
AVG,2022-05-26,17.0,0.0
AVG,2022-05-27,13.9,0.0
AVG,2022-05-28,12.7,0.0
AVG,2022-05-29,10.4,0.0
AVG,2022-05-30,13.2,0.0
AVG,2022-05-31,15.9,0.0
AVG,2022-06-01,18.3,0.0
AVG,2022-06-02,18.0,0.0
AVG,2022-06-03,22.3,0.0
AVG,2022-06-04,20.7,0.0
AVG,2022-06-05,22.7,0.0
AVG,2022-06-06,21.7,0.0
AVG,2022-06-07,17.5,0.0
AVG,2022-06-08,20.6,0.0
AVG,2022-06-09,17.3,0.0
AVG,2022-06-10,20.8,0.0
AVG,2022-06-11,22.3,0.0
AVG,2022-06-12,24.0,0.0
AVG,2022-06-13,16.8,0.0
AVG,2022-06-14,18.3,0.0
AVG,2022-06-15,22.0,0.0
AVG,2022-06-16,22.2,0.0
AVG,2022-06-17,21.5,0.0
AVG,2022-06-18,26.3,0.0
AVG,2022-06-19,30.1,0.0
AVG,2022-06-20,20.3,0.0
AVG,2022-06-21,18.8,0.0
AVG,2022-06-22,22.9,0.0
AVG,2022-06-23,24.9,0.0
AVG,2022-06-24,20.2,0.0
AVG,2022-06-25,19.7,0.0
AVG,2022-06-26,24.6,0.0
AVG,2022-06-27,25.6,0.0
AVG,2022-06-28,22.2,0.0
AVG,2022-06-29,19.8,0.0
AVG,2022-06-30,23.9,0.0
AVG,2022-07-01,18.4,0.0
AVG,2022-07-02,19.9,0.0
AVG,2022-07-03,23.5,0.0
AVG,2022-07-04,22.6,0.0
AVG,2022-07-05,22.3,0.0
AVG,2022-07-06,19.8,0.0
AVG,2022-07-07,16.2,0.0
AVG,2022-07-08,17.4,0.0
AVG,2022-07-09,16.9,0.0
AVG,2022-07-10,15.7,0.0
AVG,2022-07-11,17.8,0.0
AVG,2022-07-12,19.4,0.0
AVG,2022-07-13,24.0,0.0
AVG,2022-07-14,21.4,0.0
AVG,2022-07-15,18.3,0.0
AVG,2022-07-16,18.6,0.0
AVG,2022-07-17,20.2,0.0
AVG,2022-07-18,22.3,0.0
AVG,2022-07-19,26.0,0.0
AVG,2022-07-20,28.4,0.0
AVG,2022-07-21,24.2,0.0
AVG,2022-07-22,26.2,0.0
AVG,2022-07-23,21.8,0.0
AVG,2022-07-24,23.5,0.0
AVG,2022-07-25,28.0,0.0
AVG,2022-07-26,23.4,0.0
AVG,2022-07-27,18.4,0.0
AVG,2022-07-28,21.3,0.0
AVG,2022-07-29,22.2,0.0
AVG,2022-07-30,18.1,0.0
AVG,2022-07-31,22.5,0.0
AVG,2022-08-01,22.3,0.0
AVG,2022-08-02,23.8,0.0
AVG,2022-08-03,26.4,0.0
AVG,2022-08-04,26.6,0.0
AVG,2022-08-05,28.0,0.0
AVG,2022-08-06,19.4,0.0
AVG,2022-08-07,19.9,0.0
AVG,2022-08-08,21.1,0.0
AVG,2022-08-09,21.7,0.0
AVG,2022-08-10,21.7,0.0
AVG,2022-08-11,21.9,0.0
AVG,2022-08-12,22.7,0.0
AVG,2022-08-13,20.8,0.0
AVG,2022-08-14,23.8,0.0
AVG,2022-08-15,23.8,0.0
AVG,2022-08-16,25.0,0.0
AVG,2022-08-17,26.1,0.0
AVG,2022-08-18,28.4,0.0
AVG,2022-08-19,21.9,0.0
AVG,2022-08-20,17.3,0.0
AVG,2022-08-21,19.7,0.0
AVG,2022-08-22,16.1,0.0
AVG,2022-08-23,17.7,0.0
AVG,2022-08-24,21.7,0.0
AVG,2022-08-25,22.2,0.0
AVG,2022-08-26,21.3,0.0
AVG,2022-08-27,20.3,0.0
AVG,2022-08-28,18.7,0.0
AVG,2022-08-29,19.0,0.0
AVG,2022-08-30,19.1,0.0
AVG,2022-08-31,18.4,0.0
AVG,2022-09-01,17.5,0.0
AVG,2022-09-02,16.5,0.0
AVG,2022-09-03,17.6,0.0
AVG,2022-09-04,20.7,0.0
AVG,2022-09-05,19.8,0.0
AVG,2022-09-06,19.7,0.0
AVG,2022-09-07,20.6,0.0
AVG,2022-09-08,16.9,0.0
AVG,2022-09-09,15.8,0.0
AVG,2022-09-10,15.7,0.0
AVG,2022-09-11,15.7,0.0
AVG,2022-09-12,16.1,0.0
AVG,2022-09-13,17.1,0.0
AVG,2022-09-14,17.2,0.0
AVG,2022-09-15,15.1,0.0
AVG,2022-09-16,13.2,0.0
AVG,2022-09-17,10.5,0.0
AVG,2022-09-18,10.1,0.0
AVG,2022-09-19,11.1,0.0
AVG,2022-09-20,9.6,0.0
AVG,2022-09-21,10.1,0.0
AVG,2022-09-22,11.1,0.0
AVG,2022-09-23,10.7,0.0
AVG,2022-09-24,13.3,0.0
AVG,2022-09-25,13.6,0.0
AVG,2022-09-26,12.5,0.0
AVG,2022-09-27,10.9,0.0
AVG,2022-09-28,8.9,0.0
AVG,2022-09-29,10.5,0.0
AVG,2022-09-30,11.7,0.0
AVG,2022-10-01,11.0,0.0
AVG,2022-10-02,11.8,0.0
AVG,2022-10-03,12.6,0.0
AVG,2022-10-04,12.6,0.0
AVG,2022-10-05,13.6,0.0
AVG,2022-10-06,12.7,0.0
AVG,2022-10-07,12.3,0.0
AVG,2022-10-08,12.7,0.0
AVG,2022-10-09,9.8,0.0
AVG,2022-10-10,12.5,0.0
AVG,2022-10-11,10.8,0.0
AVG,2022-10-12,11.6,0.0
AVG,2022-10-13,12.4,0.0
AVG,2022-10-14,13.2,0.0
AVG,2022-10-15,14.3,0.0
AVG,2022-10-16,16.9,0.0
AVG,2022-10-17,15.7,0.0
AVG,2022-10-18,13.7,0.0
AVG,2022-10-19,10.1,0.0
AVG,2022-10-20,8.5,0.0
AVG,2022-10-21,9.8,0.0
AVG,2022-10-22,12.1,0.0
AVG,2022-10-23,12.1,0.0
AVG,2022-10-24,14.5,0.0
AVG,2022-10-25,13.2,0.0
AVG,2022-10-26,11.3,0.0
AVG,2022-10-27,13.9,0.0
AVG,2022-10-28,13.5,0.0
AVG,2022-10-29,14.6,0.0
AVG,2022-10-30,12.2,0.0
AVG,2022-10-31,11.5,0.0
AVG,2022-11-01,11.4,0.0
AVG,2022-11-02,10.3,0.0
AVG,2022-11-03,8.8,0.0
AVG,2022-11-04,8.5,0.0
AVG,2022-11-05,7.5,0.0
AVG,2022-11-06,5.7,0.0
AVG,2022-11-07,10.0,0.0
AVG,2022-11-08,10.6,0.0
AVG,2022-11-09,8.3,0.0
AVG,2022-11-10,10.0,0.0
AVG,2022-11-11,8.4,0.0
AVG,2022-11-12,5.0,0.0
AVG,2022-11-13,4.9,0.0
AVG,2022-11-14,6.4,0.0
AVG,2022-11-15,4.0,0.0
AVG,2022-11-16,6.1,0.0
AVG,2022-11-17,4.9,0.0
AVG,2022-11-18,1.1,0.0
AVG,2022-11-19,-1.5,0.0
AVG,2022-11-20,-0.6,0.0
AVG,2022-11-21,3.0,0.0
AVG,2022-11-22,2.4,0.0
AVG,2022-11-23,4.2,0.0
AVG,2022-11-24,5.6,0.0
AVG,2022-11-25,5.3,0.0
AVG,2022-11-26,6.8,0.0
AVG,2022-11-27,1.4,0.0
AVG,2022-11-28,3.3,0.0
AVG,2022-11-29,3.7,0.0
AVG,2022-11-30,2.9,0.0
AVG,2022-12-01,1.8,0.0
AVG,2022-12-02,0.4,0.0
AVG,2022-12-03,1.1,0.0
AVG,2022-12-04,5.5,0.0
AVG,2022-12-05,5.1,0.0
AVG,2022-12-06,3.7,0.0
AVG,2022-12-07,3.2,0.0
AVG,2022-12-08,2.6,0.0
AVG,2022-12-09,0.7,0.0
AVG,2022-12-10,0.9,0.0
AVG,2022-12-11,-2.5,0.0
AVG,2022-12-12,-3.0,0.0
AVG,2022-12-13,-7.5,0.0
AVG,2022-12-14,-4.4,0.0
AVG,2022-12-15,-3.3,0.0
AVG,2022-12-16,-2.4,0.0
AVG,2022-12-17,-2.2,0.0
AVG,2022-12-18,-7.3,0.0
AVG,2022-12-19,-1.9,0.0
AVG,2022-12-20,-0.2,0.0
AVG,2022-12-21,1.4,0.0
AVG,2022-12-22,7.7,0.0
AVG,2022-12-23,8.5,0.0
AVG,2022-12-24,9.0,0.0
AVG,2022-12-25,8.4,0.0
AVG,2022-12-26,10.1,0.0
AVG,2022-12-27,4.2,0.0
AVG,2022-12-28,5.7,0.0
AVG,2022-12-29,9.8,0.0
AVG,2022-12-30,8.0,0.0
AVG,2022-12-31,14.9,0.0
AVG,2023-01-01,13.7,0.0
AVG,2023-01-02,8.7,0.0
AVG,2023-01-03,6.4,0.0
AVG,2023-01-04,7.4,0.0
AVG,2023-01-05,10.0,0.0
AVG,2023-01-06,9.3,0.0
AVG,2023-01-07,7.3,0.0
AVG,2023-01-08,4.9,0.0
AVG,2023-01-09,5.5,0.0
AVG,2023-01-10,4.6,0.0
AVG,2023-01-11,6.4,0.0
AVG,2023-01-12,8.0,0.0
AVG,2023-01-13,8.6,0.0
AVG,2023-01-14,7.5,0.0
AVG,2023-01-15,6.4,0.0
AVG,2023-01-16,4.1,0.0
AVG,2023-01-17,3.4,0.0
AVG,2023-01-18,1.9,0.0
AVG,2023-01-19,-0.4,0.0
AVG,2023-01-20,-0.1,0.0
AVG,2023-01-21,-0.9,0.0
AVG,2023-01-22,0.4,0.0
AVG,2023-01-23,1.4,0.0
AVG,2023-01-24,1.8,0.0
AVG,2023-01-25,1.4,0.0
AVG,2023-01-26,0.2,0.0
AVG,2023-01-27,-0.1,0.0
AVG,2023-01-28,-1.5,0.0
AVG,2023-01-29,-2.4,0.0
AVG,2023-01-30,3.1,0.0
AVG,2023-01-31,3.7,0.0
AVG,2023-02-01,3.4,0.0
AVG,2023-02-02,4.4,0.0
AVG,2023-02-03,6.0,0.0
AVG,2023-02-04,1.3,0.0
AVG,2023-02-05,-1.7,0.0
AVG,2023-02-06,-2.8,0.0
AVG,2023-02-07,-3.0,0.0
AVG,2023-02-08,-2.3,0.0
AVG,2023-02-09,-0.5,0.0
AVG,2023-02-10,-0.5,0.0
AVG,2023-02-11,4.5,0.0
AVG,2023-02-12,6.7,0.0
AVG,2023-02-13,5.4,0.0
AVG,2023-02-14,3.8,0.0
AVG,2023-02-15,0.6,0.0
AVG,2023-02-16,5.0,0.0
AVG,2023-02-17,10.8,0.0
AVG,2023-02-18,11.3,0.0
AVG,2023-02-19,6.0,0.0
AVG,2023-02-20,9.5,0.0
AVG,2023-02-21,9.7,0.0
AVG,2023-02-22,9.2,0.0
AVG,2023-02-23,8.5,0.0
AVG,2023-02-24,8.7,0.0
AVG,2023-02-25,2.0,0.0
AVG,2023-02-26,0.1,0.0
AVG,2023-02-27,-0.3,0.0
AVG,2023-02-28,0.9,0.0
AVG,2023-03-01,2.7,0.0
AVG,2023-03-02,4.8,0.0
AVG,2023-03-03,0.7,0.0
AVG,2023-03-04,2.0,0.0
AVG,2023-03-05,2.5,0.0
AVG,2023-03-06,2.6,0.0
AVG,2023-03-07,4.8,0.0
AVG,2023-03-08,5.0,0.0
AVG,2023-03-09,9.9,0.0
AVG,2023-03-10,9.6,0.0
AVG,2023-03-11,1.4,0.0
AVG,2023-03-12,4.0,0.0
AVG,2023-03-13,12.0,0.0
AVG,2023-03-14,8.9,0.0
AVG,2023-03-15,2.2,0.0
AVG,2023-03-16,3.2,0.0
AVG,2023-03-17,7.3,0.0
AVG,2023-03-18,8.3,0.0
AVG,2023-03-19,9.2,0.0
AVG,2023-03-20,11.0,0.0
AVG,2023-03-21,12.4,0.0
AVG,2023-03-22,13.9,0.0
AVG,2023-03-23,14.8,0.0
AVG,2023-03-24,13.7,0.0
AVG,2023-03-25,9.3,0.0
AVG,2023-03-26,8.2,0.0
AVG,2023-03-27,2.8,0.0
AVG,2023-03-28,3.2,0.0
AVG,2023-03-29,7.0,0.0
AVG,2023-03-30,9.2,0.0
AVG,2023-03-31,9.6,0.0
AVG,2023-04-01,10.0,0.0
AVG,2023-04-02,4.4,0.0
AVG,2023-04-03,2.2,0.0
AVG,2023-04-04,2.9,0.0
AVG,2023-04-05,3.4,0.0
AVG,2023-04-06,5.4,0.0
AVG,2023-04-07,5.6,0.0
AVG,2023-04-08,6.1,0.0
AVG,2023-04-09,7.1,0.0
AVG,2023-04-10,10.6,0.0
AVG,2023-04-11,8.9,0.0
AVG,2023-04-12,9.8,0.0
AVG,2023-04-13,10.2,0.0
AVG,2023-04-14,6.5,0.0
AVG,2023-04-15,7.2,0.0
AVG,2023-04-16,10.4,0.0
AVG,2023-04-17,8.8,0.0
AVG,2023-04-18,9.2,0.0
AVG,2023-04-19,7.4,0.0
AVG,2023-04-20,9.6,0.0
AVG,2023-04-21,14.5,0.0
AVG,2023-04-22,15.7,0.0
AVG,2023-04-23,13.7,0.0
AVG,2023-04-24,11.5,0.0
AVG,2023-04-25,8.4,0.0
AVG,2023-04-26,7.6,0.0
AVG,2023-04-27,9.7,0.0
AVG,2023-04-28,10.7,0.0
AVG,2023-04-29,12.4,0.0
AVG,2023-04-30,12.7,0.0
AVG,2023-05-01,15.2,0.0
AVG,2023-05-02,13.4,0.0
AVG,2023-05-03,12.2,0.0
AVG,2023-05-04,13.7,0.0
AVG,2023-05-05,17.4,0.0
AVG,2023-05-06,14.9,0.0
AVG,2023-05-07,10.2,0.0
AVG,2023-05-08,11.7,0.0
AVG,2023-05-09,13.4,0.0
AVG,2023-05-10,14.5,0.0
AVG,2023-05-11,16.2,0.0
AVG,2023-05-12,15.0,0.0
AVG,2023-05-13,13.7,0.0
AVG,2023-05-14,13.4,0.0
AVG,2023-05-15,14.0,0.0
AVG,2023-05-16,12.2,0.0
AVG,2023-05-17,11.0,0.0
AVG,2023-05-18,12.1,0.0
AVG,2023-05-19,13.8,0.0
AVG,2023-05-20,17.9,0.0
AVG,2023-05-21,21.1,0.0
AVG,2023-05-22,21.6,0.0
AVG,2023-05-23,16.4,0.0
AVG,2023-05-24,12.8,0.0
AVG,2023-05-25,16.8,0.0
AVG,2023-05-26,17.1,0.0
AVG,2023-05-27,16.4,0.0
AVG,2023-05-28,17.9,0.0
AVG,2023-05-29,19.4,0.0
AVG,2023-05-30,18.1,0.0
AVG,2023-05-31,19.6,0.0
AVG,2023-06-01,20.1,0.0
AVG,2023-06-02,16.3,0.0
AVG,2023-06-03,16.1,0.0
AVG,2023-06-04,19.0,0.0
AVG,2023-06-05,15.1,0.0
AVG,2023-06-06,16.3,0.0
AVG,2023-06-07,19.3,0.0
AVG,2023-06-08,20.2,0.0
AVG,2023-06-09,18.4,0.0
AVG,2023-06-10,21.3,0.0
AVG,2023-06-11,20.4,0.0
AVG,2023-06-12,19.1,0.0
AVG,2023-06-13,16.7,0.0
AVG,2023-06-14,17.0,0.0
AVG,2023-06-15,16.5,0.0
AVG,2023-06-16,16.5,0.0
AVG,2023-06-17,16.9,0.0
AVG,2023-06-18,21.5,0.0
AVG,2023-06-19,23.3,0.0
AVG,2023-06-20,26.3,0.0
AVG,2023-06-21,24.7,0.0
AVG,2023-06-22,26.4,0.0
AVG,2023-06-23,19.2,0.0
AVG,2023-06-24,20.6,0.0
AVG,2023-06-25,22.6,0.0
AVG,2023-06-26,23.9,0.0
AVG,2023-06-27,17.4,0.0
AVG,2023-06-28,19.1,0.0
AVG,2023-06-29,22.4,0.0
AVG,2023-06-30,19.5,0.0
AVG,2023-07-01,22.2,0.0
AVG,2023-07-02,21.1,0.0
AVG,2023-07-03,21.1,0.0
AVG,2023-07-04,22.3,0.0
AVG,2023-07-05,21.3,0.0
AVG,2023-07-06,21.3,0.0
AVG,2023-07-07,23.8,0.0
AVG,2023-07-08,25.8,0.0
AVG,2023-07-09,27.3,0.0
AVG,2023-07-10,24.0,0.0
AVG,2023-07-11,26.3,0.0
AVG,2023-07-12,25.5,0.0
AVG,2023-07-13,23.1,0.0
AVG,2023-07-14,24.3,0.0
AVG,2023-07-15,29.2,0.0
AVG,2023-07-16,23.1,0.0
AVG,2023-07-17,24.9,0.0
AVG,2023-07-18,24.3,0.0
AVG,2023-07-19,23.3,0.0
AVG,2023-07-20,20.3,0.0
AVG,2023-07-21,19.8,0.0
AVG,2023-07-22,19.7,0.0
AVG,2023-07-23,23.9,0.0
AVG,2023-07-24,22.8,0.0
AVG,2023-07-25,18.0,0.0
AVG,2023-07-26,16.4,0.0
AVG,2023-07-27,16.9,0.0
AVG,2023-07-28,21.2,0.0
AVG,2023-07-29,19.5,0.0
AVG,2023-07-30,19.0,0.0
AVG,2023-07-31,20.0,0.0
AVG,2023-08-01,19.3,0.0
AVG,2023-08-02,18.8,0.0
AVG,2023-08-03,20.6,0.0
AVG,2023-08-04,20.9,0.0
AVG,2023-08-05,16.4,0.0
AVG,2023-08-06,15.7,0.0
AVG,2023-08-07,14.9,0.0
AVG,2023-08-08,17.8,0.0
AVG,2023-08-09,16.4,0.0
AVG,2023-08-10,18.0,0.0
AVG,2023-08-11,22.0,0.0
AVG,2023-08-12,24.2,0.0
AVG,2023-08-13,24.4,0.0
AVG,2023-08-14,27.0,0.0
AVG,2023-08-15,26.7,0.0
AVG,2023-08-16,24.5,0.0
AVG,2023-08-17,22.6,0.0
AVG,2023-08-18,25.0,0.0
AVG,2023-08-19,26.8,0.0
AVG,2023-08-20,27.6,0.0
AVG,2023-08-21,27.4,0.0
AVG,2023-08-22,26.2,0.0
AVG,2023-08-23,24.9,0.0
AVG,2023-08-24,24.8,0.0
AVG,2023-08-25,24.6,0.0
AVG,2023-08-26,22.3,0.0
AVG,2023-08-27,17.7,0.0
AVG,2023-08-28,13.6,0.0
AVG,2023-08-29,13.9,0.0
AVG,2023-08-30,15.8,0.0
AVG,2023-08-31,15.7,0.0
AVG,2023-09-01,16.8,0.0
AVG,2023-09-02,19.7,0.0
AVG,2023-09-03,18.2,0.0
AVG,2023-09-04,18.7,0.0
AVG,2023-09-05,19.3,0.0
AVG,2023-09-06,20.4,0.0
AVG,2023-09-07,21.2,0.0
AVG,2023-09-08,22.2,0.0
AVG,2023-09-09,22.3,0.0
AVG,2023-09-10,22.2,0.0
AVG,2023-09-11,23.6,0.0
AVG,2023-09-12,23.5,0.0
AVG,2023-09-13,21.4,0.0
AVG,2023-09-14,17.4,0.0
AVG,2023-09-15,17.1,0.0
AVG,2023-09-16,20.6,0.0
AVG,2023-09-17,21.1,0.0
AVG,2023-09-18,20.5,0.0
AVG,2023-09-19,18.4,0.0
AVG,2023-09-20,19.8,0.0
AVG,2023-09-21,19.3,0.0
AVG,2023-09-22,15.1,0.0
AVG,2023-09-23,14.2,0.0
AVG,2023-09-24,13.8,0.0
AVG,2023-09-25,15.9,0.0
AVG,2023-09-26,18.9,0.0
AVG,2023-09-27,19.4,0.0
AVG,2023-09-28,18.3,0.0
AVG,2023-09-29,20.0,0.0
AVG,2023-09-30,15.8,0.0
AVG,2023-10-01,16.5,0.0
AVG,2023-10-02,18.9,0.0
AVG,2023-10-03,18.0,0.0
AVG,2023-10-04,13.7,0.0
AVG,2023-10-05,12.6,0.0
AVG,2023-10-06,13.3,0.0
AVG,2023-10-07,16.9,0.0
AVG,2023-10-08,11.2,0.0
AVG,2023-10-09,14.0,0.0
AVG,2023-10-10,16.8,0.0
AVG,2023-10-11,18.9,0.0
AVG,2023-10-12,17.1,0.0
AVG,2023-10-13,20.1,0.0
AVG,2023-10-14,14.8,0.0
AVG,2023-10-15,8.0,0.0
AVG,2023-10-16,6.9,0.0
AVG,2023-10-17,6.5,0.0
AVG,2023-10-18,6.7,0.0
AVG,2023-10-19,9.6,0.0
AVG,2023-10-20,13.3,0.0
AVG,2023-10-21,16.4,0.0
AVG,2023-10-22,12.5,0.0
AVG,2023-10-23,11.8,0.0
AVG,2023-10-24,11.5,0.0
AVG,2023-10-25,12.2,0.0
AVG,2023-10-26,12.1,0.0
AVG,2023-10-27,10.4,0.0
AVG,2023-10-28,11.5,0.0
AVG,2023-10-29,13.3,0.0
AVG,2023-10-30,13.3,0.0
AVG,2023-10-31,11.4,0.0
AVG,2023-11-01,12.1,0.0
AVG,2023-11-02,10.1,0.0
AVG,2023-11-03,8.1,0.0
AVG,2023-11-04,9.0,0.0
AVG,2023-11-05,11.6,0.0
AVG,2023-11-06,10.6,0.0
AVG,2023-11-07,9.5,0.0
AVG,2023-11-08,7.4,0.0
AVG,2023-11-09,8.4,0.0
AVG,2023-11-10,6.9,0.0
AVG,2023-11-11,4.7,0.0
AVG,2023-11-12,4.8,0.0
AVG,2023-11-13,6.5,0.0
AVG,2023-11-14,11.0,0.0
AVG,2023-11-15,9.4,0.0
AVG,2023-11-16,7.3,0.0
AVG,2023-11-17,4.9,0.0
AVG,2023-11-18,4.2,0.0
AVG,2023-11-19,8.4,0.0
AVG,2023-11-20,9.9,0.0
AVG,2023-11-21,6.1,0.0
AVG,2023-11-22,0.7,0.0
AVG,2023-11-23,5.5,0.0
AVG,2023-11-24,4.0,0.0
AVG,2023-11-25,1.9,0.0
AVG,2023-11-26,0.4,0.0
AVG,2023-11-27,2.2,0.0
AVG,2023-11-28,-0.7,0.0
AVG,2023-11-29,-0.6,0.0
AVG,2023-11-30,0.6,0.0
AVG,2023-12-01,-0.9,0.0
AVG,2023-12-02,-3.1,0.0
AVG,2023-12-03,-2.6,0.0
AVG,2023-12-04,-4.5,0.0
AVG,2023-12-05,-2.2,0.0
AVG,2023-12-06,0.4,0.0
AVG,2023-12-07,1.6,0.0
AVG,2023-12-08,-0.8,0.0
AVG,2023-12-09,2.0,0.0
AVG,2023-12-10,5.4,0.0
AVG,2023-12-11,8.4,0.0
AVG,2023-12-12,7.5,0.0
AVG,2023-12-13,6.7,0.0
AVG,2023-12-14,5.1,0.0
AVG,2023-12-15,4.3,0.0
AVG,2023-12-16,5.6,0.0
AVG,2023-12-17,5.9,0.0
AVG,2023-12-18,7.4,0.0
AVG,2023-12-19,8.0,0.0
AVG,2023-12-20,5.5,0.0
AVG,2023-12-21,5.8,0.0
AVG,2023-12-22,2.0,0.0
AVG,2023-12-23,2.5,0.0
AVG,2023-12-24,9.4,0.0
AVG,2023-12-25,10.5,0.0
AVG,2023-12-26,9.2,0.0
AVG,2023-12-27,5.8,0.0
AVG,2023-12-28,8.2,0.0
AVG,2023-12-29,10.3,0.0
AVG,2023-12-30,7.5,0.0
AVG,2023-12-31,3.6,0.0
AVG,2024-01-01,6.8,0.0
AVG,2024-01-02,5.6,0.0
AVG,2024-01-03,9.7,0.0
AVG,2024-01-04,7.1,0.0
AVG,2024-01-05,4.5,0.0
AVG,2024-01-06,3.7,0.0
AVG,2024-01-07,-2.9,0.0
AVG,2024-01-08,-6.5,0.0
AVG,2024-01-09,-6.5,0.0
AVG,2024-01-10,-4.3,0.0
AVG,2024-01-11,-4.1,0.0
AVG,2024-01-12,-0.2,0.0
AVG,2024-01-13,-0.5,0.0
AVG,2024-01-14,0.3,0.0
AVG,2024-01-15,0.0,0.0
AVG,2024-01-16,-0.4,0.0
AVG,2024-01-17,-1.3,0.0
AVG,2024-01-18,-1.0,0.0
AVG,2024-01-19,-1.8,0.0
AVG,2024-01-20,-1.7,0.0
AVG,2024-01-21,-2.5,0.0
AVG,2024-01-22,5.1,0.0
AVG,2024-01-23,4.7,0.0
AVG,2024-01-24,10.1,0.0
AVG,2024-01-25,6.8,0.0
AVG,2024-01-26,6.5,0.0
AVG,2024-01-27,4.2,0.0
AVG,2024-01-28,2.3,0.0
AVG,2024-01-29,0.5,0.0
AVG,2024-01-30,-0.4,0.0
AVG,2024-01-31,3.0,0.0
AVG,2024-02-01,6.6,0.0
AVG,2024-02-02,5.7,0.0
AVG,2024-02-03,8.4,0.0
AVG,2024-02-04,9.3,0.0
AVG,2024-02-05,10.7,0.0
AVG,2024-02-06,8.5,0.0
AVG,2024-02-07,3.8,0.0
AVG,2024-02-08,3.4,0.0
AVG,2024-02-09,10.4,0.0
AVG,2024-02-10,9.0,0.0
AVG,2024-02-11,7.8,0.0
AVG,2024-02-12,7.7,0.0
AVG,2024-02-13,5.7,0.0
AVG,2024-02-14,7.2,0.0
AVG,2024-02-15,9.8,0.0
AVG,2024-02-16,8.6,0.0
AVG,2024-02-17,10.2,0.0
AVG,2024-02-18,9.0,0.0
AVG,2024-02-19,8.5,0.0
AVG,2024-02-20,8.1,0.0
AVG,2024-02-21,8.6,0.0
AVG,2024-02-22,9.9,0.0
AVG,2024-02-23,7.8,0.0
AVG,2024-02-24,7.0,0.0
AVG,2024-02-25,4.9,0.0
AVG,2024-02-26,3.2,0.0
AVG,2024-02-27,5.0,0.0
AVG,2024-02-28,5.4,0.0
AVG,2024-02-29,4.8,0.0
AVG,2024-03-01,7.4,0.0
AVG,2024-03-02,9.4,0.0
AVG,2024-03-03,9.8,0.0
AVG,2024-03-04,9.1,0.0
AVG,2024-03-05,7.1,0.0
AVG,2024-03-06,6.2,0.0
AVG,2024-03-07,4.1,0.0
AVG,2024-03-08,4.5,0.0
AVG,2024-03-09,7.0,0.0
AVG,2024-03-10,9.9,0.0
AVG,2024-03-11,10.7,0.0
AVG,2024-03-12,10.2,0.0
AVG,2024-03-13,8.3,0.0
AVG,2024-03-14,9.7,0.0
AVG,2024-03-15,12.4,0.0
AVG,2024-03-16,10.2,0.0
AVG,2024-03-17,6.8,0.0
AVG,2024-03-18,5.3,0.0
AVG,2024-03-19,5.9,0.0
AVG,2024-03-20,9.8,0.0
AVG,2024-03-21,12.0,0.0
AVG,2024-03-22,11.9,0.0
AVG,2024-03-23,8.5,0.0
AVG,2024-03-24,4.5,0.0
AVG,2024-03-25,6.3,0.0
AVG,2024-03-26,9.7,0.0
AVG,2024-03-27,14.2,0.0
AVG,2024-03-28,10.0,0.0
AVG,2024-03-29,14.1,0.0
AVG,2024-03-30,16.9,0.0
AVG,2024-03-31,17.1,0.0
AVG,2024-04-01,13.0,0.0
AVG,2024-04-02,11.2,0.0
AVG,2024-04-03,11.7,0.0
AVG,2024-04-04,12.5,0.0
AVG,2024-04-05,14.9,0.0
AVG,2024-04-06,19.9,0.0
AVG,2024-04-07,20.5,0.0
AVG,2024-04-08,21.6,0.0
AVG,2024-04-09,18.7,0.0
AVG,2024-04-10,10.6,0.0
AVG,2024-04-11,12.7,0.0
AVG,2024-04-12,15.5,0.0
AVG,2024-04-13,17.5,0.0
AVG,2024-04-14,18.5,0.0
AVG,2024-04-15,13.1,0.0
AVG,2024-04-16,7.7,0.0
AVG,2024-04-17,7.4,0.0
AVG,2024-04-18,6.3,0.0
AVG,2024-04-19,5.5,0.0
AVG,2024-04-20,4.9,0.0
AVG,2024-04-21,4.8,0.0
AVG,2024-04-22,4.6,0.0
AVG,2024-04-23,6.7,0.0
AVG,2024-04-24,7.2,0.0
AVG,2024-04-25,6.7,0.0
AVG,2024-04-26,11.8,0.0
AVG,2024-04-27,15.7,0.0
AVG,2024-04-28,18.3,0.0
AVG,2024-04-29,19.5,0.0
AVG,2024-04-30,21.3,0.0
AVG,2024-05-01,19.6,0.0
AVG,2024-05-02,18.5,0.0
AVG,2024-05-03,14.4,0.0
AVG,2024-05-04,17.2,0.0
AVG,2024-05-05,16.6,0.0
AVG,2024-05-06,16.5,0.0
AVG,2024-05-07,11.6,0.0
AVG,2024-05-08,13.7,0.0
AVG,2024-05-09,15.4,0.0
AVG,2024-05-10,16.8,0.0
AVG,2024-05-11,17.5,0.0
AVG,2024-05-12,17.2,0.0
AVG,2024-05-13,18.1,0.0
AVG,2024-05-14,18.7,0.0
AVG,2024-05-15,19.4,0.0
AVG,2024-05-16,17.1,0.0
AVG,2024-05-17,12.8,0.0
AVG,2024-05-18,15.2,0.0
AVG,2024-05-19,16.0,0.0
AVG,2024-05-20,19.0,0.0
AVG,2024-05-21,17.8,0.0
AVG,2024-05-22,16.3,0.0
AVG,2024-05-23,19.2,0.0
AVG,2024-05-24,17.6,0.0
AVG,2024-05-25,17.4,0.0
AVG,2024-05-26,19.8,0.0
AVG,2024-05-27,18.8,0.0
AVG,2024-05-28,15.9,0.0
AVG,2024-05-29,17.7,0.0
AVG,2024-05-30,16.0,0.0
AVG,2024-05-31,17.3,0.0
AVG,2024-06-01,15.6,0.0
AVG,2024-06-02,17.0,0.0
AVG,2024-06-03,15.3,0.0
AVG,2024-06-04,16.5,0.0
AVG,2024-06-05,19.5,0.0
AVG,2024-06-06,18.9,0.0
AVG,2024-06-07,19.5,0.0
AVG,2024-06-08,22.2,0.0
AVG,2024-06-09,21.1,0.0
AVG,2024-06-10,19.7,0.0
AVG,2024-06-11,15.1,0.0
AVG,2024-06-12,16.4,0.0
AVG,2024-06-13,14.8,0.0
AVG,2024-06-14,16.4,0.0
AVG,2024-06-15,17.9,0.0
AVG,2024-06-16,20.1,0.0
AVG,2024-06-17,21.7,0.0
AVG,2024-06-18,26.3,0.0
AVG,2024-06-19,20.5,0.0
AVG,2024-06-20,20.4,0.0
AVG,2024-06-21,24.0,0.0
AVG,2024-06-22,20.5,0.0
AVG,2024-06-23,21.9,0.0
AVG,2024-06-24,21.7,0.0
AVG,2024-06-25,23.8,0.0
AVG,2024-06-26,26.3,0.0
AVG,2024-06-27,22.6,0.0
AVG,2024-06-28,24.0,0.0
AVG,2024-06-29,27.9,0.0
AVG,2024-06-30,24.6,0.0
AVG,2024-07-01,19.4,0.0
AVG,2024-07-02,17.2,0.0
AVG,2024-07-03,17.0,0.0
AVG,2024-07-04,15.6,0.0
AVG,2024-07-05,19.4,0.0
AVG,2024-07-06,21.7,0.0
AVG,2024-07-07,17.2,0.0
AVG,2024-07-08,21.6,0.0
AVG,2024-07-09,26.9,0.0
AVG,2024-07-10,25.2,0.0
AVG,2024-07-11,24.3,0.0
AVG,2024-07-12,23.0,0.0
AVG,2024-07-13,22.1,0.0
AVG,2024-07-14,23.1,0.0
AVG,2024-07-15,27.2,0.0
AVG,2024-07-16,22.2,0.0
AVG,2024-07-17,21.4,0.0
AVG,2024-07-18,23.7,0.0
AVG,2024-07-19,25.8,0.0
AVG,2024-07-20,25.1,0.0
AVG,2024-07-21,27.4,0.0
AVG,2024-07-22,24.7,0.0
AVG,2024-07-23,23.5,0.0
AVG,2024-07-24,20.2,0.0
AVG,2024-07-25,22.1,0.0
AVG,2024-07-26,23.0,0.0
AVG,2024-07-27,22.9,0.0
AVG,2024-07-28,21.2,0.0
AVG,2024-07-29,21.2,0.0
AVG,2024-07-30,23.4,0.0
AVG,2024-07-31,27.2,0.0
AVG,2024-08-01,23.7,0.0
AVG,2024-08-02,18.7,0.0
AVG,2024-08-03,21.0,0.0
AVG,2024-08-04,17.4,0.0
AVG,2024-08-05,19.3,0.0
AVG,2024-08-06,20.9,0.0
AVG,2024-08-07,22.6,0.0
AVG,2024-08-08,19.9,0.0
AVG,2024-08-09,22.5,0.0
AVG,2024-08-10,24.4,0.0
AVG,2024-08-11,24.1,0.0
AVG,2024-08-12,26.1,0.0
AVG,2024-08-13,27.7,0.0
AVG,2024-08-14,28.3,0.0
AVG,2024-08-15,26.2,0.0
AVG,2024-08-16,26.8,0.0
AVG,2024-08-17,24.6,0.0
AVG,2024-08-18,22.5,0.0
AVG,2024-08-19,18.6,0.0
AVG,2024-08-20,23.1,0.0
AVG,2024-08-21,21.3,0.0
AVG,2024-08-22,19.1,0.0
AVG,2024-08-23,22.9,0.0
AVG,2024-08-24,27.1,0.0
AVG,2024-08-25,19.6,0.0
AVG,2024-08-26,18.4,0.0
AVG,2024-08-27,21.1,0.0
AVG,2024-08-28,25.2,0.0
AVG,2024-08-29,25.7,0.0
AVG,2024-08-30,27.2,0.0
AVG,2024-08-31,23.0,0.0
AVG,2024-09-01,23.1,0.0
AVG,2024-09-02,25.5,0.0
AVG,2024-09-03,25.8,0.0
AVG,2024-09-04,26.0,0.0
AVG,2024-09-05,25.7,0.0
AVG,2024-09-06,24.9,0.0
AVG,2024-09-07,24.7,0.0
AVG,2024-09-08,25.7,0.0
AVG,2024-09-09,17.6,0.0
AVG,2024-09-10,16.4,0.0
AVG,2024-09-11,14.5,0.0
AVG,2024-09-12,10.7,0.0
AVG,2024-09-13,9.1,0.0
AVG,2024-09-14,12.0,0.0
AVG,2024-09-15,10.5,0.0
AVG,2024-09-16,14.6,0.0
AVG,2024-09-17,18.4,0.0
AVG,2024-09-18,19.3,0.0
AVG,2024-09-19,17.3,0.0
AVG,2024-09-20,16.8,0.0
AVG,2024-09-21,17.5,0.0
AVG,2024-09-22,16.1,0.0
AVG,2024-09-23,17.7,0.0
AVG,2024-09-24,14.7,0.0
AVG,2024-09-25,16.9,0.0
AVG,2024-09-26,15.8,0.0
AVG,2024-09-27,15.0,0.0
AVG,2024-09-28,12.1,0.0
AVG,2024-09-29,9.6,0.0
AVG,2024-09-30,11.1,0.0
AVG,2024-10-01,12.7,0.0
AVG,2024-10-02,10.9,0.0
AVG,2024-10-03,10.7,0.0
AVG,2024-10-04,10.1,0.0
AVG,2024-10-05,9.3,0.0
AVG,2024-10-06,9.4,0.0
AVG,2024-10-07,12.4,0.0
AVG,2024-10-08,14.7,0.0
AVG,2024-10-09,16.4,0.0
AVG,2024-10-10,14.0,0.0
AVG,2024-10-11,9.0,0.0
AVG,2024-10-12,8.6,0.0
AVG,2024-10-13,10.9,0.0
AVG,2024-10-14,10.0,0.0
AVG,2024-10-15,9.2,0.0
AVG,2024-10-16,9.8,0.0
AVG,2024-10-17,12.1,0.0
AVG,2024-10-18,13.6,0.0
AVG,2024-10-19,11.8,0.0
AVG,2024-10-20,11.7,0.0
AVG,2024-10-21,12.3,0.0
AVG,2024-10-22,11.4,0.0
AVG,2024-10-23,11.6,0.0
AVG,2024-10-24,12.6,0.0
AVG,2024-10-25,10.7,0.0
AVG,2024-10-26,12.8,0.0
AVG,2024-10-27,12.9,0.0
AVG,2024-10-28,14.4,0.0
AVG,2024-10-29,14.2,0.0
AVG,2024-10-30,13.7,0.0
AVG,2024-10-31,11.5,0.0
AVG,2024-11-01,10.7,0.0
AVG,2024-11-02,8.2,0.0
AVG,2024-11-03,4.2,0.0
AVG,2024-11-04,4.5,0.0
AVG,2024-11-05,5.4,0.0
AVG,2024-11-06,5.3,0.0
AVG,2024-11-07,6.5,0.0
AVG,2024-11-08,4.6,0.0
AVG,2024-11-09,2.6,0.0
AVG,2024-11-10,0.4,0.0
AVG,2024-11-11,1.2,0.0
AVG,2024-11-12,1.2,0.0
AVG,2024-11-13,2.4,0.0
AVG,2024-11-14,4.9,0.0
AVG,2024-11-15,7.4,0.0
AVG,2024-11-16,4.7,0.0
AVG,2024-11-17,5.6,0.0
AVG,2024-11-18,4.8,0.0
AVG,2024-11-19,9.4,0.0
AVG,2024-11-20,3.1,0.0
AVG,2024-11-21,1.6,0.0
AVG,2024-11-22,0.9,0.0
AVG,2024-11-23,2.7,0.0
AVG,2024-11-24,6.5,0.0
AVG,2024-11-25,5.4,0.0
AVG,2024-11-26,5.8,0.0
AVG,2024-11-27,5.2,0.0
AVG,2024-11-28,7.8,0.0
AVG,2024-11-29,3.9,0.0
AVG,2024-11-30,2.3,0.0
AVG,2024-12-01,0.1,0.0
AVG,2024-12-02,1.0,0.0
AVG,2024-12-03,4.0,0.0
AVG,2024-12-04,2.7,0.0
AVG,2024-12-05,2.6,0.0
AVG,2024-12-06,4.7,0.0
AVG,2024-12-07,5.7,0.0
AVG,2024-12-08,3.7,0.0
AVG,2024-12-09,3.2,0.0
AVG,2024-12-10,1.4,0.0
AVG,2024-12-11,1.3,0.0
AVG,2024-12-12,0.9,0.0
AVG,2024-12-13,0.2,0.0
AVG,2024-12-14,1.6,0.0
AVG,2024-12-15,4.0,0.0
AVG,2024-12-16,8.3,0.0
AVG,2024-12-17,8.0,0.0
AVG,2024-12-18,7.4,0.0
AVG,2024-12-19,10.3,0.0
AVG,2024-12-20,4.5,0.0
AVG,2024-12-21,4.3,0.0
AVG,2024-12-22,4.7,0.0
AVG,2024-12-23,3.0,0.0
AVG,2024-12-24,3.3,0.0
AVG,2024-12-25,1.4,0.0
AVG,2024-12-26,-1.0,0.0
AVG,2024-12-27,-2.8,0.0
AVG,2024-12-28,-3.2,0.0
AVG,2024-12-29,-2.6,0.0
AVG,2024-12-30,0.0,0.0
AVG,2024-12-31,-2.3,0.0
AVG,2025-01-01,7.2,0.0
AVG,2025-01-02,4.0,0.0
AVG,2025-01-03,0.9,0.0
AVG,2025-01-04,-0.6,0.0
AVG,2025-01-05,-1.4,0.0
AVG,2025-01-06,3.1,0.0
AVG,2025-01-07,3.3,0.0
AVG,2025-01-08,2.8,0.0
AVG,2025-01-09,7.5,0.0
AVG,2025-01-10,1.2,0.0
AVG,2025-01-11,1.1,0.0
AVG,2025-01-12,-0.5,0.0
AVG,2025-01-13,-0.7,0.0
AVG,2025-01-14,-2.0,0.0
AVG,2025-01-15,2.8,0.0
AVG,2025-01-16,2.2,0.0
AVG,2025-01-17,-0.2,0.0
AVG,2025-01-18,-0.7,0.0
AVG,2025-01-19,-1.9,0.0
AVG,2025-01-20,-1.5,0.0
AVG,2025-01-21,-2.1,0.0
AVG,2025-01-22,-2.1,0.0
AVG,2025-01-23,1.3,0.0
AVG,2025-01-24,5.0,0.0
AVG,2025-01-25,5.7,0.0
AVG,2025-01-26,5.1,0.0
AVG,2025-01-27,6.3,0.0
AVG,2025-01-28,4.5,0.0
AVG,2025-01-29,5.1,0.0
AVG,2025-01-30,2.9,0.0
AVG,2025-01-31,2.7,0.0
AVG,2025-02-01,0.4,0.0
AVG,2025-02-02,-1.2,0.0
AVG,2025-02-03,-1.4,0.0
AVG,2025-02-04,-1.2,0.0
AVG,2025-02-05,1.2,0.0
AVG,2025-02-06,2.1,0.0
AVG,2025-02-07,1.6,0.0
AVG,2025-02-08,1.3,0.0
AVG,2025-02-09,0.6,0.0
AVG,2025-02-10,1.6,0.0
AVG,2025-02-11,2.0,0.0
AVG,2025-02-12,-0.4,0.0
AVG,2025-02-13,-0.2,0.0
AVG,2025-02-14,-1.8,0.0
AVG,2025-02-15,-2.7,0.0
AVG,2025-02-16,-4.2,0.0
AVG,2025-02-17,-3.8,0.0
AVG,2025-02-18,-4.4,0.0
AVG,2025-02-19,-3.2,0.0
AVG,2025-02-20,-1.2,0.0
AVG,2025-02-21,1.7,0.0
AVG,2025-02-22,2.6,0.0
AVG,2025-02-23,3.1,0.0
AVG,2025-02-24,5.4,0.0
AVG,2025-02-25,5.9,0.0
AVG,2025-02-26,6.6,0.0
AVG,2025-02-27,6.7,0.0
AVG,2025-02-28,3.9,0.0
AVG,2025-03-01,3.3,0.0
AVG,2025-03-02,3.5,0.0
AVG,2025-03-03,4.6,0.0
AVG,2025-03-04,5.4,0.0
AVG,2025-03-05,7.9,0.0
AVG,2025-03-06,8.3,0.0
AVG,2025-03-07,9.0,0.0
AVG,2025-03-08,9.4,0.0
AVG,2025-03-09,10.1,0.0
AVG,2025-03-10,10.7,0.0
AVG,2025-03-11,10.5,0.0
AVG,2025-03-12,8.0,0.0
AVG,2025-03-13,3.9,0.0
AVG,2025-03-14,4.9,0.0
AVG,2025-03-15,4.5,0.0
AVG,2025-03-16,4.7,0.0
AVG,2025-03-17,2.5,0.0
AVG,2025-03-18,2.3,0.0
AVG,2025-03-19,5.7,0.0
AVG,2025-03-20,8.6,0.0
AVG,2025-03-21,11.4,0.0
AVG,2025-03-22,11.7,0.0
AVG,2025-03-23,9.3,0.0
AVG,2025-03-24,10.5,0.0
AVG,2025-03-25,11.1,0.0
AVG,2025-03-26,7.2,0.0
AVG,2025-03-27,9.0,0.0
AVG,2025-03-28,9.3,0.0
AVG,2025-03-29,10.4,0.0
AVG,2025-03-30,8.2,0.0
AVG,2025-03-31,7.0,0.0
AVG,2025-04-01,9.1,0.0
AVG,2025-04-02,11.4,0.0
AVG,2025-04-03,12.4,0.0
AVG,2025-04-04,13.2,0.0
AVG,2025-04-05,7.5,0.0
AVG,2025-04-06,3.3,0.0
AVG,2025-04-07,6.6,0.0
AVG,2025-04-08,8.8,0.0
AVG,2025-04-09,9.2,0.0
AVG,2025-04-10,9.4,0.0
AVG,2025-04-11,11.8,0.0
AVG,2025-04-12,14.4,0.0
AVG,2025-04-13,16.1,0.0
AVG,2025-04-14,17.7,0.0
AVG,2025-04-15,15.2,0.0
AVG,2025-04-16,19.4,0.0
AVG,2025-04-17,21.2,0.0
AVG,2025-04-18,10.0,0.0
AVG,2025-04-19,11.7,0.0
AVG,2025-04-20,16.4,0.0
AVG,2025-04-21,15.1,0.0
AVG,2025-04-22,15.4,0.0
AVG,2025-04-23,16.1,0.0
AVG,2025-04-24,12.1,0.0
AVG,2025-04-25,10.4,0.0
AVG,2025-04-26,11.4,0.0
AVG,2025-04-27,12.0,0.0
AVG,2025-04-28,14.5,0.0
AVG,2025-04-29,16.4,0.0
AVG,2025-04-30,17.2,0.0
AVG,2025-05-01,18.3,0.0
AVG,2025-05-02,20.7,0.0
AVG,2025-05-03,17.7,0.0
AVG,2025-05-04,11.8,0.0
AVG,2025-05-05,10.2,0.0
AVG,2025-05-06,10.7,0.0
AVG,2025-05-07,11.0,0.0
AVG,2025-05-08,10.8,0.0
AVG,2025-05-09,10.7,0.0
AVG,2025-05-10,13.9,0.0
AVG,2025-05-11,14.2,0.0
AVG,2025-05-12,13.4,0.0
AVG,2025-05-13,15.0,0.0
AVG,2025-05-14,16.5,0.0
AVG,2025-05-15,11.2,0.0
AVG,2025-05-16,11.0,0.0
AVG,2025-05-17,11.0,0.0
AVG,2025-05-18,11.4,0.0
AVG,2025-05-19,13.1,0.0
AVG,2025-05-20,16.2,0.0
AVG,2025-05-21,16.3,0.0
AVG,2025-05-22,10.6,0.0
AVG,2025-05-23,10.4,0.0
AVG,2025-05-24,12.4,0.0
AVG,2025-05-25,12.4,0.0
AVG,2025-05-26,15.6,0.0
AVG,2025-05-27,16.8,0.0
AVG,2025-05-28,13.9,0.0
AVG,2025-05-29,15.8,0.0
AVG,2025-05-30,20.1,0.0
AVG,2025-05-31,21.3,0.0
AVG,2025-06-01,18.8,0.0
AVG,2025-06-02,18.2,0.0
AVG,2025-06-03,19.7,0.0
AVG,2025-06-04,23.7,0.0
AVG,2025-06-05,18.0,0.0
AVG,2025-06-06,19.9,0.0
AVG,2025-06-07,16.3,0.0
AVG,2025-06-08,14.0,0.0
AVG,2025-06-09,14.8,0.0
AVG,2025-06-10,18.8,0.0
AVG,2025-06-11,16.4,0.0
AVG,2025-06-12,18.6,0.0
AVG,2025-06-13,19.8,0.0
AVG,2025-06-14,22.0,0.0
AVG,2025-06-15,23.0,0.0
AVG,2025-06-16,17.4,0.0
AVG,2025-06-17,20.5,0.0
AVG,2025-06-18,23.3,0.0
AVG,2025-06-19,20.8,0.0
AVG,2025-06-20,19.9,0.0
AVG,2025-06-21,20.8,0.0
AVG,2025-06-22,24.9,0.0
AVG,2025-06-23,22.8,0.0
AVG,2025-06-24,22.3,0.0
AVG,2025-06-25,25.8,3.0
AVG,2025-06-26,25.5,0.0
AVG,2025-06-27,20.4,0.0
AVG,2025-06-28,25.5,0.0
AVG,2025-06-29,26.9,0.0
AVG,2025-06-30,24.1,0.0
AVG,2025-07-01,24.9,0.0
AVG,2025-07-02,28.7,0.0
AVG,2025-07-03,21.4,0.0
AVG,2025-07-04,21.6,0.0
AVG,2025-07-05,24.7,0.0
AVG,2025-07-06,24.0,0.0
AVG,2025-07-07,19.0,0.0
AVG,2025-07-08,15.6,0.0
AVG,2025-07-09,17.4,0.0
AVG,2025-07-10,19.1,0.0
AVG,2025-07-11,18.5,0.0
AVG,2025-07-12,15.7,0.0
AVG,2025-07-13,20.9,0.0
AVG,2025-07-14,22.5,0.0
AVG,2025-07-15,20.4,0.0
AVG,2025-07-16,17.8,0.0
AVG,2025-07-17,17.5,0.0
AVG,2025-07-18,20.3,0.0
AVG,2025-07-19,23.3,0.0
AVG,2025-07-20,26.0,0.0
AVG,2025-07-21,20.4,0.0
AVG,2025-07-22,20.2,0.0
AVG,2025-07-23,21.7,0.0
AVG,2025-07-24,19.3,0.0
AVG,2025-07-25,21.4,0.0
AVG,2025-07-26,20.5,0.0
AVG,2025-07-27,21.3,0.0
AVG,2025-07-28,18.5,0.0
AVG,2025-07-29,19.5,0.0
AVG,2025-07-30,15.7,0.0
AVG,2025-07-31,18.3,0.0
AVG,2025-08-01,17.7,0.0
AVG,2025-08-02,17.3,0.0
AVG,2025-08-03,16.1,0.0
AVG,2025-08-04,16.6,0.0
AVG,2025-08-05,18.1,0.0
AVG,2025-08-06,18.5,0.0
AVG,2025-08-07,21.0,0.0
AVG,2025-08-08,23.9,0.0
AVG,2025-08-09,24.0,0.0
AVG,2025-08-10,21.9,0.0
AVG,2025-08-11,21.2,0.0
AVG,2025-08-12,23.3,0.0
AVG,2025-08-13,26.5,0.0
AVG,2025-08-14,28.4,0.0
AVG,2025-08-15,29.0,0.0
AVG,2025-08-16,21.6,0.0
AVG,2025-08-17,17.9,0.0
AVG,2025-08-18,19.7,0.0
AVG,2025-08-19,21.1,0.0
AVG,2025-08-20,22.2,0.0
AVG,2025-08-21,21.6,0.0
AVG,2025-08-22,16.2,0.0
AVG,2025-08-23,13.6,0.0
AVG,2025-08-24,15.4,0.0
AVG,2025-08-25,18.5,0.0
AVG,2025-08-26,19.4,0.0
AVG,2025-08-27,21.4,0.0
AVG,2025-08-28,21.3,0.0
AVG,2025-08-29,21.0,0.0
AVG,2025-08-30,19.3,0.0
AVG,2025-08-31,19.9,0.0
AVG,2025-09-01,21.7,0.0
AVG,2025-09-02,16.9,0.0
AVG,2025-09-03,19.1,0.0
AVG,2025-09-04,22.4,0.0
AVG,2025-09-05,16.9,0.0
AVG,2025-09-06,17.1,0.0
AVG,2025-09-07,16.7,0.0
AVG,2025-09-08,16.5,0.0
AVG,2025-09-09,17.7,0.0
AVG,2025-09-10,16.6,0.0
AVG,2025-09-11,16.9,0.0
AVG,2025-09-12,15.2,0.0
AVG,2025-09-13,15.8,0.0
AVG,2025-09-14,13.4,0.0
AVG,2025-09-15,18.3,0.0
AVG,2025-09-16,15.4,0.0
AVG,2025-09-17,14.1,0.0
AVG,2025-09-18,19.3,0.0
AVG,2025-09-19,20.2,0.0
AVG,2025-09-20,21.4,0.0
AVG,2025-09-21,21.4,0.0
AVG,2025-09-22,12.1,0.0
AVG,2025-09-23,12.5,0.0
AVG,2025-09-24,12.9,0.0
AVG,2025-09-25,8.9,0.0
AVG,2025-09-26,12.3,0.0
AVG,2025-09-27,15.0,0.0
AVG,2025-09-28,15.2,0.0
AVG,2025-09-29,10.5,0.0
AVG,2025-09-30,9.2,0.0
AVG,2025-10-01,9.0,0.0
AVG,2025-10-02,9.1,0.0
AVG,2025-10-03,6.8,0.0
AVG,2025-10-04,8.6,0.0
AVG,2025-10-05,9.9,0.0
AVG,2025-10-06,11.0,0.0
AVG,2025-10-07,12.4,0.0
AVG,2025-10-08,13.8,0.0
AVG,2025-10-09,12.4,0.0
AVG,2025-10-10,13.1,0.0
AVG,2025-10-11,13.6,0.0
AVG,2025-10-12,13.0,0.0
AVG,2025-10-13,12.2,0.0
AVG,2025-10-14,10.2,0.0
AVG,2025-10-15,10.9,0.0
AVG,2025-10-16,11.2,0.0
AVG,2025-10-17,11.2,0.0
AVG,2025-10-18,6.7,0.0
AVG,2025-10-19,5.8,0.0
AVG,2025-10-20,8.7,0.0
AVG,2025-10-21,13.1,0.0
AVG,2025-10-22,10.5,0.0
AVG,2025-10-23,12.0,0.0
AVG,2025-10-24,8.0,0.0
AVG,2025-10-25,9.9,0.0
AVG,2025-10-26,8.1,0.0
AVG,2025-10-27,7.9,0.0
AVG,2025-10-28,10.5,0.0
AVG,2025-10-29,11.1,0.0
AVG,2025-10-30,9.6,0.0
AVG,2025-10-31,6.8,0.0
AVG,2025-11-01,10.1,0.0
AVG,2025-11-02,9.9,0.0
AVG,2025-11-03,8.1,0.0
AVG,2025-11-04,8.5,0.0
AVG,2025-11-05,5.6,0.0
AVG,2025-11-06,7.3,0.0
AVG,2025-11-07,7.4,0.0
AVG,2025-11-08,6.2,0.0
AVG,2025-11-09,5.6,0.0
AVG,2025-11-10,7.7,0.0
AVG,2025-11-11,7.1,0.0
AVG,2025-11-12,5.1,0.0
AVG,2025-11-13,6.4,0.0
AVG,2025-11-14,5.6,0.0
AVG,2025-11-15,6.6,0.0
AVG,2025-11-16,7.6,0.0
AVG,2025-11-17,3.8,0.0
AVG,2025-11-18,1.5,0.0
AVG,2025-11-19,1.5,0.0
AVG,2025-11-20,2.3,0.0
AVG,2025-11-21,-0.5,0.0
AVG,2025-11-22,-2.5,0.0
AVG,2025-11-23,-4.3,0.0
AVG,2025-11-24,-0.1,0.0
AVG,2025-11-25,1.3,0.0
AVG,2025-11-26,1.2,0.0
AVG,2025-11-27,2.0,0.0
AVG,2025-11-28,1.6,0.0
AVG,2025-11-29,3.6,0.0
AVG,2025-11-30,2.7,0.0
AVG,2025-12-01,3.9,0.0
AVG,2025-12-02,3.7,0.0
AVG,2025-12-03,1.9,0.0
AVG,2025-12-04,3.4,0.0
AVG,2025-12-05,3.9,0.0
AVG,2025-12-06,2.3,0.0
AVG,2025-12-07,7.3,0.0
AVG,2025-12-08,11.1,0.0
AVG,2025-12-09,11.1,0.0
AVG,2025-12-10,9.8,0.0
AVG,2025-12-11,8.2,0.0
AVG,2025-12-12,1.8,0.0
AVG,2025-12-13,1.5,0.0
AVG,2025-12-14,1.9,0.0
AVG,2025-12-15,0.3,0.0
AVG,2025-12-16,0.7,0.0
AVG,2025-12-17,1.2,0.0
AVG,2025-12-18,1.3,0.0
AVG,2025-12-19,0.9,0.0
AVG,2025-12-20,2.5,0.0
AVG,2025-12-21,1.6,0.0
AVG,2025-12-22,3.1,0.0
AVG,2025-12-23,2.6,0.0
AVG,2025-12-24,-1.5,0.0
AVG,2025-12-25,-2.8,0.0
AVG,2025-12-26,-2.6,0.0
AVG,2025-12-27,-0.3,0.0
AVG,2025-12-28,0.1,0.0
AVG,2025-12-29,0.5,0.0
AVG,2025-12-30,-0.2,0.0
AVG,2025-12-31,-0.3,0.0
