date,RAIN,SNOW,SUN,TEMP,WIND
2020-01-01,0.0,0.0,7.0,1.2,2.4
2020-01-02,0.0,0.0,6.6,-4.0,1.6
2020-01-03,0.1,0.0,0.1,3.5,5.3
2020-01-04,0.1,0.0,0.1,4.4,5.2
2020-01-05,0.1,0.0,5.3,1.5,3.3
2020-01-06,0.0,0.0,0.0,1.0,2.7
2020-01-07,0.0,0.0,2.3,2.1,4.3
2020-01-08,2.4,0.0,0.1,4.5,3.2
2020-01-09,1.4,0.0,0.0,7.3,2.1
2020-01-10,0.1,0.0,1.8,8.3,4.1
2020-01-11,0.0,0.0,0.2,3.1,3.6
2020-01-12,0.0,0.0,6.1,2.6,3.8
2020-01-13,0.1,0.0,0.1,4.4,2.4
2020-01-14,0.0,0.0,4.1,3.5,2.9
2020-01-15,0.0,0.0,7.0,1.2,2.9
2020-01-16,0.0,0.0,3.0,2.3,1.2
2020-01-17,0.9,0.0,6.5,0.8,1.2
2020-01-18,0.7,0.0,0.0,2.6,1.0
2020-01-19,0.1,0.0,0.7,2.9,2.1
2020-01-20,0.0,0.0,0.1,2.9,1.5
2020-01-21,0.0,0.0,2.8,-1.8,1.9
2020-01-22,0.0,0.0,2.5,1.4,1.8
2020-01-23,0.0,0.0,1.2,1.5,2.0
2020-01-24,0.0,0.0,0.0,-0.7,2.5
2020-01-25,0.0,0.0,0.0,0.3,1.4
2020-01-26,0.2,0.0,0.0,0.4,1.5
2020-01-27,0.7,0.0,4.5,4.2,1.9
2020-01-28,0.6,0.0,1.6,4.9,6.4
2020-01-29,0.0,0.0,0.2,3.3,6.8
2020-01-30,0.1,0.0,0.9,5.0,5.2
2020-01-31,0.6,0.0,0.7,11.9,6.3
2020-02-01,2.0,0.0,0.9,11.8,5.7
2020-02-02,3.2,0.0,1.2,10.2,6.0
2020-02-03,16.1,0.0,1.7,9.5,6.3
2020-02-04,4.0,0.0,2.8,3.8,6.8
2020-02-05,0.0,0.0,2.5,1.7,5.1
2020-02-06,0.0,0.0,0.0,2.4,4.2
2020-02-07,0.0,0.0,0.1,4.9,2.2
2020-02-08,0.0,0.0,8.7,3.2,2.3
2020-02-09,0.2,0.0,7.9,7.1,4.2
2020-02-10,3.4,0.0,3.9,7.8,11.1
2020-02-11,0.1,0.0,5.9,4.5,8.4
2020-02-12,0.0,0.0,3.0,2.9,6.9
2020-02-13,0.7,0.0,4.3,4.1,3.6
2020-02-14,0.0,0.0,1.3,6.8,4.7
2020-02-15,0.0,0.0,2.6,5.4,2.3
2020-02-16,0.0,0.0,0.5,9.6,3.3
2020-02-17,0.1,0.0,0.0,10.3,4.2
2020-02-18,0.0,0.0,5.7,6.5,6.8
2020-02-19,0.3,0.0,0.4,5.1,5.4
2020-02-20,1.2,0.0,1.5,5.2,3.2
2020-02-21,0.1,0.0,0.7,4.2,6.7
2020-02-22,0.0,0.0,3.5,9.7,5.9
2020-02-23,0.6,0.0,0.0,11.7,7.6
2020-02-24,0.6,0.0,1.4,5.7,4.0
2020-02-25,0.9,0.0,0.0,8.9,5.0
2020-02-26,0.0,0.0,2.1,4.7,5.6
2020-02-27,0.9,0.0,3.0,4.2,5.3
2020-02-28,1.9,0.0,1.2,2.8,5.0
2020-02-29,3.7,1.0,1.4,5.4,2.9
2020-03-01,0.1,0.0,5.2,8.2,3.8
2020-03-02,0.7,0.0,5.5,8.3,3.1
2020-03-03,7.8,0.0,0.0,4.9,2.5
2020-03-04,0.0,0.0,4.2,4.5,4.0
2020-03-05,2.4,0.0,9.1,6.7,3.2
2020-03-06,0.6,0.0,1.8,6.9,4.5
2020-03-07,0.8,0.0,0.5,4.8,5.8
2020-03-08,0.0,0.0,7.0,6.6,3.4
2020-03-09,0.3,0.0,0.3,6.7,2.0
2020-03-10,3.6,0.0,1.4,6.1,5.8
2020-03-11,22.4,0.0,0.0,9.8,3.2
2020-03-12,0.4,0.0,2.0,12.1,5.9
2020-03-13,0.0,0.0,7.5,7.6,7.4
2020-03-14,0.0,0.0,8.0,5.2,1.5
2020-03-15,0.0,0.0,10.3,5.0,2.7
2020-03-16,0.0,0.0,10.3,8.0,2.4
2020-03-17,0.0,0.0,3.5,10.1,1.2
2020-03-18,0.0,0.0,9.2,10.8,2.4
2020-03-19,0.0,0.0,0.8,11.7,1.5
2020-03-20,11.3,0.0,4.3,10.1,3.0
2020-03-21,1.0,0.0,0.0,3.3,4.2
2020-03-22,0.1,0.0,6.2,0.1,3.0
2020-03-23,0.0,0.0,11.6,0.8,2.9
2020-03-24,0.0,0.0,11.9,2.2,2.7
2020-03-25,0.0,0.0,11.7,2.5,3.7
2020-03-26,0.0,0.0,2.2,4.9,3.1
2020-03-27,0.0,0.0,11.1,11.7,2.7
2020-03-28,0.0,0.0,11.4,9.4,2.8
2020-03-29,0.4,0.0,5.5,4.2,5.3
2020-03-30,0.5,0.0,12.2,2.1,3.1
2020-03-31,0.1,0.0,5.4,1.4,3.5
2020-04-01,0.0,0.0,12.4,3.3,1.9
2020-04-02,0.0,0.0,12.4,6.8,1.9
2020-04-03,0.0,0.0,1.2,6.8,2.0
2020-04-04,0.0,0.0,4.0,9.3,1.0
2020-04-05,0.0,0.0,12.4,9.9,2.7
2020-04-06,0.0,0.0,12.6,14.3,3.2
2020-04-07,0.0,0.0,12.5,14.7,1.7
2020-04-08,0.0,0.0,12.8,14.8,1.6
2020-04-09,0.0,0.0,12.1,14.4,2.2
2020-04-10,0.0,0.0,10.0,13.1,2.3
2020-04-11,0.0,0.0,12.6,12.4,1.1
2020-04-12,0.1,0.0,12.9,15.0,2.0
2020-04-13,0.1,0.0,2.4,8.5,4.5
2020-04-14,0.0,0.0,6.2,5.0,3.8
2020-04-15,0.0,0.0,10.1,10.4,3.0
2020-04-16,0.0,0.0,13.1,15.6,1.2
2020-04-17,0.0,0.0,12.6,15.1,1.5
2020-04-18,7.2,0.0,10.4,15.2,1.3
2020-04-19,0.3,0.0,5.1,11.2,3.1
2020-04-20,0.0,0.0,13.3,10.7,4.1
2020-04-21,0.0,0.0,13.2,12.0,4.6
2020-04-22,0.0,0.0,13.4,12.7,3.8
2020-04-23,0.0,0.0,13.3,15.0,1.7
2020-04-24,0.0,0.0,9.0,16.0,4.5
2020-04-25,0.0,0.0,5.6,9.6,4.8
2020-04-26,0.0,0.0,11.2,11.8,1.4
2020-04-27,0.0,0.0,12.8,15.9,2.5
2020-04-28,0.9,0.0,5.6,18.5,1.5
2020-04-29,1.3,0.0,0.5,13.4,2.9
2020-04-30,2.3,0.0,5.0,15.5,3.4
2020-05-01,0.1,0.0,6.9,13.1,3.4
2020-05-02,0.3,0.0,4.9,10.6,4.1
2020-05-03,0.3,0.0,2.6,11.7,3.0
2020-05-04,1.8,0.0,3.0,11.7,2.4
2020-05-05,0.3,0.0,5.5,8.5,2.5
2020-05-06,0.0,0.0,4.9,10.9,4.3
2020-05-07,0.0,0.0,12.3,13.7,3.1
2020-05-08,0.0,0.0,11.2,17.2,2.1
2020-05-09,0.8,0.0,7.0,17.4,0.9
2020-05-10,9.3,0.0,3.8,18.1,1.1
2020-05-11,22.3,0.0,0.0,7.6,4.5
2020-05-12,0.0,0.0,13.0,8.5,2.7
2020-05-13,4.5,0.0,6.9,9.6,1.7
2020-05-14,0.1,0.0,3.6,11.3,2.5
2020-05-15,0.0,0.0,4.5,11.9,2.6
2020-05-16,0.0,0.0,13.6,13.7,2.5
2020-05-17,0.0,0.0,11.9,15.3,2.0
2020-05-18,0.0,0.0,14.3,17.5,2.2
2020-05-19,0.0,0.0,9.6,18.7,2.1
2020-05-20,0.0,0.0,0.4,15.9,2.6
2020-05-21,0.0,0.0,10.3,15.7,2.7
2020-05-22,5.8,0.0,5.4,15.9,2.1
2020-05-23,5.7,0.0,0.0,14.0,2.6
2020-05-24,1.0,0.0,6.6,13.8,6.8
2020-05-25,0.7,0.0,1.3,11.6,4.0
2020-05-26,0.0,0.0,5.7,14.3,2.6
2020-05-27,3.9,0.0,11.8,16.5,1.5
2020-05-28,0.1,0.0,2.2,12.6,3.2
2020-05-29,0.0,0.0,10.2,15.0,3.5
2020-05-30,0.0,0.0,4.9,14.1,2.4
2020-05-31,0.5,0.0,0.9,13.7,3.5
2020-06-01,0.0,0.0,14.3,18.5,3.0
2020-06-02,4.2,0.0,9.1,16.5,3.9
2020-06-03,2.0,0.0,9.8,18.0,3.2
2020-06-04,13.2,0.0,4.4,15.4,1.2
2020-06-05,0.5,0.0,3.1,14.5,4.7
2020-06-06,2.6,0.0,1.1,15.2,2.6
2020-06-07,3.1,0.0,0.9,13.9,3.6
2020-06-08,0.0,0.0,4.5,15.7,1.8
2020-06-09,0.2,0.0,0.6,17.4,3.6
2020-06-10,9.6,0.0,0.0,14.7,1.6
2020-06-11,0.0,0.0,3.3,18.3,1.4
2020-06-12,0.0,0.0,13.7,21.7,1.8
2020-06-13,23.5,0.0,9.2,21.6,1.0
2020-06-14,8.1,0.0,0.1,18.7,0.7
2020-06-15,0.0,0.0,9.6,21.5,1.8
2020-06-16,0.0,0.0,11.9,21.8,1.9
2020-06-17,0.0,0.0,1.5,21.5,1.1
2020-06-18,1.2,0.0,0.2,17.1,3.0
2020-06-19,3.6,0.0,0.0,16.3,2.0
2020-06-20,6.9,0.0,0.0,16.1,4.3
2020-06-21,0.0,0.0,2.1,18.6,2.5
2020-06-22,0.0,0.0,11.8,21.3,2.2
2020-06-23,0.0,0.0,12.8,20.5,2.3
2020-06-24,0.5,0.0,6.7,16.6,2.0
2020-06-25,0.1,0.0,8.3,20.9,2.5
2020-06-26,0.0,0.0,4.6,20.8,1.5
2020-06-27,1.4,0.0,13.0,22.2,2.8
2020-06-28,9.8,0.0,10.4,25.0,2.9
2020-06-29,0.1,0.0,4.2,18.2,3.1
2020-06-30,0.0,0.0,12.2,20.9,5.2
2020-07-01,0.3,0.0,15.5,25.2,3.5
2020-07-02,5.2,0.0,6.3,20.2,2.5
2020-07-03,0.0,0.0,3.7,20.8,2.4
2020-07-04,0.0,0.0,14.4,21.3,3.5
2020-07-05,0.0,0.0,9.7,23.5,4.5
2020-07-06,0.1,0.0,5.0,19.7,4.3
2020-07-07,0.0,0.0,3.2,17.4,2.7
2020-07-08,4.3,0.0,0.3,15.0,1.7
2020-07-09,0.0,0.0,2.5,20.7,1.3
2020-07-10,0.4,0.0,10.0,24.9,5.7
2020-07-11,1.2,0.0,2.9,16.6,1.9
2020-07-12,0.0,0.0,11.0,17.8,1.3
2020-07-13,0.0,0.0,13.4,18.5,1.4
2020-07-14,0.0,0.0,14.7,20.7,2.3
2020-07-15,3.3,0.0,5.6,18.2,3.0
2020-07-16,9.4,0.0,1.8,16.1,2.0
2020-07-17,1.7,0.0,4.2,16.6,2.9
2020-07-18,7.4,0.0,3.1,18.5,1.5
2020-07-19,0.0,0.0,10.2,21.8,2.4
2020-07-20,0.8,0.0,9.6,23.3,1.7
2020-07-21,0.0,0.0,6.8,21.2,1.1
2020-07-22,0.0,0.0,13.9,20.8,1.8
2020-07-23,0.0,0.0,10.1,20.7,1.7
2020-07-24,0.1,0.0,7.6,22.5,2.2
2020-07-25,0.0,0.0,7.4,23.4,1.3
2020-07-26,1.6,0.0,6.7,19.7,3.0
2020-07-27,0.0,0.0,12.0,23.6,1.4
2020-07-28,0.0,0.0,10.5,26.3,4.6
2020-07-29,0.0,0.0,13.8,23.6,2.3
2020-07-30,0.0,0.0,13.6,23.4,1.7
2020-07-31,0.0,0.0,14.4,23.8,2.3
2020-08-01,0.0,0.0,14.4,24.8,1.4
2020-08-02,8.7,0.0,0.2,20.2,2.1
2020-08-03,7.5,0.0,0.1,17.5,2.4
2020-08-04,1.4,0.0,0.3,15.3,2.9
2020-08-05,0.0,0.0,14.0,19.6,1.2
2020-08-06,0.0,0.0,13.8,22.2,1.7
2020-08-07,0.0,0.0,12.3,25.8,0.4
2020-08-08,0.0,0.0,12.5,26.1,0.6
2020-08-09,0.0,0.0,13.0,27.1,1.8
2020-08-10,15.2,0.0,5.9,22.1,1.7
2020-08-11,0.0,0.0,9.7,23.7,1.9
2020-08-12,0.0,0.0,11.4,25.1,1.7
2020-08-13,0.0,0.0,12.4,26.8,1.5
2020-08-14,19.2,0.0,5.8,21.9,2.4
2020-08-15,0.0,0.0,2.7,22.3,2.4
2020-08-16,0.0,0.0,12.4,23.8,1.4
2020-08-17,2.8,0.0,10.3,21.0,2.3
2020-08-18,1.5,0.0,2.9,20.6,2.5
2020-08-19,0.0,0.0,7.4,21.1,1.5
2020-08-20,0.0,0.0,13.1,23.6,1.7
2020-08-21,0.0,0.0,13.3,27.8,1.7
2020-08-22,1.2,0.0,2.0,21.2,4.2
2020-08-23,1.5,0.0,6.6,19.3,3.6
2020-08-24,0.0,0.0,9.7,19.0,3.2
2020-08-25,0.0,0.0,11.1,19.2,2.4
2020-08-26,0.0,0.0,8.9,21.9,7.5
2020-08-27,0.0,0.0,1.9,18.3,3.3
2020-08-28,12.8,0.0,4.9,17.6,2.5
2020-08-29,1.6,0.0,0.1,17.3,1.8
2020-08-30,3.2,0.0,0.0,17.3,3.6
2020-08-31,1.2,0.0,2.8,16.2,3.2
2020-09-01,0.1,0.0,2.2,14.3,3.1
2020-09-02,0.0,0.0,8.2,14.8,2.6
2020-09-03,0.1,0.0,11.2,17.0,3.3
2020-09-04,0.0,0.0,3.5,22.0,2.5
2020-09-05,1.0,0.0,6.4,18.4,3.4
2020-09-06,0.0,0.0,7.2,16.8,2.2
2020-09-07,0.0,0.0,8.2,15.9,1.0
2020-09-08,0.0,0.0,12.4,17.5,2.9
2020-09-09,0.0,0.0,12.4,20.3,2.3
2020-09-10,0.0,0.0,2.2,17.8,1.4
2020-09-11,0.0,0.0,3.1,17.2,1.5
2020-09-12,0.0,0.0,10.2,19.5,1.9
2020-09-13,0.0,0.0,11.0,20.9,1.6
2020-09-14,0.0,0.0,11.2,22.4,1.5
2020-09-15,0.0,0.0,11.7,23.9,2.2
2020-09-16,0.5,0.0,11.0,23.0,1.6
2020-09-17,0.0,0.0,6.6,16.9,3.2
2020-09-18,0.0,0.0,12.0,14.3,1.3
2020-09-19,0.0,0.0,11.3,15.2,1.6
2020-09-20,0.0,0.0,11.6,17.2,2.0
2020-09-21,0.0,0.0,10.9,18.1,1.0
2020-09-22,0.0,0.0,10.7,19.7,1.4
2020-09-23,0.1,0.0,6.9,18.1,1.8
2020-09-24,1.0,0.0,6.2,17.9,3.1
2020-09-25,18.6,0.0,0.0,12.6,3.7
2020-09-26,13.8,0.0,0.0,7.7,4.0
2020-09-27,0.0,0.0,2.3,9.9,1.9
2020-09-28,2.6,0.0,0.0,8.8,1.5
2020-09-29,4.2,0.0,0.0,11.7,1.6
2020-09-30,0.0,0.0,5.9,12.3,1.5
2020-10-01,0.0,0.0,9.3,12.4,1.7
2020-10-02,0.0,0.0,5.2,14.9,2.5
2020-10-03,2.4,0.0,4.6,16.9,2.5
2020-10-04,0.0,0.0,9.3,14.0,2.5
2020-10-05,1.2,0.0,1.7,11.6,2.8
2020-10-06,0.6,0.0,1.3,13.4,4.1
2020-10-07,0.0,0.0,3.4,13.0,4.4
2020-10-08,0.0,0.0,5.9,13.5,4.8
2020-10-09,0.0,0.0,2.4,15.7,3.5
2020-10-10,6.4,0.0,0.0,10.4,1.7
2020-10-11,0.0,0.0,0.8,6.9,1.6
2020-10-12,0.0,0.0,2.6,8.3,1.9
2020-10-13,16.6,0.0,0.0,7.3,3.3
2020-10-14,10.1,0.0,0.0,7.7,6.2
2020-10-15,1.9,0.0,0.8,10.1,1.9
2020-10-16,0.4,0.0,0.0,8.6,2.1
2020-10-17,0.2,0.0,0.0,7.6,1.9
2020-10-18,0.0,0.0,0.2,8.6,4.0
2020-10-19,0.0,0.0,0.0,9.2,1.3
2020-10-20,0.0,0.0,4.5,8.8,1.7
2020-10-21,0.0,0.0,3.1,10.2,2.1
2020-10-22,0.9,0.0,3.0,12.1,1.5
2020-10-23,3.7,0.0,0.2,13.4,1.7
2020-10-24,0.0,0.0,7.8,12.9,2.9
2020-10-25,0.0,0.0,8.4,11.2,2.2
2020-10-26,0.1,0.0,0.0,11.7,2.5
2020-10-27,0.0,0.0,0.9,8.0,2.8
2020-10-28,0.3,0.0,2.1,8.6,2.2
2020-10-29,6.5,0.0,1.6,7.3,5.0
2020-10-30,1.2,0.0,0.0,11.9,4.4
2020-10-31,0.0,0.0,0.0,12.0,2.0
2020-11-01,4.2,0.0,0.0,10.4,2.8
2020-11-02,0.4,0.0,0.2,16.3,3.0
2020-11-03,3.2,0.0,0.3,14.1,2.2
2020-11-04,0.0,0.0,0.0,9.5,2.3
2020-11-05,0.0,0.0,3.9,5.4,1.4
2020-11-06,0.0,0.0,6.7,4.0,1.8
2020-11-07,0.0,0.0,0.0,2.5,0.8
2020-11-08,0.0,0.0,0.0,2.8,1.2
2020-11-09,0.0,0.0,0.0,3.8,1.2
2020-11-10,0.0,0.0,0.0,4.9,1.5
2020-11-11,0.1,0.0,0.0,5.5,1.2
2020-11-12,0.2,0.0,0.1,6.7,1.7
2020-11-13,0.0,0.0,0.9,8.1,1.6
2020-11-14,0.0,0.0,4.1,10.2,1.4
2020-11-15,0.7,0.0,0.4,7.2,1.8
2020-11-16,0.0,0.0,1.4,8.9,4.6
2020-11-17,0.0,0.0,1.8,10.4,4.1
2020-11-18,0.0,0.0,5.3,9.1,2.1
2020-11-19,0.0,0.0,2.3,7.5,4.3
2020-11-20,0.0,0.0,5.0,4.4,3.6
2020-11-21,0.0,0.0,7.5,1.1,2.5
2020-11-22,0.0,0.0,3.2,4.7,2.8
2020-11-23,0.0,0.0,0.0,5.2,3.0
2020-11-24,0.0,0.0,0.0,0.3,1.5
2020-11-25,0.0,0.0,0.0,0.6,2.1
2020-11-26,0.0,0.0,0.0,0.2,1.5
2020-11-27,0.0,0.0,0.0,0.4,1.2
2020-11-28,0.2,0.0,0.0,1.7,1.4
2020-11-29,0.0,0.0,3.0,2.4,2.5
2020-11-30,0.0,0.0,3.8,0.6,1.7
2020-12-01,0.0,0.0,0.0,-0.1,1.5
2020-12-02,1.0,0.0,0.9,-1.4,2.8
2020-12-03,0.3,1.0,0.0,-1.3,2.1
2020-12-04,0.0,0.0,1.0,2.0,2.0
2020-12-05,0.0,0.0,1.1,6.5,1.5
2020-12-06,0.0,0.0,3.3,10.4,3.8
2020-12-07,0.0,0.0,0.0,7.6,3.2
2020-12-08,0.7,0.0,4.3,4.4,3.2
2020-12-09,0.2,0.0,0.0,5.8,2.2
2020-12-10,0.1,0.0,0.0,4.0,1.9
2020-12-11,0.1,0.0,0.6,3.1,3.0
2020-12-12,0.0,0.0,0.0,3.4,1.8
2020-12-13,0.0,0.0,0.0,5.0,1.3
2020-12-14,0.0,0.0,4.3,5.2,2.4
2020-12-15,0.0,0.0,0.0,3.7,2.3
2020-12-16,0.0,0.0,0.0,3.9,1.6
2020-12-17,0.0,0.0,0.0,3.1,2.0
2020-12-18,0.0,0.0,0.0,2.3,1.4
2020-12-19,0.0,0.0,0.0,1.8,2.2
2020-12-20,0.2,0.0,0.0,2.2,2.3
2020-12-21,1.1,0.0,0.0,3.2,1.9
2020-12-22,3.0,0.0,1.0,10.0,4.4
2020-12-23,2.8,0.0,0.0,11.1,2.1
2020-12-24,0.2,0.0,0.4,6.7,5.1
2020-12-25,0.8,0.0,0.0,2.2,2.3
2020-12-26,0.0,0.0,3.3,0.8,4.3
2020-12-27,0.0,0.0,5.7,-0.1,2.8
2020-12-28,0.1,0.0,0.2,1.5,2.3
2020-12-29,0.0,0.0,2.1,3.5,4.1
2020-12-30,0.0,0.0,5.0,1.2,2.2
2020-12-31,0.0,0.0,5.8,1.1,1.6
2021-01-01,0.0,0.0,0.4,-0.1,0.5
2021-01-02,1.4,0.0,0.0,-0.3,1.1
2021-01-03,0.5,0.0,0.0,3.0,1.3
2021-01-04,2.7,0.0,0.0,3.3,1.5
2021-01-05,0.3,0.0,0.0,1.7,1.8
2021-01-06,6.4,0.0,0.0,0.6,1.5
2021-01-07,0.0,5.0,0.0,0.3,2.3
2021-01-08,0.1,3.0,0.2,0.2,3.8
2021-01-09,0.1,3.0,3.0,0.7,2.0
2021-01-10,0.0,2.0,0.0,0.3,1.9
2021-01-11,0.0,0.0,3.2,-1.6,2.9
2021-01-12,1.1,0.0,0.0,1.0,5.3
2021-01-13,0.8,0.0,1.4,1.4,6.1
2021-01-14,0.0,3.0,0.3,0.3,5.0
2021-01-15,1.4,3.0,0.0,-0.7,2.8
2021-01-16,0.0,4.0,0.6,-4.2,4.7
2021-01-17,0.2,2.0,0.0,-2.8,1.6
2021-01-18,0.1,2.0,0.2,0.5,4.1
2021-01-19,0.1,0.0,0.0,2.9,6.0
2021-01-20,0.0,0.0,3.9,6.5,2.7
2021-01-21,0.0,0.0,2.9,4.3,2.5
2021-01-22,0.0,0.0,5.1,8.0,3.2
2021-01-23,3.2,0.0,0.0,2.8,1.6
2021-01-24,0.9,0.0,0.1,1.5,4.5
2021-01-25,0.0,0.0,4.0,1.1,1.4
2021-01-26,2.3,0.0,0.1,-0.1,2.9
2021-01-27,0.1,3.0,3.4,0.0,3.8
2021-01-28,3.6,2.0,0.0,2.0,2.4
2021-01-29,8.3,0.0,0.0,3.5,2.6
2021-01-30,1.2,0.0,0.0,0.7,4.4
2021-01-31,0.0,0.0,8.1,-2.4,2.0
2021-02-01,0.0,0.0,6.8,0.3,1.4
2021-02-02,0.4,0.0,0.3,5.5,2.6
2021-02-03,3.4,0.0,0.0,9.0,3.3
2021-02-04,0.0,0.0,0.9,7.0,4.8
2021-02-05,2.7,0.0,0.2,3.5,2.3
2021-02-06,8.0,0.0,0.0,-0.4,3.7
2021-02-07,11.6,0.0,0.0,-4.5,4.6
2021-02-08,2.2,10.0,0.0,-6.2,1.9
2021-02-09,0.1,12.0,0.0,-7.3,2.1
2021-02-10,0.0,12.0,0.0,-9.0,3.2
2021-02-11,0.0,12.0,0.2,-5.8,3.2
2021-02-12,0.0,12.0,6.1,-8.1,1.7
2021-02-13,0.0,12.0,6.5,-5.8,2.7
2021-02-14,0.0,12.0,9.6,-6.4,1.3
2021-02-15,2.0,12.0,6.0,-7.6,1.3
2021-02-16,1.5,13.0,1.4,0.8,1.0
2021-02-17,0.4,5.0,1.8,5.7,3.9
2021-02-18,0.0,0.0,6.3,7.0,2.3
2021-02-19,0.0,0.0,6.1,6.1,2.5
2021-02-20,0.0,0.0,9.6,5.2,1.2
2021-02-21,0.0,0.0,0.0,3.6,2.0
2021-02-22,0.0,0.0,2.9,4.7,1.2
2021-02-23,0.0,0.0,5.0,2.8,1.4
2021-02-24,0.0,0.0,5.3,4.7,1.3
2021-02-25,0.0,0.0,7.4,6.4,1.5
2021-02-26,2.5,0.0,5.8,4.9,2.5
2021-02-27,0.0,0.0,0.5,4.1,2.1
2021-02-28,0.0,0.0,8.4,5.3,1.9
2021-03-01,0.0,0.0,2.4,2.4,1.4
2021-03-02,0.0,0.0,0.0,1.2,1.8
2021-03-03,0.0,0.0,0.1,1.9,1.6
2021-03-04,9.9,0.0,2.3,6.7,1.4
2021-03-05,0.6,0.0,1.2,1.5,2.7
2021-03-06,0.0,0.0,10.7,1.0,2.5
2021-03-07,0.0,0.0,10.6,1.9,2.3
2021-03-08,0.9,0.0,4.0,1.9,1.6
2021-03-09,0.0,0.0,5.1,0.4,1.1
2021-03-10,0.0,0.0,1.8,1.8,2.0
2021-03-11,0.5,0.0,0.0,8.2,4.4
2021-03-12,0.1,0.0,4.5,6.0,6.0
2021-03-13,0.0,0.0,1.5,7.2,7.1
2021-03-14,1.1,0.0,2.7,4.3,4.4
2021-03-15,0.5,0.0,3.4,3.8,3.9
2021-03-16,0.7,0.0,0.6,3.9,5.0
2021-03-17,0.6,0.0,0.0,2.4,3.3
2021-03-18,0.8,0.0,3.6,3.4,2.8
2021-03-19,1.8,0.0,1.7,0.7,3.4
2021-03-20,0.0,2.0,4.5,-1.9,3.0
2021-03-21,1.4,0.0,0.0,3.2,5.4
2021-03-22,0.0,0.0,5.8,4.3,4.3
2021-03-23,0.0,0.0,0.0,5.0,2.7
2021-03-24,0.0,0.0,5.7,7.7,1.7
2021-03-25,0.0,0.0,10.7,9.8,1.3
2021-03-26,0.0,0.0,6.7,11.6,2.6
2021-03-27,0.2,0.0,1.8,6.7,6.8
2021-03-28,0.1,0.0,4.8,7.3,3.3
2021-03-29,0.0,0.0,4.5,13.5,4.3
2021-03-30,0.0,0.0,12.3,14.7,2.0
2021-03-31,0.0,0.0,11.8,16.0,1.5
2021-04-01,0.0,0.0,7.2,15.1,3.6
2021-04-02,0.0,0.0,0.2,6.9,3.8
2021-04-03,0.0,0.0,2.3,4.9,4.9
2021-04-04,0.0,0.0,10.7,6.2,2.0
2021-04-05,2.6,0.0,1.2,4.9,6.0
2021-04-06,0.8,1.0,4.5,0.9,4.8
2021-04-07,0.1,0.0,4.4,2.8,6.7
2021-04-08,0.0,0.0,4.1,3.4,3.1
2021-04-09,0.0,0.0,8.8,8.6,3.1
2021-04-10,0.0,0.0,0.2,10.8,3.1
2021-04-11,0.0,0.0,9.8,13.7,1.9
2021-04-12,3.9,0.0,0.0,3.6,3.8
2021-04-13,0.0,0.0,1.4,4.8,3.7
2021-04-14,0.0,0.0,5.1,4.6,4.0
2021-04-15,1.2,0.0,2.6,2.3,4.8
2021-04-16,0.1,0.0,0.0,3.5,3.3
2021-04-17,0.3,0.0,0.0,4.2,2.5
2021-04-18,0.1,0.0,2.0,8.7,1.1
2021-04-19,0.2,0.0,0.4,8.5,1.7
2021-04-20,0.0,0.0,8.8,12.0,1.4
2021-04-21,1.3,0.0,8.0,10.6,2.7
2021-04-22,0.0,0.0,5.3,7.5,4.8
2021-04-23,0.0,0.0,11.3,8.2,3.1
2021-04-24,0.0,0.0,9.2,8.9,2.1
2021-04-25,0.0,0.0,5.6,7.6,2.6
2021-04-26,0.0,0.0,12.8,6.8,2.0
2021-04-27,0.0,0.0,13.2,8.7,3.5
2021-04-28,0.0,0.0,11.2,13.5,3.1
2021-04-29,0.1,0.0,1.4,13.6,3.8
2021-04-30,7.6,0.0,10.8,12.1,3.7
2021-05-01,25.1,0.0,0.4,10.8,2.5
2021-05-02,1.7,0.0,0.7,8.1,5.0
2021-05-03,0.0,0.0,4.5,8.9,3.8
2021-05-04,0.0,0.0,2.6,12.7,6.9
2021-05-05,0.0,0.0,4.8,8.7,6.2
2021-05-06,4.4,0.0,2.5,8.5,3.8
2021-05-07,0.6,0.0,4.1,7.1,6.9
2021-05-08,0.0,0.0,11.8,10.7,2.2
2021-05-09,0.0,0.0,12.7,18.7,2.3
2021-05-10,0.0,0.0,13.5,22.5,1.5
2021-05-11,0.0,0.0,12.4,22.9,3.2
2021-05-12,23.7,0.0,0.4,14.2,3.4
2021-05-13,18.9,0.0,0.0,10.1,3.7
2021-05-14,5.0,0.0,0.8,11.1,3.1
2021-05-15,2.3,0.0,3.1,13.1,2.4
2021-05-16,0.0,0.0,5.9,13.3,3.7
2021-05-17,1.0,0.0,3.5,12.4,5.4
2021-05-18,0.0,0.0,5.0,13.4,4.0
2021-05-19,0.0,0.0,5.4,12.2,2.9
2021-05-20,0.2,0.0,4.6,11.4,1.9
2021-05-21,0.1,0.0,1.1,13.7,4.4
2021-05-22,0.0,0.0,5.0,13.9,5.4
2021-05-23,0.6,0.0,4.9,12.4,4.6
2021-05-24,0.5,0.0,3.3,13.7,2.5
2021-05-25,0.5,0.0,3.0,10.7,5.4
2021-05-26,0.2,0.0,0.2,11.1,5.8
2021-05-27,0.6,0.0,6.2,12.1,4.4
2021-05-28,0.0,0.0,4.1,12.8,2.9
2021-05-29,0.1,0.0,6.0,12.3,3.2
2021-05-30,0.0,0.0,6.0,11.7,3.4
2021-05-31,0.0,0.0,11.5,15.5,1.7
2021-06-01,0.0,0.0,14.0,17.1,1.7
2021-06-02,0.0,0.0,12.0,18.8,2.0
2021-06-03,0.0,0.0,14.0,20.7,1.8
2021-06-04,0.0,0.0,13.5,23.2,1.6
2021-06-05,13.6,0.0,5.4,20.7,2.1
2021-06-06,0.0,0.0,6.1,20.8,1.7
2021-06-07,0.0,0.0,11.1,22.3,1.9
2021-06-08,0.0,0.0,13.8,22.8,2.3
2021-06-09,0.0,0.0,5.4,19.4,1.8
2021-06-10,0.0,0.0,10.5,19.2,1.9
2021-06-11,0.1,0.0,6.1,21.5,2.4
2021-06-12,1.5,0.0,3.2,19.8,4.6
2021-06-13,0.0,0.0,3.3,14.7,3.5
2021-06-14,0.0,0.0,14.9,19.3,1.2
2021-06-15,0.0,0.0,11.4,22.8,2.3
2021-06-16,0.0,0.0,10.0,24.5,1.7
2021-06-17,0.0,0.0,15.3,26.3,2.0
2021-06-18,0.0,0.0,15.1,26.8,2.7
2021-06-19,0.0,0.0,10.7,28.0,1.6
2021-06-20,0.0,0.0,11.2,28.3,2.5
2021-06-21,14.3,0.0,10.3,27.2,2.8
2021-06-22,1.6,0.0,0.8,18.4,3.4
2021-06-23,32.0,0.0,1.4,19.0,2.4
2021-06-24,8.0,0.0,4.8,21.0,2.3
2021-06-25,3.5,0.0,0.4,18.8,1.7
2021-06-26,0.0,0.0,5.3,20.6,1.6
2021-06-27,0.0,0.0,13.2,22.5,1.6
2021-06-28,2.7,0.0,9.0,23.7,1.8
2021-06-29,23.5,0.0,7.9,21.5,4.6
2021-06-30,0.0,0.0,5.5,19.0,6.0
2021-07-01,0.5,0.0,5.6,17.0,5.2
2021-07-02,4.6,0.0,0.0,15.6,3.5
2021-07-03,0.0,0.0,9.3,19.7,1.4
2021-07-04,0.0,0.0,9.7,20.8,1.7
2021-07-05,0.0,0.0,4.8,20.4,3.4
2021-07-06,1.3,0.0,14.7,25.0,2.8
2021-07-07,3.5,0.0,4.7,20.2,3.4
2021-07-08,33.0,0.0,3.6,19.7,1.3
2021-07-09,0.5,0.0,4.5,18.8,3.6
2021-07-10,0.0,0.0,13.7,20.7,3.0
2021-07-11,4.4,0.0,5.5,19.0,2.3
2021-07-12,0.0,0.0,8.1,20.3,2.7
2021-07-13,12.6,0.0,8.8,21.5,2.4
2021-07-14,11.0,0.0,2.9,18.5,1.6
2021-07-15,0.0,0.0,6.9,20.1,1.6
2021-07-16,0.0,0.0,11.2,22.5,2.3
2021-07-17,1.4,0.0,0.4,20.8,3.4
2021-07-18,0.0,0.0,9.5,22.0,3.7
2021-07-19,0.0,0.0,8.1,18.7,3.0
2021-07-20,0.0,0.0,0.8,16.9,2.8
2021-07-21,0.0,0.0,4.3,19.0,1.7
2021-07-22,0.0,0.0,5.6,20.3,1.5
2021-07-23,0.0,0.0,11.7,22.1,2.3
2021-07-24,0.0,0.0,8.3,23.4,2.6
2021-07-25,0.0,0.0,6.9,23.3,3.0
2021-07-26,0.2,0.0,8.7,22.0,2.6
2021-07-27,0.0,0.0,11.0,22.8,2.2
2021-07-28,2.8,0.0,2.0,19.3,2.6
2021-07-29,0.0,0.0,11.3,21.5,4.3
2021-07-30,0.0,0.0,13.2,22.3,2.4
2021-07-31,5.0,0.0,10.9,21.9,5.2
2021-08-01,14.5,0.0,0.9,15.8,2.8
2021-08-02,2.8,0.0,4.4,16.4,4.0
2021-08-03,2.7,0.0,11.1,17.3,2.1
2021-08-04,1.5,0.0,3.0,18.1,2.1
2021-08-05,6.0,0.0,0.1,16.2,1.6
2021-08-06,2.1,0.0,5.7,17.9,2.7
2021-08-07,11.1,0.0,8.4,18.2,4.7
2021-08-08,1.4,0.0,7.7,17.3,2.8
2021-08-09,0.0,0.0,11.0,19.4,2.1
2021-08-10,0.0,0.0,10.9,21.2,2.9
2021-08-11,0.0,0.0,9.6,20.8,2.3
2021-08-12,0.0,0.0,9.2,20.8,1.6
2021-08-13,0.0,0.0,10.5,24.3,1.3
2021-08-14,0.0,0.0,12.7,24.5,2.8
2021-08-15,0.0,0.0,12.2,24.7,2.4
2021-08-16,0.4,0.0,6.3,21.4,5.1
2021-08-17,0.0,0.0,3.1,14.7,5.8
2021-08-18,0.0,0.0,2.2,16.3,5.2
2021-08-19,0.0,0.0,0.1,18.5,3.4
2021-08-20,0.9,0.0,1.6,18.4,2.4
2021-08-21,0.0,0.0,9.7,20.0,0.9
2021-08-22,2.8,0.0,1.9,18.4,1.5
2021-08-23,3.5,0.0,3.5,15.5,4.4
2021-08-24,0.4,0.0,0.7,14.6,3.9
2021-08-25,1.7,0.0,10.4,16.9,1.8
2021-08-26,2.0,0.0,3.1,14.3,3.9
2021-08-27,16.1,0.0,1.2,12.7,2.8
2021-08-28,2.3,0.0,1.3,13.4,1.8
2021-08-29,0.1,0.0,2.3,13.7,1.9
2021-08-30,1.2,0.0,3.1,14.1,1.7
2021-08-31,1.2,0.0,0.0,14.5,3.6
2021-09-01,0.0,0.0,6.8,16.3,3.3
2021-09-02,0.0,0.0,11.2,17.2,1.8
2021-09-03,0.0,0.0,10.0,17.3,1.3
2021-09-04,0.0,0.0,11.9,18.2,1.5
2021-09-05,0.0,0.0,9.8,17.3,2.1
2021-09-06,0.0,0.0,10.0,18.7,1.6
2021-09-07,0.0,0.0,3.5,18.5,1.5
2021-09-08,0.0,0.0,12.0,19.1,1.9
2021-09-09,0.0,0.0,12.1,20.4,2.1
2021-09-10,0.0,0.0,9.5,20.1,1.8
2021-09-11,0.6,0.0,3.4,18.2,1.3
2021-09-12,14.5,0.0,4.4,18.1,1.0
2021-09-13,0.0,0.0,8.4,18.5,1.9
2021-09-14,0.0,0.0,11.0,19.4,0.9
2021-09-15,0.0,0.0,3.9,19.4,1.2
2021-09-16,16.6,0.0,0.3,18.0,2.5
2021-09-17,0.4,0.0,0.0,15.0,3.3
2021-09-18,0.0,0.0,0.1,14.7,3.3
2021-09-19,0.0,0.0,0.0,12.1,2.6
2021-09-20,0.0,0.0,0.4,11.9,1.8
2021-09-21,0.0,0.0,1.1,12.5,2.3
2021-09-22,0.0,0.0,2.4,13.2,4.3
2021-09-23,0.0,0.0,9.0,16.6,5.8
2021-09-24,0.0,0.0,0.5,15.9,3.8
2021-09-25,0.0,0.0,8.9,17.3,2.6
2021-09-26,0.0,0.0,7.1,18.3,1.1
2021-09-27,0.1,0.0,0.2,17.5,1.1
2021-09-28,0.0,0.0,5.3,16.0,2.2
2021-09-29,0.0,0.0,2.0,14.6,2.8
2021-09-30,0.0,0.0,9.0,10.3,2.9
2021-10-01,0.0,0.0,10.8,12.4,1.7
2021-10-02,0.0,0.0,9.5,15.1,1.7
2021-10-03,0.0,0.0,9.8,14.0,1.9
2021-10-04,0.0,0.0,4.7,14.6,1.4
2021-10-05,9.0,0.0,2.5,14.8,2.3
2021-10-06,0.1,0.0,0.3,12.5,3.0
2021-10-07,0.0,0.0,1.1,13.3,1.9
2021-10-08,0.0,0.0,9.7,11.7,2.4
2021-10-09,0.0,0.0,10.5,8.2,2.1
2021-10-10,0.0,0.0,10.3,6.2,1.6
2021-10-11,0.7,0.0,5.4,7.7,3.4
2021-10-12,4.5,0.0,3.2,7.8,3.6
2021-10-13,0.5,0.0,4.2,6.1,3.1
2021-10-14,1.0,0.0,0.0,8.0,3.6
2021-10-15,0.5,0.0,2.2,10.5,4.5
2021-10-16,0.0,0.0,5.1,7.5,1.5
2021-10-17,0.0,0.0,0.2,6.7,1.3
2021-10-18,0.0,0.0,7.2,10.3,2.0
2021-10-19,0.1,0.0,5.4,12.8,2.4
2021-10-20,0.4,0.0,6.3,17.1,4.4
2021-10-21,0.0,0.0,5.4,12.7,6.8
2021-10-22,0.0,0.0,9.6,8.5,8.2
2021-10-23,0.0,0.0,5.5,7.2,3.4
2021-10-24,0.0,0.0,9.7,5.9,2.5
2021-10-25,0.0,0.0,6.6,4.7,1.5
2021-10-26,0.0,0.0,5.9,8.7,2.9
2021-10-27,0.0,0.0,5.7,8.5,2.3
2021-10-28,0.0,0.0,5.3,8.5,1.3
2021-10-29,0.0,0.0,6.7,7.7,1.8
2021-10-30,0.0,0.0,6.4,7.8,1.2
2021-10-31,0.0,0.0,8.2,9.7,2.5
2021-11-01,14.4,0.0,2.4,7.1,1.9
2021-11-02,0.0,0.0,0.9,7.7,3.7
2021-11-03,2.7,0.0,5.0,7.5,2.7
2021-11-04,4.8,0.0,0.2,8.3,6.1
2021-11-05,0.2,0.0,0.1,6.5,3.9
2021-11-06,0.0,0.0,6.0,6.9,2.7
2021-11-07,0.0,0.0,2.2,5.6,3.3
2021-11-08,0.0,0.0,0.3,7.7,3.4
2021-11-09,0.0,0.0,5.9,6.4,2.5
2021-11-10,0.0,0.0,4.4,3.9,1.4
2021-11-11,0.0,0.0,0.0,4.6,0.7
2021-11-12,0.0,0.0,0.0,4.3,1.7
2021-11-13,3.1,0.0,0.0,4.8,1.3
2021-11-14,0.0,0.0,0.0,5.7,1.3
2021-11-15,0.0,0.0,0.0,4.7,2.5
2021-11-16,0.0,0.0,0.0,6.1,2.2
2021-11-17,0.0,0.0,0.0,4.9,3.1
2021-11-18,0.0,0.0,5.5,7.0,5.4
2021-11-19,0.0,0.0,0.0,8.2,5.1
2021-11-20,0.0,0.0,0.0,8.6,4.6
2021-11-21,0.8,0.0,0.0,4.6,2.6
2021-11-22,0.0,0.0,0.5,4.2,2.6
2021-11-23,0.0,0.0,6.0,3.2,2.4
2021-11-24,0.0,0.0,0.0,4.5,2.2
2021-11-25,0.0,0.0,0.0,1.5,2.3
2021-11-26,0.6,0.0,0.0,1.4,1.7
2021-11-27,0.0,0.0,0.8,2.0,2.2
2021-11-28,1.8,0.0,0.0,0.7,1.9
2021-11-29,1.0,0.0,0.8,1.0,3.5
2021-11-30,0.2,0.0,0.0,2.3,8.1
2021-12-01,0.5,0.0,0.3,7.1,5.6
2021-12-02,0.0,0.0,1.0,2.9,3.0
2021-12-03,0.0,0.0,7.3,-0.7,3.9
2021-12-04,8.5,0.0,0.0,0.2,1.9
2021-12-05,0.0,1.0,0.0,2.8,2.6
2021-12-06,0.0,0.0,0.0,0.2,2.3
2021-12-07,0.0,0.0,0.3,0.6,1.4
2021-12-08,0.8,0.0,1.4,-0.2,3.2
2021-12-09,5.3,2.0,0.0,-0.2,1.9
2021-12-10,0.0,4.0,4.6,-0.1,2.1
2021-12-11,0.0,0.0,0.0,0.8,1.9
2021-12-12,0.2,0.0,6.3,1.6,2.9
2021-12-13,0.1,0.0,0.0,5.2,1.7
2021-12-14,0.0,0.0,0.0,5.7,2.7
2021-12-15,0.0,0.0,0.1,6.2,3.0
2021-12-16,0.0,0.0,0.0,6.9,3.3
2021-12-17,0.0,0.0,1.3,4.5,4.3
2021-12-18,0.0,0.0,6.8,3.7,3.1
2021-12-19,0.2,0.0,0.6,5.0,4.7
2021-12-20,0.0,0.0,3.0,1.2,3.3
2021-12-21,0.0,0.0,1.1,-0.7,1.3
2021-12-22,0.0,0.0,7.0,-1.9,1.5
2021-12-23,1.3,0.0,0.0,-1.5,2.1
2021-12-24,0.8,0.0,0.0,7.4,6.1
2021-12-25,0.9,0.0,0.0,-2.3,3.1
2021-12-26,0.0,1.0,0.2,-5.2,1.7
2021-12-27,0.0,1.0,0.7,-1.3,1.6
2021-12-28,3.5,1.0,0.1,0.9,3.1
2021-12-29,0.6,0.0,0.1,5.3,2.2
2021-12-30,0.4,0.0,0.3,10.7,4.4
2021-12-31,0.0,0.0,2.9,12.1,5.9
2022-01-01,0.0,0.0,0.0,10.7,3.9
2022-01-02,0.1,0.0,1.6,7.8,3.5
2022-01-03,2.0,0.0,2.9,8.1,6.4
2022-01-04,3.1,0.0,0.0,6.8,4.1
2022-01-05,0.0,0.0,0.2,2.9,7.3
2022-01-06,0.2,0.0,6.2,-0.2,4.8
2022-01-07,0.1,0.0,3.3,-0.8,2.8
2022-01-08,0.2,0.0,1.7,0.8,2.3
2022-01-09,1.0,0.0,0.1,1.7,2.3
2022-01-10,0.3,0.0,0.0,2.0,2.6
2022-01-11,0.0,0.0,0.2,-1.8,2.0
2022-01-12,0.0,0.0,1.1,-1.2,3.0
2022-01-13,0.0,0.0,0.5,0.9,4.2
2022-01-14,0.0,0.0,7.4,4.0,3.4
2022-01-15,0.0,0.0,3.8,1.7,2.0
2022-01-16,0.0,0.0,0.8,-0.1,4.2
2022-01-17,3.1,0.0,0.9,3.1,6.4
2022-01-18,0.0,0.0,0.0,1.2,1.9
2022-01-19,0.1,0.0,2.0,1.8,2.8
2022-01-20,0.2,0.0,3.0,0.1,5.8
2022-01-21,1.6,1.0,5.0,-1.3,6.4
2022-01-22,0.3,0.0,4.2,1.9,3.2
2022-01-23,0.4,0.0,0.1,3.5,3.0
2022-01-24,0.0,0.0,0.0,3.2,1.4
2022-01-25,0.0,0.0,0.0,2.2,3.1
2022-01-26,0.0,0.0,0.0,0.9,4.5
2022-01-27,0.5,0.0,2.0,1.1,6.1
2022-01-28,0.0,0.0,0.3,3.3,6.3
2022-01-29,0.4,0.0,0.0,4.3,6.6
2022-01-30,0.0,0.0,0.7,4.8,9.4
2022-01-31,4.2,0.0,0.0,1.6,4.3
2022-02-01,0.0,0.0,0.1,2.0,6.4
2022-02-02,0.5,0.0,1.9,4.5,6.6
2022-02-03,0.0,0.0,1.1,4.5,2.5
2022-02-04,0.6,0.0,0.4,6.6,4.5
2022-02-05,0.0,0.0,2.3,3.4,6.2
2022-02-06,0.5,0.0,0.1,5.4,9.7
2022-02-07,0.0,0.0,3.0,3.4,7.5
2022-02-08,0.0,0.0,0.4,5.3,6.1
2022-02-09,0.0,0.0,0.0,7.0,4.1
2022-02-10,0.0,0.0,5.0,7.6,4.0
2022-02-11,0.0,0.0,2.0,4.5,6.0
2022-02-12,0.0,0.0,7.5,2.2,2.0
2022-02-13,0.0,0.0,9.2,3.6,2.5
2022-02-14,0.5,0.0,9.4,3.3,2.6
2022-02-15,0.2,0.0,2.3,5.6,2.3
2022-02-16,1.4,0.0,0.9,7.4,5.7
2022-02-17,1.2,0.0,1.4,8.6,11.9
2022-02-18,3.0,0.0,1.8,8.2,3.2
2022-02-19,0.0,0.0,9.4,5.7,9.8
2022-02-20,0.0,0.0,2.2,7.4,9.0
2022-02-21,0.2,0.0,5.4,7.1,9.5
2022-02-22,0.0,0.0,1.9,5.7,5.8
2022-02-23,0.0,0.0,7.4,6.4,5.5
2022-02-24,0.1,0.0,7.1,7.3,2.9
2022-02-25,0.1,0.0,6.0,3.6,5.8
2022-02-26,0.8,0.0,0.2,3.5,3.5
2022-02-27,0.0,0.0,7.7,3.0,2.0
2022-02-28,0.0,0.0,8.8,-0.1,2.4
2022-03-01,0.0,0.0,10.3,0.6,1.7
2022-03-02,0.0,0.0,9.9,0.6,1.6
2022-03-03,0.0,0.0,8.8,1.8,2.1
2022-03-04,1.8,0.0,0.0,0.6,1.7
2022-03-05,0.0,0.0,0.0,1.5,3.2
2022-03-06,0.0,0.0,0.9,-0.5,2.2
2022-03-07,0.0,0.0,2.7,1.8,3.6
2022-03-08,0.0,0.0,10.7,3.3,1.7
2022-03-09,0.0,0.0,10.8,4.8,1.8
2022-03-10,0.0,0.0,10.7,1.8,4.3
2022-03-11,0.0,0.0,11.0,1.0,4.2
2022-03-12,0.0,0.0,11.2,2.4,3.8
2022-03-13,0.0,0.0,11.2,5.1,3.8
2022-03-14,0.0,0.0,8.7,6.5,2.6
2022-03-15,6.3,0.0,2.0,6.3,1.7
2022-03-16,0.0,0.0,2.2,8.8,3.2
2022-03-17,0.0,0.0,2.9,8.9,2.1
2022-03-18,0.0,0.0,4.6,8.2,1.9
2022-03-19,0.0,0.0,7.9,5.2,4.0
2022-03-20,0.0,0.0,10.3,5.4,4.7
2022-03-21,0.0,0.0,11.6,6.9,4.6
2022-03-22,0.0,0.0,11.7,10.1,3.0
2022-03-23,0.0,0.0,11.8,10.3,1.2
2022-03-24,0.0,0.0,11.4,11.0,2.7
2022-03-25,0.0,0.0,11.2,9.8,2.0
2022-03-26,0.0,0.0,11.1,11.7,3.4
2022-03-27,0.0,0.0,11.7,12.0,1.5
2022-03-28,0.0,0.0,10.2,13.2,3.5
2022-03-29,0.1,0.0,2.2,9.8,1.8
2022-03-30,4.5,0.0,0.0,5.5,2.4
2022-03-31,0.9,0.0,0.0,3.9,4.6
2022-04-01,0.3,0.0,0.0,2.1,2.9
2022-04-02,0.0,0.0,0.0,2.5,4.3
2022-04-03,0.0,0.0,3.4,0.8,3.8
2022-04-04,0.2,0.0,9.5,2.4,6.1
2022-04-05,0.0,0.0,0.3,7.3,8.8
2022-04-06,0.0,0.0,1.3,11.2,5.8
2022-04-07,0.8,0.0,2.4,10.4,8.2
2022-04-08,10.5,0.0,1.3,6.5,5.1
2022-04-09,0.4,0.0,4.6,4.4,5.5
2022-04-10,0.3,0.0,6.4,4.5,4.8
2022-04-11,0.0,0.0,11.9,7.6,2.3
2022-04-12,0.0,0.0,12.3,11.1,2.5
2022-04-13,0.0,0.0,11.2,14.9,2.5
2022-04-14,2.5,0.0,8.9,15.4,2.0
2022-04-15,0.0,0.0,5.2,10.0,5.1
2022-04-16,0.0,0.0,4.9,7.1,3.3
2022-04-17,0.0,0.0,11.5,8.4,1.9
2022-04-18,0.0,0.0,5.1,9.4,2.2
2022-04-19,2.0,0.0,3.6,4.9,2.8
2022-04-20,1.6,0.0,2.5,5.2,1.9
2022-04-21,0.0,0.0,0.3,8.1,2.7
2022-04-22,0.2,0.0,2.3,9.5,2.3
2022-04-23,0.0,0.0,11.8,11.8,4.3
2022-04-24,14.0,0.0,0.9,8.6,2.6
2022-04-25,0.2,0.0,2.2,8.5,2.3
2022-04-26,0.0,0.0,7.8,10.3,3.3
2022-04-27,0.0,0.0,6.1,12.5,2.0
2022-04-28,0.0,0.0,9.0,13.4,1.8
2022-04-29,0.0,0.0,11.0,13.7,1.4
2022-04-30,0.0,0.0,7.3,13.0,1.4
2022-05-01,0.0,0.0,3.0,13.8,1.7
2022-05-02,0.1,0.0,5.4,15.1,2.5
2022-05-03,0.0,0.0,3.9,15.6,2.6
2022-05-04,0.0,0.0,10.1,17.2,1.5
2022-05-05,1.0,0.0,2.1,15.2,1.7
2022-05-06,0.0,0.0,1.9,15.8,3.0
2022-05-07,0.0,0.0,7.0,15.6,1.9
2022-05-08,0.0,0.0,8.6,16.4,2.1
2022-05-09,0.0,0.0,13.0,18.8,2.5
2022-05-10,0.0,0.0,10.9,18.7,2.0
2022-05-11,0.0,0.0,13.0,22.3,3.6
2022-05-12,0.0,0.0,8.8,20.4,5.5
2022-05-13,0.0,0.0,10.7,17.6,5.3
2022-05-14,0.0,0.0,13.1,17.7,2.5
2022-05-15,0.0,0.0,14.2,18.9,2.3
2022-05-16,5.4,0.0,11.4,19.4,1.1
2022-05-17,0.0,0.0,4.7,16.8,2.8
2022-05-18,0.0,0.0,13.3,18.4,2.5
2022-05-19,0.9,0.0,13.4,21.8,2.1
2022-05-20,0.5,0.0,10.7,21.7,3.5
2022-05-21,0.0,0.0,7.8,17.5,7.1
2022-05-22,0.0,0.0,11.5,17.6,2.8
2022-05-23,0.0,0.0,9.0,18.6,4.1
2022-05-24,1.1,0.0,2.3,16.7,4.5
2022-05-25,1.1,0.0,5.0,16.3,3.2
2022-05-26,0.0,0.0,3.8,17.0,5.4
2022-05-27,3.4,0.0,3.5,13.9,6.0
2022-05-28,0.0,0.0,10.8,12.7,6.3
2022-05-29,2.3,0.0,5.8,10.4,2.0
2022-05-30,0.0,0.0,7.1,13.2,2.4
2022-05-31,0.3,0.0,10.5,15.9,2.9
2022-06-01,0.0,0.0,9.6,18.3,5.3
2022-06-02,0.0,0.0,12.1,18.0,2.2
2022-06-03,5.3,0.0,12.5,22.3,2.5
2022-06-04,0.0,0.0,5.0,20.7,2.2
2022-06-05,7.0,0.0,9.8,22.7,3.0
2022-06-06,0.9,0.0,5.8,21.7,3.9
2022-06-07,6.4,0.0,1.6,17.5,2.3
2022-06-08,0.0,0.0,7.7,20.6,2.0
2022-06-09,0.0,0.0,0.8,17.3,4.0
2022-06-10,0.0,0.0,12.1,20.8,3.0
2022-06-11,0.0,0.0,12.8,22.3,1.8
2022-06-12,0.9,0.0,11.6,24.0,2.1
2022-06-13,3.3,0.0,5.8,16.8,3.5
2022-06-14,0.0,0.0,13.5,18.3,2.4
2022-06-15,0.0,0.0,14.8,22.0,1.9
2022-06-16,0.1,0.0,8.9,22.2,1.6
2022-06-17,0.0,0.0,13.9,21.5,2.3
2022-06-18,0.0,0.0,13.5,26.3,3.5
2022-06-19,0.0,0.0,13.7,30.1,3.5
2022-06-20,13.0,0.0,3.4,20.3,4.9
2022-06-21,0.0,0.0,12.7,18.8,2.8
2022-06-22,0.0,0.0,11.2,22.9,2.3
2022-06-23,0.0,0.0,15.5,24.9,2.7
2022-06-24,45.0,0.0,6.4,20.2,3.5
2022-06-25,6.1,0.0,1.4,19.7,3.2
2022-06-26,0.0,0.0,13.1,24.6,1.6
2022-06-27,9.6,0.0,12.7,25.6,3.2
2022-06-28,15.1,0.0,4.7,22.2,2.4
2022-06-29,20.1,0.0,0.3,19.8,2.1
2022-06-30,1.1,0.0,7.2,23.9,2.1
2022-07-01,5.2,0.0,4.8,18.4,3.1
2022-07-02,0.0,0.0,13.9,19.9,2.3
2022-07-03,0.0,0.0,15.1,23.5,1.9
2022-07-04,3.1,0.0,3.9,22.6,1.6
2022-07-05,0.1,0.0,6.6,22.3,2.0
2022-07-06,0.1,0.0,9.2,19.8,2.3
2022-07-07,4.8,0.0,0.5,16.2,3.5
2022-07-08,0.0,0.0,5.0,17.4,3.9
2022-07-09,1.8,0.0,3.9,16.9,4.3
2022-07-10,0.0,0.0,4.0,15.7,5.8
2022-07-11,0.0,0.0,9.1,17.8,3.1
2022-07-12,0.0,0.0,9.9,19.4,3.0
2022-07-13,0.0,0.0,4.0,24.0,3.1
2022-07-14,4.4,0.0,5.9,21.4,2.1
2022-07-15,0.0,0.0,9.1,18.3,4.1
2022-07-16,0.0,0.0,8.6,18.6,3.9
2022-07-17,0.0,0.0,14.0,20.2,1.2
2022-07-18,0.0,0.0,11.8,22.3,1.3
2022-07-19,0.0,0.0,14.7,26.0,1.7
2022-07-20,0.0,0.0,14.3,28.4,2.6
2022-07-21,0.1,0.0,9.5,24.2,3.2
2022-07-22,0.0,0.0,13.4,26.2,2.4
2022-07-23,0.9,0.0,3.3,21.8,2.2
2022-07-24,0.0,0.0,13.7,23.5,1.4
2022-07-25,0.0,0.0,13.8,28.0,2.0
2022-07-26,0.0,0.0,5.2,23.4,4.1
2022-07-27,0.0,0.0,9.4,18.4,3.2
2022-07-28,0.0,0.0,14.0,21.3,2.5
2022-07-29,34.6,0.0,3.4,22.2,2.1
2022-07-30,4.3,0.0,0.4,18.1,3.6
2022-07-31,0.0,0.0,9.6,22.5,3.3
2022-08-01,0.0,0.0,4.9,22.3,2.2
2022-08-02,0.0,0.0,9.6,23.8,0.9
2022-08-03,0.0,0.0,13.8,26.4,1.6
2022-08-04,0.0,0.0,14.1,26.6,1.3
2022-08-05,12.8,0.0,11.6,28.0,2.0
2022-08-06,0.1,0.0,9.8,19.4,2.7
2022-08-07,0.0,0.0,14.1,19.9,2.6
2022-08-08,0.0,0.0,13.4,21.1,1.8
2022-08-09,0.0,0.0,11.4,21.7,2.2
2022-08-10,0.0,0.0,11.5,21.7,2.2
2022-08-11,0.0,0.0,11.3,21.9,2.6
2022-08-12,0.0,0.0,10.4,22.7,2.9
2022-08-13,0.0,0.0,6.6,20.8,1.7
2022-08-14,1.1,0.0,5.7,23.8,2.2
2022-08-15,0.4,0.0,10.1,23.8,1.7
2022-08-16,0.0,0.0,12.9,25.0,1.7
2022-08-17,0.0,0.0,11.0,26.1,1.9
2022-08-18,0.0,0.0,7.6,28.4,2.0
2022-08-19,23.0,0.0,3.2,21.9,3.3
2022-08-20,25.6,0.0,0.0,17.3,4.4
2022-08-21,0.0,0.0,6.6,19.7,3.1
2022-08-22,13.9,0.0,0.0,16.1,3.1
2022-08-23,5.8,0.0,0.0,17.7,3.0
2022-08-24,0.0,0.0,2.8,21.7,2.2
2022-08-25,0.6,0.0,8.0,22.2,1.6
2022-08-26,11.7,0.0,7.3,21.3,2.0
2022-08-27,3.2,0.0,2.0,20.3,1.4
2022-08-28,0.1,0.0,0.3,18.7,2.7
2022-08-29,0.0,0.0,11.1,19.0,1.6
2022-08-30,0.0,0.0,8.3,19.1,1.9
2022-08-31,0.0,0.0,0.3,18.4,2.0
2022-09-01,0.0,0.0,3.3,17.5,2.8
2022-09-02,0.0,0.0,10.1,16.5,3.6
2022-09-03,0.0,0.0,9.7,17.6,2.2
2022-09-04,0.0,0.0,11.2,20.7,1.8
2022-09-05,0.0,0.0,7.8,19.8,1.6
2022-09-06,0.9,0.0,7.0,19.7,1.6
2022-09-07,0.0,0.0,6.3,20.6,1.5
2022-09-08,0.5,0.0,1.4,16.9,2.7
2022-09-09,26.9,0.0,5.1,15.8,3.2
2022-09-10,0.7,0.0,3.9,15.7,4.3
2022-09-11,0.5,0.0,5.5,15.7,2.4
2022-09-12,0.0,0.0,4.0,16.1,1.3
2022-09-13,1.8,0.0,4.2,17.1,2.7
2022-09-14,7.0,0.0,0.0,17.2,2.4
2022-09-15,6.4,0.0,0.1,15.1,2.8
2022-09-16,1.6,0.0,3.9,13.2,3.9
2022-09-17,2.8,0.0,2.2,10.5,4.8
2022-09-18,3.6,0.0,3.3,10.1,6.5
2022-09-19,1.7,0.0,3.4,11.1,6.2
2022-09-20,1.2,0.0,2.7,9.6,2.7
2022-09-21,1.7,0.0,3.3,10.1,2.6
2022-09-22,0.0,0.0,8.6,11.1,1.8
2022-09-23,0.0,0.0,7.5,10.7,1.7
2022-09-24,0.0,0.0,8.7,13.3,1.4
2022-09-25,5.5,0.0,4.9,13.6,1.2
2022-09-26,1.0,0.0,4.1,12.5,3.2
2022-09-27,0.1,0.0,2.1,10.9,5.7
2022-09-28,3.6,0.0,3.6,8.9,3.9
2022-09-29,0.0,0.0,7.4,10.5,1.4
2022-09-30,0.0,0.0,6.0,11.7,1.6
2022-10-01,0.9,0.0,1.6,11.0,4.0
2022-10-02,0.0,0.0,3.0,11.8,4.2
2022-10-03,0.0,0.0,1.3,12.6,6.6
2022-10-04,0.0,0.0,3.4,12.6,2.7
2022-10-05,0.0,0.0,5.5,13.6,2.3
2022-10-06,0.0,0.0,5.7,12.7,2.9
2022-10-07,0.0,0.0,8.8,12.3,2.1
2022-10-08,0.2,0.0,0.0,12.7,3.2
2022-10-09,0.0,0.0,10.2,9.8,2.0
2022-10-10,0.2,0.0,8.5,12.5,2.2
2022-10-11,0.1,0.0,0.4,10.8,0.9
2022-10-12,0.0,0.0,7.2,11.6,0.6
2022-10-13,0.0,0.0,4.0,12.4,2.0
2022-10-14,0.3,0.0,1.7,13.2,1.9
2022-10-15,2.9,0.0,0.0,14.3,2.5
2022-10-16,0.0,0.0,1.8,16.9,2.4
2022-10-17,0.0,0.0,9.3,15.7,1.1
2022-10-18,5.6,0.0,1.1,13.7,1.6
2022-10-19,0.0,0.0,2.7,10.1,1.9
2022-10-20,0.0,0.0,7.3,8.5,2.4
2022-10-21,1.6,0.0,1.5,9.8,1.9
2022-10-22,2.0,0.0,3.2,12.1,3.5
2022-10-23,1.2,0.0,7.8,12.1,1.6
2022-10-24,0.7,0.0,0.1,14.5,2.9
2022-10-25,0.0,0.0,6.7,13.2,3.7
2022-10-26,0.1,0.0,1.1,11.3,1.9
2022-10-27,0.0,0.0,8.6,13.9,1.2
2022-10-28,0.0,0.0,5.3,13.5,1.3
2022-10-29,0.0,0.0,4.2,14.6,0.9
2022-10-30,0.0,0.0,1.4,12.2,0.7
2022-10-31,0.0,0.0,5.7,11.5,1.2
2022-11-01,0.1,0.0,0.0,11.4,1.3
2022-11-02,0.0,0.0,4.8,10.3,3.2
2022-11-03,0.0,0.0,5.7,8.8,1.7
2022-11-04,17.1,0.0,0.0,8.5,2.7
2022-11-05,0.0,0.0,2.2,7.5,2.6
2022-11-06,0.1,0.0,3.2,5.7,1.8
2022-11-07,0.0,0.0,5.0,10.0,3.1
2022-11-08,0.0,0.0,8.5,10.6,2.1
2022-11-09,7.2,0.0,3.4,8.3,3.0
2022-11-10,0.0,0.0,5.8,10.0,3.7
2022-11-11,0.0,0.0,0.9,8.4,2.2
2022-11-12,0.0,0.0,4.4,5.0,1.7
2022-11-13,0.0,0.0,0.0,4.9,2.3
2022-11-14,0.0,0.0,7.4,6.4,1.8
2022-11-15,0.3,0.0,0.0,4.0,1.9
2022-11-16,2.1,0.0,0.0,6.1,1.6
2022-11-17,2.9,0.0,0.0,4.9,3.7
2022-11-18,4.5,0.0,0.0,1.1,3.2
2022-11-19,0.0,2.0,0.1,-1.5,1.4
2022-11-20,0.9,2.0,0.0,-0.6,1.7
2022-11-21,1.1,0.0,0.1,3.0,3.3
2022-11-22,0.2,0.0,0.0,2.4,1.4
2022-11-23,0.0,0.0,0.0,4.2,1.7
2022-11-24,0.8,0.0,0.0,5.6,2.6
2022-11-25,1.1,0.0,4.0,5.3,1.3
2022-11-26,0.0,0.0,1.7,6.8,3.3
2022-11-27,0.0,0.0,2.7,1.4,1.5
2022-11-28,0.0,0.0,0.0,3.3,1.1
2022-11-29,0.3,0.0,0.0,3.7,3.0
2022-11-30,0.0,0.0,0.6,2.9,1.9
2022-12-01,0.0,0.0,2.3,1.8,2.6
2022-12-02,4.6,0.0,0.0,0.4,3.2
2022-12-03,0.1,0.0,0.0,1.1,3.2
2022-12-04,0.1,0.0,0.0,5.5,3.5
2022-12-05,9.1,0.0,0.0,5.1,1.3
2022-12-06,2.7,0.0,0.0,3.7,3.6
2022-12-07,0.0,0.0,2.2,3.2,5.4
2022-12-08,0.0,0.0,2.1,2.6,3.2
2022-12-09,0.1,0.0,1.3,0.7,2.2
2022-12-10,0.0,0.0,0.0,0.9,2.9
2022-12-11,0.7,0.0,0.5,-2.5,3.6
2022-12-12,0.8,2.0,0.0,-3.0,3.7
2022-12-13,0.0,4.0,4.4,-7.5,1.6
2022-12-14,2.6,4.0,0.0,-4.4,2.2
2022-12-15,1.5,7.0,4.6,-3.3,1.8
2022-12-16,2.5,9.0,0.0,-2.4,2.7
2022-12-17,0.2,12.0,0.1,-2.2,3.0
2022-12-18,0.0,10.0,0.0,-7.3,2.5
2022-12-19,0.5,8.0,0.0,-1.9,2.5
2022-12-20,0.2,7.0,0.8,-0.2,3.2
2022-12-21,4.5,6.0,0.0,1.4,1.2
2022-12-22,1.1,3.0,1.4,7.7,4.4
2022-12-23,7.7,0.0,0.7,8.5,3.2
2022-12-24,0.2,0.0,3.1,9.0,6.4
2022-12-25,0.0,0.0,3.2,8.4,1.8
2022-12-26,2.1,0.0,0.0,10.1,4.7
2022-12-27,0.0,0.0,5.9,4.2,4.7
2022-12-28,0.0,0.0,1.4,5.7,3.8
2022-12-29,0.4,0.0,0.5,9.8,4.5
2022-12-30,0.0,0.0,5.5,8.0,4.1
2022-12-31,0.0,0.0,1.1,14.9,6.2
2023-01-01,0.0,0.0,2.2,13.7,3.8
2023-01-02,0.0,0.0,2.9,8.7,2.6
2023-01-03,0.0,0.0,1.9,6.4,3.1
2023-01-04,0.2,0.0,1.2,7.4,5.5
2023-01-05,0.2,0.0,2.9,10.0,7.3
2023-01-06,0.0,0.0,0.0,9.3,4.7
2023-01-07,0.0,0.0,0.7,7.3,2.1
2023-01-08,0.6,0.0,0.0,4.9,3.2
2023-01-09,0.0,0.0,0.0,5.5,3.3
2023-01-10,0.0,0.0,1.9,4.6,4.6
2023-01-11,1.8,0.0,0.0,6.4,3.5
2023-01-12,0.2,0.0,1.3,8.0,5.4
2023-01-13,0.2,0.0,0.2,8.6,7.0
2023-01-14,1.6,0.0,4.9,7.5,5.3
2023-01-15,0.1,0.0,0.0,6.4,6.9
2023-01-16,0.0,0.0,6.8,4.1,3.8
2023-01-17,2.0,0.0,5.5,3.4,4.1
2023-01-18,0.0,1.0,0.2,1.9,2.3
2023-01-19,0.0,0.0,3.2,-0.4,3.4
2023-01-20,2.6,0.0,0.0,-0.1,2.3
2023-01-21,2.1,2.0,0.0,-0.9,2.8
2023-01-22,1.8,4.0,0.0,0.4,1.8
2023-01-23,0.0,5.0,0.0,1.4,1.7
2023-01-24,0.0,0.0,0.0,1.8,2.2
2023-01-25,0.0,0.0,0.0,1.4,1.0
2023-01-26,0.6,0.0,0.0,0.2,2.1
2023-01-27,0.0,0.0,0.0,-0.1,2.8
2023-01-28,0.0,0.0,0.0,-1.5,4.0
2023-01-29,0.0,0.0,1.0,-2.4,4.1
2023-01-30,0.0,0.0,1.5,3.1,8.5
2023-01-31,0.1,0.0,0.0,3.7,7.6
2023-02-01,0.8,0.0,0.5,3.4,7.2
2023-02-02,1.8,1.0,2.2,4.4,5.7
2023-02-03,2.2,0.0,0.0,6.0,9.5
2023-02-04,0.0,0.0,1.6,1.3,5.1
2023-02-05,0.0,0.0,7.0,-1.7,2.0
2023-02-06,0.0,0.0,1.6,-2.8,1.8
2023-02-07,0.0,0.0,8.6,-3.0,1.9
2023-02-08,0.0,0.0,8.4,-2.3,2.6
2023-02-09,0.0,0.0,9.2,-0.5,1.5
2023-02-10,0.0,0.0,3.0,-0.5,3.8
2023-02-11,0.0,0.0,0.0,4.5,6.1
2023-02-12,0.0,0.0,0.5,6.7,1.6
2023-02-13,0.0,0.0,0.1,5.4,2.7
2023-02-14,0.0,0.0,0.0,3.8,1.4
2023-02-15,0.0,0.0,1.4,0.6,2.1
2023-02-16,0.0,0.0,7.4,5.0,2.1
2023-02-17,1.8,0.0,0.0,10.8,8.1
2023-02-18,0.0,0.0,0.3,11.3,9.2
2023-02-19,1.9,0.0,0.0,6.0,5.0
2023-02-20,0.0,0.0,1.2,9.5,7.0
2023-02-21,0.0,0.0,0.8,9.7,6.0
2023-02-22,0.0,0.0,0.0,9.2,1.3
2023-02-23,0.0,0.0,5.1,8.5,1.8
2023-02-24,0.0,0.0,1.1,8.7,4.2
2023-02-25,1.0,0.0,1.1,2.0,6.9
2023-02-26,0.3,2.0,0.9,0.1,3.0
2023-02-27,0.0,0.0,2.5,-0.3,3.2
2023-02-28,0.0,0.0,10.1,0.9,3.0
2023-03-01,0.0,0.0,10.0,2.7,1.3
2023-03-02,0.0,0.0,10.0,4.8,2.2
2023-03-03,0.0,0.0,9.8,0.7,2.4
2023-03-04,0.0,0.0,0.2,2.0,4.1
2023-03-05,0.0,0.0,0.5,2.5,5.3
2023-03-06,0.0,0.0,0.2,2.6,3.5
2023-03-07,0.0,0.0,0.4,4.8,6.2
2023-03-08,8.4,0.0,0.1,5.0,2.2
2023-03-09,0.2,0.0,2.6,9.9,6.1
2023-03-10,1.1,0.0,1.9,9.6,6.7
2023-03-11,0.0,0.0,0.3,1.4,6.8
2023-03-12,0.0,0.0,5.4,4.0,3.9
2023-03-13,0.8,0.0,0.7,12.0,5.7
2023-03-14,1.3,0.0,0.2,8.9,5.9
2023-03-15,1.6,0.0,5.1,2.2,3.5
2023-03-16,0.0,0.0,11.0,3.2,2.6
2023-03-17,0.0,0.0,9.2,7.3,3.7
2023-03-18,0.0,0.0,8.7,8.3,0.9
2023-03-19,0.0,0.0,3.1,9.2,0.9
2023-03-20,0.8,0.0,2.4,11.0,2.5
2023-03-21,0.0,0.0,4.8,12.4,2.1
2023-03-22,0.0,0.0,9.7,13.9,4.1
2023-03-23,0.0,0.0,0.1,14.8,4.7
2023-03-24,0.3,0.0,0.1,13.7,5.8
2023-03-25,0.0,0.0,4.4,9.3,5.9
2023-03-26,6.5,0.0,1.4,8.2,4.6
2023-03-27,0.3,0.0,4.5,2.8,6.2
2023-03-28,0.0,0.0,6.3,3.2,6.1
2023-03-29,1.4,0.0,0.1,7.0,2.2
2023-03-30,10.4,0.0,1.8,9.2,3.3
2023-03-31,2.6,0.0,1.7,9.6,4.5
2023-04-01,2.0,0.0,0.4,10.0,4.9
2023-04-02,0.1,0.0,0.2,4.4,4.2
2023-04-03,0.0,0.0,4.6,2.2,3.7
2023-04-04,0.0,0.0,6.5,2.9,3.4
2023-04-05,0.0,0.0,6.4,3.4,2.0
2023-04-06,0.0,0.0,11.1,5.4,1.8
2023-04-07,2.2,0.0,0.3,5.6,2.2
2023-04-08,0.9,0.0,0.6,6.1,2.4
2023-04-09,0.9,0.0,1.3,7.1,1.9
2023-04-10,0.0,0.0,7.7,10.6,2.5
2023-04-11,0.8,0.0,2.4,8.9,6.4
2023-04-12,0.0,0.0,7.9,9.8,2.6
2023-04-13,2.5,0.0,0.3,10.2,1.9
2023-04-14,22.1,0.0,0.0,6.5,4.1
2023-04-15,0.0,0.0,0.4,7.2,2.2
2023-04-16,0.0,0.0,6.0,10.4,1.5
2023-04-17,1.0,0.0,1.7,8.8,3.1
2023-04-18,1.3,0.0,0.3,9.2,3.2
2023-04-19,0.0,0.0,5.3,7.4,4.0
2023-04-20,0.6,0.0,0.4,9.6,2.3
2023-04-21,0.0,0.0,9.6,14.5,2.2
2023-04-22,0.0,0.0,12.2,15.7,2.4
2023-04-23,0.2,0.0,0.4,13.7,2.7
2023-04-24,1.4,0.0,2.2,11.5,4.1
2023-04-25,0.0,0.0,1.7,8.4,4.1
2023-04-26,0.0,0.0,5.3,7.6,3.1
2023-04-27,0.0,0.0,7.9,9.7,1.4
2023-04-28,3.9,0.0,2.9,10.7,2.0
2023-04-29,0.8,0.0,3.8,12.4,3.4
2023-04-30,0.0,0.0,12.2,12.7,3.2
2023-05-01,0.0,0.0,10.4,15.2,3.2
2023-05-02,0.0,0.0,1.2,13.4,3.6
2023-05-03,0.0,0.0,9.0,12.2,2.0
2023-05-04,0.0,0.0,12.4,13.7,1.6
2023-05-05,0.9,0.0,11.1,17.4,1.8
2023-05-06,0.0,0.0,6.7,14.9,3.8
2023-05-07,0.0,0.0,2.9,10.2,4.0
2023-05-08,0.0,0.0,13.3,11.7,3.8
2023-05-09,0.0,0.0,14.1,13.4,3.6
2023-05-10,0.0,0.0,8.7,14.5,2.9
2023-05-11,0.0,0.0,2.5,16.2,3.2
2023-05-12,0.0,0.0,8.5,15.0,2.1
2023-05-13,0.0,0.0,0.2,13.7,3.2
2023-05-14,6.6,0.0,2.3,13.4,3.3
2023-05-15,2.4,0.0,4.0,14.0,3.4
2023-05-16,0.1,0.0,4.1,12.2,3.4
2023-05-17,0.0,0.0,2.4,11.0,2.5
2023-05-18,0.0,0.0,2.5,12.1,2.3
2023-05-19,0.0,0.0,6.4,13.8,4.2
2023-05-20,0.0,0.0,8.5,17.9,4.4
2023-05-21,0.0,0.0,12.1,21.1,3.4
2023-05-22,0.0,0.0,12.2,21.6,3.0
2023-05-23,0.3,0.0,4.0,16.4,3.6
2023-05-24,0.0,0.0,4.7,12.8,2.8
2023-05-25,0.0,0.0,14.3,16.8,2.2
2023-05-26,0.0,0.0,9.6,17.1,2.8
2023-05-27,0.0,0.0,13.8,16.4,2.5
2023-05-28,0.0,0.0,14.0,17.9,2.1
2023-05-29,0.0,0.0,13.9,19.4,2.1
2023-05-30,0.0,0.0,12.0,18.1,3.4
2023-05-31,0.0,0.0,14.5,19.6,2.1
2023-06-01,0.0,0.0,13.6,20.1,2.3
2023-06-02,0.0,0.0,10.3,16.3,2.8
2023-06-03,0.0,0.0,15.3,16.1,3.7
2023-06-04,0.0,0.0,15.1,19.0,2.5
2023-06-05,25.7,0.0,2.2,15.1,2.1
2023-06-06,1.3,0.0,0.5,16.3,2.7
2023-06-07,0.1,0.0,5.3,19.3,2.3
2023-06-08,0.0,0.0,6.4,20.2,2.5
2023-06-09,12.4,0.0,5.5,18.4,1.3
2023-06-10,0.0,0.0,5.1,21.3,3.1
2023-06-11,0.0,0.0,12.5,20.4,3.3
2023-06-12,0.0,0.0,13.6,19.1,3.1
2023-06-13,0.2,0.0,9.1,16.7,2.1
2023-06-14,0.0,0.0,5.5,17.0,2.4
2023-06-15,0.0,0.0,9.4,16.5,2.0
2023-06-16,0.0,0.0,6.3,16.5,3.1
2023-06-17,17.4,0.0,6.6,16.9,2.3
2023-06-18,0.0,0.0,14.0,21.5,1.7
2023-06-19,0.0,0.0,5.5,23.3,1.6
2023-06-20,0.0,0.0,9.5,26.3,1.8
2023-06-21,2.5,0.0,6.5,24.7,2.9
2023-06-22,2.0,0.0,12.0,26.4,2.6
2023-06-23,0.8,0.0,3.0,19.2,7.6
2023-06-24,0.0,0.0,9.6,20.6,2.6
2023-06-25,0.0,0.0,12.2,22.6,2.2
2023-06-26,1.3,0.0,10.2,23.9,3.4
2023-06-27,0.6,0.0,4.7,17.4,4.4
2023-06-28,0.0,0.0,11.2,19.1,4.4
2023-06-29,0.0,0.0,15.1,22.4,1.6
2023-06-30,3.9,0.0,0.0,19.5,2.4
2023-07-01,0.0,0.0,8.4,22.2,4.0
2023-07-02,0.0,0.0,6.6,21.1,5.8
2023-07-03,0.0,0.0,9.7,21.1,4.9
2023-07-04,0.0,0.0,10.9,22.3,3.6
2023-07-05,0.0,0.0,9.3,21.3,7.0
2023-07-06,0.0,0.0,11.4,21.3,1.7
2023-07-07,0.0,0.0,14.9,23.8,2.2
2023-07-08,0.0,0.0,15.0,25.8,2.4
2023-07-09,0.0,0.0,14.3,27.3,1.7
2023-07-10,1.9,0.0,5.9,24.0,2.0
2023-07-11,1.2,0.0,12.3,26.3,2.7
2023-07-12,0.0,0.0,6.0,25.5,4.3
2023-07-13,0.0,0.0,7.6,23.1,3.0
2023-07-14,0.0,0.0,11.1,24.3,3.4
2023-07-15,1.3,0.0,14.9,29.2,3.2
2023-07-16,0.7,0.0,4.6,23.1,2.2
2023-07-17,0.0,0.0,9.9,24.9,5.1
2023-07-18,0.0,0.0,13.1,24.3,1.9
2023-07-19,0.9,0.0,8.2,23.3,3.3
2023-07-20,0.0,0.0,5.8,20.3,2.3
2023-07-21,1.2,0.0,4.7,19.8,2.2
2023-07-22,0.0,0.0,5.5,19.7,3.1
2023-07-23,0.5,0.0,6.0,23.9,5.7
2023-07-24,0.0,0.0,1.5,22.8,4.2
2023-07-25,9.1,0.0,2.6,18.0,3.2
2023-07-26,0.0,0.0,3.9,16.4,4.1
2023-07-27,0.7,0.0,6.9,16.9,4.9
2023-07-28,0.2,0.0,3.5,21.2,4.9
2023-07-29,2.4,0.0,5.9,19.5,2.9
2023-07-30,5.3,0.0,3.1,19.0,3.8
2023-07-31,0.2,0.0,0.6,20.0,4.0
2023-08-01,0.3,0.0,2.1,19.3,6.7
2023-08-02,3.2,0.0,2.8,18.8,4.4
2023-08-03,0.0,0.0,8.1,20.6,6.4
2023-08-04,0.0,0.0,6.1,20.9,4.0
2023-08-05,12.8,0.0,0.0,16.4,2.9
2023-08-06,3.1,0.0,0.0,15.7,3.9
2023-08-07,0.0,0.0,3.4,14.9,7.2
2023-08-08,4.3,0.0,7.0,17.8,6.0
2023-08-09,4.9,0.0,7.4,16.4,2.8
2023-08-10,0.0,0.0,9.8,18.0,1.6
2023-08-11,0.0,0.0,10.8,22.0,3.5
2023-08-12,0.0,0.0,10.3,24.2,2.9
2023-08-13,0.0,0.0,5.8,24.4,2.5
2023-08-14,0.0,0.0,9.0,27.0,1.8
2023-08-15,0.0,0.0,11.3,26.7,2.4
2023-08-16,28.7,0.0,9.6,24.5,2.6
2023-08-17,0.0,0.0,9.2,22.6,3.2
2023-08-18,0.0,0.0,11.4,25.0,1.4
2023-08-19,0.0,0.0,12.9,26.8,2.1
2023-08-20,0.0,0.0,4.4,27.6,1.4
2023-08-21,0.0,0.0,6.3,27.4,1.6
2023-08-22,0.0,0.0,8.4,26.2,1.8
2023-08-23,0.0,0.0,10.2,24.9,2.2
2023-08-24,0.3,0.0,12.4,24.8,1.9
2023-08-25,0.8,0.0,6.4,24.6,4.2
2023-08-26,7.8,0.0,3.5,22.3,3.8
2023-08-27,8.0,0.0,0.0,17.7,1.5
2023-08-28,28.2,0.0,0.0,13.6,2.5
2023-08-29,0.1,0.0,0.0,13.9,3.3
2023-08-30,0.5,0.0,0.7,15.8,2.6
2023-08-31,0.1,0.0,6.6,15.7,4.3
2023-09-01,0.4,0.0,0.0,16.8,2.4
2023-09-02,0.0,0.0,4.2,19.7,1.8
2023-09-03,0.0,0.0,4.4,18.2,2.5
2023-09-04,0.0,0.0,12.6,18.7,0.8
2023-09-05,0.0,0.0,12.6,19.3,0.4
2023-09-06,0.0,0.0,12.6,20.4,1.7
2023-09-07,0.0,0.0,12.4,21.2,2.8
2023-09-08,0.0,0.0,12.3,22.2,1.1
2023-09-09,0.0,0.0,12.3,22.3,1.0
2023-09-10,0.0,0.0,12.3,22.2,1.3
2023-09-11,0.0,0.0,8.9,23.6,1.4
2023-09-12,0.0,0.0,9.3,23.5,1.4
2023-09-13,0.7,0.0,3.4,21.4,3.8
2023-09-14,0.0,0.0,3.0,17.4,2.9
2023-09-15,0.0,0.0,8.4,17.1,2.5
2023-09-16,0.0,0.0,10.6,20.6,1.7
2023-09-17,0.0,0.0,11.3,21.1,1.6
2023-09-18,0.9,0.0,8.3,20.5,2.7
2023-09-19,0.0,0.0,5.0,18.4,3.5
2023-09-20,0.0,0.0,11.1,19.8,2.4
2023-09-21,0.0,0.0,7.4,19.3,1.6
2023-09-22,3.1,0.0,0.0,15.1,3.1
2023-09-23,0.0,0.0,1.8,14.2,2.2
2023-09-24,0.0,0.0,8.8,13.8,1.7
2023-09-25,0.0,0.0,7.0,15.9,1.2
2023-09-26,0.0,0.0,8.9,18.9,1.2
2023-09-27,0.0,0.0,10.4,19.4,1.4
2023-09-28,0.0,0.0,10.6,18.3,1.8
2023-09-29,0.0,0.0,8.5,20.0,2.6
2023-09-30,0.2,0.0,7.0,15.8,2.4
2023-10-01,0.0,0.0,5.8,16.5,2.4
2023-10-02,0.0,0.0,9.9,18.9,1.7
2023-10-03,1.4,0.0,7.9,18.0,5.0
2023-10-04,0.0,0.0,6.5,13.7,4.3
2023-10-05,0.0,0.0,6.4,12.6,4.7
2023-10-06,0.0,0.0,8.5,13.3,3.8
2023-10-07,0.0,0.0,2.3,16.9,7.1
2023-10-08,0.5,0.0,2.2,11.2,3.5
2023-10-09,3.5,0.0,0.0,14.0,3.3
2023-10-10,0.0,0.0,3.4,16.8,2.3
2023-10-11,0.0,0.0,8.6,18.9,3.3
2023-10-12,1.6,0.0,0.0,17.1,3.7
2023-10-13,0.0,0.0,2.0,20.1,3.5
2023-10-14,3.4,0.0,0.8,14.8,3.0
2023-10-15,0.0,0.0,7.2,8.0,5.3
2023-10-16,0.0,0.0,7.0,6.9,2.2
2023-10-17,0.0,0.0,6.5,6.5,1.8
2023-10-18,0.5,0.0,7.5,6.7,1.8
2023-10-19,0.5,0.0,1.4,9.6,1.2
2023-10-20,0.4,0.0,0.0,13.3,2.3
2023-10-21,6.5,0.0,8.3,16.4,2.1
2023-10-22,0.0,0.0,7.3,12.5,3.4
2023-10-23,0.0,0.0,8.2,11.8,2.2
2023-10-24,5.6,0.0,0.0,11.5,1.3
2023-10-25,1.1,0.0,5.3,12.2,2.5
2023-10-26,4.2,0.0,2.0,12.1,3.5
2023-10-27,3.7,0.0,0.0,10.4,3.5
2023-10-28,0.1,0.0,1.8,11.5,3.7
2023-10-29,0.0,0.0,2.4,13.3,2.6
2023-10-30,2.8,0.0,3.9,13.3,2.5
2023-10-31,0.0,0.0,0.0,11.4,5.5
2023-11-01,0.0,0.0,3.6,12.1,2.2
2023-11-02,3.8,0.0,3.2,10.1,2.2
2023-11-03,6.3,0.0,0.0,8.1,3.5
2023-11-04,0.0,0.0,7.3,9.0,3.1
2023-11-05,0.0,0.0,2.5,11.6,5.2
2023-11-06,0.5,0.0,4.4,10.6,5.8
2023-11-07,0.0,0.0,5.2,9.5,4.0
2023-11-08,0.0,0.0,0.4,7.4,4.5
2023-11-09,0.0,0.0,5.6,8.4,2.0
2023-11-10,0.0,0.0,0.5,6.9,3.6
2023-11-11,1.0,0.0,0.2,4.7,3.3
2023-11-12,0.0,0.0,3.9,4.8,3.2
2023-11-13,5.7,0.0,0.0,6.5,3.1
2023-11-14,1.1,0.0,0.0,11.0,6.3
2023-11-15,1.8,0.0,0.2,9.4,5.1
2023-11-16,2.0,0.0,4.8,7.3,2.6
2023-11-17,0.0,0.0,3.5,4.9,5.1
2023-11-18,2.0,0.0,0.0,4.2,2.9
2023-11-19,5.3,0.0,2.7,8.4,4.2
2023-11-20,0.1,0.0,1.6,9.9,5.3
2023-11-21,0.3,0.0,0.3,6.1,3.7
2023-11-22,0.0,0.0,0.0,0.7,3.2
2023-11-23,2.5,0.0,0.2,5.5,9.0
2023-11-24,0.2,0.0,3.4,4.0,5.4
2023-11-25,0.5,0.0,1.5,1.9,5.4
2023-11-26,2.1,0.0,1.6,0.4,3.9
2023-11-27,5.8,0.0,0.0,2.2,2.8
2023-11-28,3.5,0.0,0.0,-0.7,3.7
2023-11-29,0.0,5.0,3.6,-0.6,3.9
2023-11-30,0.0,4.0,1.0,0.6,1.9
2023-12-01,14.5,0.0,0.0,-0.9,1.7
2023-12-02,4.9,10.0,0.0,-3.1,3.4
2023-12-03,0.0,15.0,1.7,-2.6,4.4
2023-12-04,0.0,15.0,4.5,-4.5,2.1
2023-12-05,0.7,11.0,1.0,-2.2,1.4
2023-12-06,0.3,11.0,0.1,0.4,1.4
2023-12-07,0.0,5.0,0.0,1.6,2.2
2023-12-08,2.2,4.0,1.6,-0.8,2.1
2023-12-09,1.8,4.0,0.0,2.0,2.6
2023-12-10,0.0,3.0,0.3,5.4,4.8
2023-12-11,0.0,0.0,2.5,8.4,6.6
2023-12-12,2.1,0.0,3.8,7.5,3.0
2023-12-13,0.0,0.0,0.9,6.7,2.6
2023-12-14,0.3,0.0,0.0,5.1,2.5
2023-12-15,0.0,0.0,2.3,4.3,3.2
2023-12-16,0.0,0.0,0.1,5.6,3.2
2023-12-17,0.0,0.0,7.2,5.9,3.9
2023-12-18,0.0,0.0,7.7,7.4,4.4
2023-12-19,1.3,0.0,2.1,8.0,4.1
2023-12-20,0.6,0.0,3.2,5.5,6.8
2023-12-21,2.0,0.0,0.0,5.8,9.0
2023-12-22,9.8,0.0,0.7,2.0,6.4
2023-12-23,14.5,2.0,0.0,2.5,3.6
2023-12-24,0.2,0.0,0.0,9.4,7.5
2023-12-25,0.0,0.0,0.0,10.5,7.7
2023-12-26,0.0,0.0,0.0,9.2,6.2
2023-12-27,0.0,0.0,6.0,5.8,1.9
2023-12-28,0.0,0.0,0.6,8.2,4.6
2023-12-29,0.0,0.0,3.4,10.3,7.2
2023-12-30,0.0,0.0,3.0,7.5,4.5
2023-12-31,0.6,0.0,2.3,3.6,1.6
2024-01-01,0.1,0.0,3.2,6.8,6.0
2024-01-02,9.5,0.0,0.0,5.6,4.4
2024-01-03,0.4,0.0,0.5,9.7,6.9
2024-01-04,10.2,0.0,0.8,7.1,7.5
2024-01-05,0.3,0.0,0.4,4.5,2.2
2024-01-06,1.1,0.0,0.0,3.7,1.9
2024-01-07,0.2,1.0,0.0,-2.9,5.3
2024-01-08,0.0,0.0,3.6,-6.5,3.4
2024-01-09,0.0,0.0,7.5,-6.5,1.2
2024-01-10,0.0,0.0,7.5,-4.3,1.8
2024-01-11,0.0,0.0,4.4,-4.1,2.5
2024-01-12,0.0,0.0,0.0,-0.2,2.8
2024-01-13,0.0,0.0,0.0,-0.5,5.4
2024-01-14,0.0,0.0,1.0,0.3,6.7
2024-01-15,0.0,0.0,1.9,0.0,7.3
2024-01-16,0.0,0.0,1.5,-0.4,4.5
2024-01-17,2.6,0.0,0.0,-1.3,1.8
2024-01-18,3.1,0.0,0.0,-1.0,3.5
2024-01-19,0.0,2.0,6.8,-1.8,4.0
2024-01-20,0.0,2.0,8.3,-1.7,4.3
2024-01-21,0.0,1.0,3.9,-2.5,2.2
2024-01-22,0.6,0.0,0.0,5.1,4.7
2024-01-23,2.2,0.0,0.4,4.7,4.3
2024-01-24,0.0,0.0,2.2,10.1,8.2
2024-01-25,0.0,0.0,4.6,6.8,5.7
2024-01-26,1.8,0.0,0.2,6.5,5.6
2024-01-27,0.0,0.0,4.2,4.2,4.2
2024-01-28,0.0,0.0,8.5,2.3,1.4
2024-01-29,0.0,0.0,8.1,0.5,1.0
2024-01-30,0.0,0.0,0.0,-0.4,1.4
2024-01-31,1.4,0.0,1.4,3.0,1.3
2024-02-01,1.2,0.0,2.7,6.6,5.6
2024-02-02,0.0,0.0,0.0,5.7,4.9
2024-02-03,0.0,0.0,0.1,8.4,7.3
2024-02-04,2.0,0.0,0.0,9.3,6.9
2024-02-05,0.0,0.0,5.7,10.7,8.8
2024-02-06,0.0,0.0,0.0,8.5,6.5
2024-02-07,12.1,0.0,0.3,3.8,5.3
2024-02-08,6.3,0.0,0.0,3.4,1.3
2024-02-09,2.5,0.0,0.2,10.4,4.5
2024-02-10,1.8,0.0,4.9,9.0,2.1
2024-02-11,4.1,0.0,0.0,7.8,2.8
2024-02-12,2.2,0.0,4.1,7.7,5.2
2024-02-13,0.0,0.0,5.0,5.7,3.7
2024-02-14,1.2,0.0,1.2,7.2,3.5
2024-02-15,0.0,0.0,1.0,9.8,2.4
2024-02-16,5.1,0.0,2.1,8.6,1.2
2024-02-17,0.9,0.0,1.5,10.2,3.4
2024-02-18,2.0,0.0,7.0,9.0,1.8
2024-02-19,0.0,0.0,0.4,8.5,5.5
2024-02-20,0.0,0.0,0.7,8.1,3.8
2024-02-21,0.1,0.0,2.3,8.6,3.1
2024-02-22,3.0,0.0,0.0,9.9,5.1
2024-02-23,1.3,0.0,0.1,7.8,2.2
2024-02-24,0.0,0.0,9.3,7.0,2.8
2024-02-25,0.0,0.0,3.5,4.9,1.5
2024-02-26,0.0,0.0,0.0,3.2,1.7
2024-02-27,0.0,0.0,0.0,5.0,1.7
2024-02-28,0.0,0.0,0.0,5.4,2.0
2024-02-29,0.0,0.0,0.0,4.8,1.7
2024-03-01,0.5,0.0,0.2,7.4,1.1
2024-03-02,0.0,0.0,1.9,9.4,2.3
2024-03-03,0.0,0.0,2.4,9.8,2.8
2024-03-04,0.0,0.0,6.0,9.1,2.0
2024-03-05,0.0,0.0,0.0,7.1,1.9
2024-03-06,0.0,0.0,3.3,6.2,2.3
2024-03-07,0.0,0.0,0.0,4.1,3.6
2024-03-08,0.0,0.0,5.8,4.5,3.6
2024-03-09,0.0,0.0,4.8,7.0,3.4
2024-03-10,0.0,0.0,2.8,9.9,2.5
2024-03-11,0.0,0.0,7.0,10.7,3.0
2024-03-12,0.0,0.0,0.9,10.2,3.6
2024-03-13,0.0,0.0,6.8,8.3,2.4
2024-03-14,0.0,0.0,0.7,9.7,1.3
2024-03-15,0.0,0.0,5.6,12.4,4.7
2024-03-16,0.7,0.0,2.8,10.2,4.7
2024-03-17,0.0,0.0,8.3,6.8,2.6
2024-03-18,0.0,0.0,9.6,5.3,1.7
2024-03-19,0.0,0.0,10.9,5.9,1.8
2024-03-20,0.0,0.0,9.7,9.8,1.0
2024-03-21,0.1,0.0,2.3,12.0,2.1
2024-03-22,0.2,0.0,5.3,11.9,3.6
2024-03-23,0.0,0.0,1.7,8.5,5.4
2024-03-24,0.0,0.0,3.5,4.5,4.8
2024-03-25,0.0,0.0,1.3,6.3,3.4
2024-03-26,0.0,0.0,9.2,9.7,3.1
2024-03-27,0.0,0.0,7.7,14.2,3.8
2024-03-28,0.0,0.0,4.9,10.0,6.4
2024-03-29,0.0,0.0,7.1,14.1,2.7
2024-03-30,0.0,0.0,6.6,16.9,2.5
2024-03-31,0.0,0.0,6.3,17.1,1.4
2024-04-01,0.0,0.0,1.9,13.0,5.1
2024-04-02,0.0,0.0,8.8,11.2,6.5
2024-04-03,0.3,0.0,4.1,11.7,4.3
2024-04-04,0.4,0.0,3.0,12.5,6.9
2024-04-05,0.3,0.0,5.1,14.9,3.4
2024-04-06,0.0,0.0,9.5,19.9,2.8
2024-04-07,0.0,0.0,10.2,20.5,3.3
2024-04-08,0.0,0.0,8.0,21.6,1.2
2024-04-09,0.8,0.0,8.5,18.7,3.4
2024-04-10,0.1,0.0,0.6,10.6,1.6
2024-04-11,0.0,0.0,11.5,12.7,1.7
2024-04-12,0.0,0.0,11.8,15.5,3.1
2024-04-13,0.0,0.0,9.0,17.5,3.4
2024-04-14,0.8,0.0,7.2,18.5,4.2
2024-04-15,0.3,0.0,2.6,13.1,4.6
2024-04-16,0.3,0.0,6.6,7.7,5.9
2024-04-17,0.0,0.0,6.4,7.4,3.0
2024-04-18,0.0,0.0,4.2,6.3,3.4
2024-04-19,2.7,0.0,0.8,5.5,6.6
2024-04-20,1.1,0.0,1.4,4.9,4.2
2024-04-21,0.0,0.0,8.3,4.8,2.3
2024-04-22,0.0,0.0,7.4,4.6,2.5
2024-04-23,0.0,0.0,5.5,6.7,2.0
2024-04-24,0.0,0.0,3.4,7.2,3.1
2024-04-25,0.0,0.0,3.8,6.7,4.1
2024-04-26,0.0,0.0,6.0,11.8,2.3
2024-04-27,0.0,0.0,12.3,15.7,2.6
2024-04-28,0.0,0.0,10.1,18.3,1.9
2024-04-29,0.0,0.0,12.4,19.5,1.4
2024-04-30,0.0,0.0,13.2,21.3,3.8
2024-05-01,0.0,0.0,11.9,19.6,4.6
2024-05-02,0.0,0.0,9.8,18.5,4.8
2024-05-03,1.0,0.0,1.5,14.4,3.7
2024-05-04,0.0,0.0,8.3,17.2,1.7
2024-05-05,0.0,0.0,6.5,16.6,3.4
2024-05-06,6.4,0.0,3.1,16.5,1.6
2024-05-07,9.0,0.0,0.0,11.6,3.6
2024-05-08,0.0,0.0,1.2,13.7,2.5
2024-05-09,0.0,0.0,12.9,15.4,1.8
2024-05-10,0.0,0.0,11.8,16.8,1.4
2024-05-11,0.0,0.0,8.2,17.5,1.8
2024-05-12,0.0,0.0,8.0,17.2,3.3
2024-05-13,0.0,0.0,12.8,18.1,3.1
2024-05-14,0.0,0.0,14.5,18.7,3.7
2024-05-15,0.0,0.0,14.2,19.4,4.7
2024-05-16,0.5,0.0,3.6,17.1,5.7
2024-05-17,4.7,0.0,0.3,12.8,3.5
2024-05-18,0.0,0.0,2.2,15.2,3.6
2024-05-19,0.2,0.0,5.8,16.0,1.6
2024-05-20,0.0,0.0,10.6,19.0,2.6
2024-05-21,7.0,0.0,4.7,17.8,2.8
2024-05-22,0.0,0.0,0.6,16.3,4.2
2024-05-23,0.0,0.0,9.1,19.2,2.2
2024-05-24,0.3,0.0,3.9,17.6,1.5
2024-05-25,0.8,0.0,8.2,17.4,2.6
2024-05-26,2.1,0.0,6.1,19.8,1.8
2024-05-27,0.0,0.0,5.8,18.8,1.2
2024-05-28,3.5,0.0,1.2,15.9,3.2
2024-05-29,0.0,0.0,11.4,17.7,1.6
2024-05-30,3.1,0.0,3.2,16.0,2.3
2024-05-31,9.4,0.0,4.2,17.3,2.5
2024-06-01,6.5,0.0,0.3,15.6,1.9
2024-06-02,12.3,0.0,1.2,17.0,2.2
2024-06-03,0.0,0.0,0.0,15.3,3.2
2024-06-04,0.0,0.0,4.2,16.5,1.7
2024-06-05,0.0,0.0,8.8,19.5,4.2
2024-06-06,4.7,0.0,7.7,18.9,1.8
2024-06-07,0.0,0.0,7.1,19.5,3.7
2024-06-08,0.0,0.0,11.7,22.2,1.9
2024-06-09,0.0,0.0,11.3,21.1,2.2
2024-06-10,0.0,0.0,6.2,19.7,2.5
2024-06-11,0.0,0.0,4.2,15.1,5.4
2024-06-12,0.1,0.0,6.1,16.4,2.2
2024-06-13,0.1,0.0,4.3,14.8,2.4
2024-06-14,0.0,0.0,2.1,16.4,2.2
2024-06-15,0.0,0.0,4.2,17.9,3.0
2024-06-16,0.0,0.0,7.6,20.1,2.9
2024-06-17,0.0,0.0,6.8,21.7,3.0
2024-06-18,0.0,0.0,13.6,26.3,2.0
2024-06-19,0.0,0.0,5.7,20.5,3.4
2024-06-20,0.0,0.0,5.1,20.4,1.7
2024-06-21,11.4,0.0,7.5,24.0,1.3
2024-06-22,0.0,0.0,9.9,20.5,4.2
2024-06-23,0.0,0.0,12.4,21.9,2.6
2024-06-24,0.0,0.0,12.0,21.7,2.2
2024-06-25,0.0,0.0,12.9,23.8,3.2
2024-06-26,0.0,0.0,12.4,26.3,2.9
2024-06-27,21.4,0.0,7.1,22.6,2.4
2024-06-28,0.0,0.0,9.3,24.0,2.5
2024-06-29,0.0,0.0,12.0,27.9,1.8
2024-06-30,3.6,0.0,6.0,24.6,3.6
2024-07-01,0.5,0.0,4.7,19.4,4.3
2024-07-02,0.0,0.0,2.5,17.2,3.8
2024-07-03,0.1,0.0,1.5,17.0,2.3
2024-07-04,2.8,0.0,4.8,15.6,4.4
2024-07-05,0.0,0.0,3.8,19.4,3.2
2024-07-06,11.9,0.0,9.8,21.7,2.0
2024-07-07,0.6,0.0,1.0,17.2,2.0
2024-07-08,0.2,0.0,9.1,21.6,1.5
2024-07-09,0.0,0.0,13.6,26.9,1.9
2024-07-10,0.6,0.0,7.8,25.2,0.9
2024-07-11,0.0,0.0,7.9,24.3,2.5
2024-07-12,4.3,0.0,4.3,23.0,1.8
2024-07-13,2.7,0.0,4.5,22.1,2.6
2024-07-14,0.0,0.0,10.7,23.1,2.5
2024-07-15,0.0,0.0,14.0,27.2,1.9
2024-07-16,0.2,0.0,2.9,22.2,2.7
2024-07-17,0.0,0.0,5.5,21.4,3.2
2024-07-18,0.0,0.0,11.1,23.7,2.2
2024-07-19,0.0,0.0,12.7,25.8,1.8
2024-07-20,0.0,0.0,9.2,25.1,1.5
2024-07-21,0.0,0.0,13.5,27.4,1.6
2024-07-22,0.0,0.0,2.8,24.7,2.5
2024-07-23,2.3,0.0,5.8,23.5,2.5
2024-07-24,0.0,0.0,8.0,20.2,3.6
2024-07-25,0.0,0.0,10.4,22.1,2.5
2024-07-26,0.0,0.0,8.5,23.0,1.6
2024-07-27,4.0,0.0,4.1,22.9,3.0
2024-07-28,0.0,0.0,8.2,21.2,4.1
2024-07-29,0.0,0.0,13.8,21.2,1.6
2024-07-30,0.0,0.0,14.4,23.4,1.7
2024-07-31,3.8,0.0,12.6,27.2,1.7
2024-08-01,0.0,0.0,9.8,23.7,2.4
2024-08-02,4.2,0.0,0.0,18.7,4.4
2024-08-03,2.9,0.0,4.3,21.0,1.6
2024-08-04,11.2,0.0,3.5,17.4,2.0
2024-08-05,0.0,0.0,4.1,19.3,2.9
2024-08-06,0.0,0.0,13.7,20.9,2.2
2024-08-07,1.6,0.0,9.2,22.6,1.9
2024-08-08,4.7,0.0,4.2,19.9,0.8
2024-08-09,0.0,0.0,8.5,22.5,3.0
2024-08-10,0.0,0.0,8.6,24.4,2.8
2024-08-11,0.0,0.0,13.6,24.1,2.5
2024-08-12,0.0,0.0,13.5,26.1,1.3
2024-08-13,0.0,0.0,11.0,27.7,2.3
2024-08-14,9.9,0.0,12.6,28.3,1.9
2024-08-15,0.1,0.0,8.0,26.2,1.2
2024-08-16,0.0,0.0,8.8,26.8,2.0
2024-08-17,0.0,0.0,7.2,24.6,1.5
2024-08-18,30.9,0.0,3.1,22.5,1.9
2024-08-19,0.4,0.0,0.6,18.6,3.2
2024-08-20,0.0,0.0,12.4,23.1,1.5
2024-08-21,0.0,0.0,7.6,21.3,3.9
2024-08-22,0.0,0.0,9.5,19.1,1.5
2024-08-23,0.0,0.0,11.9,22.9,2.6
2024-08-24,0.1,0.0,12.9,27.1,2.0
2024-08-25,1.5,0.0,2.1,19.6,2.8
2024-08-26,0.9,0.0,8.1,18.4,1.9
2024-08-27,0.0,0.0,12.6,21.1,2.5
2024-08-28,0.0,0.0,11.2,25.2,1.3
2024-08-29,0.0,0.0,12.4,25.7,1.8
2024-08-30,0.0,0.0,12.2,27.2,1.5
2024-08-31,0.0,0.0,10.1,23.0,2.9
2024-09-01,0.0,0.0,12.1,23.1,2.3
2024-09-02,0.0,0.0,9.1,25.5,1.6
2024-09-03,0.0,0.0,9.6,25.8,2.0
2024-09-04,0.0,0.0,10.8,26.0,2.7
2024-09-05,0.0,0.0,9.3,25.7,3.5
2024-09-06,0.0,0.0,11.6,24.9,2.2
2024-09-07,0.0,0.0,11.0,24.7,3.5
2024-09-08,0.9,0.0,9.5,25.7,1.8
2024-09-09,5.3,0.0,0.2,17.6,3.9
2024-09-10,0.0,0.0,4.7,16.4,3.4
2024-09-11,4.6,0.0,0.9,14.5,4.3
2024-09-12,5.8,0.0,0.2,10.7,2.7
2024-09-13,59.7,0.0,0.0,9.1,5.1
2024-09-14,9.4,0.0,0.0,12.0,7.1
2024-09-15,15.2,0.0,0.0,10.5,4.2
2024-09-16,8.1,0.0,0.1,14.6,3.2
2024-09-17,0.0,0.0,9.8,18.4,2.0
2024-09-18,0.0,0.0,10.2,19.3,2.6
2024-09-19,0.0,0.0,10.2,17.3,1.9
2024-09-20,0.0,0.0,10.8,16.8,2.3
2024-09-21,0.0,0.0,11.4,17.5,2.1
2024-09-22,0.0,0.0,11.0,16.1,1.0
2024-09-23,0.0,0.0,9.3,17.7,1.6
2024-09-24,0.9,0.0,3.2,14.7,3.3
2024-09-25,0.3,0.0,6.8,16.9,3.7
2024-09-26,2.8,0.0,0.0,15.8,2.4
2024-09-27,2.2,0.0,5.8,15.0,4.0
2024-09-28,0.0,0.0,3.5,12.1,3.4
2024-09-29,0.0,0.0,6.2,9.6,1.8
2024-09-30,0.0,0.0,3.7,11.1,2.2
2024-10-01,1.9,0.0,3.1,12.7,3.0
2024-10-02,2.7,0.0,0.0,10.9,2.7
2024-10-03,0.0,0.0,0.5,10.7,2.5
2024-10-04,5.5,0.0,0.0,10.1,3.7
2024-10-05,0.0,0.0,0.0,9.3,2.5
2024-10-06,0.0,0.0,4.7,9.4,1.2
2024-10-07,0.0,0.0,1.3,12.4,2.2
2024-10-08,1.0,0.0,6.4,14.7,2.4
2024-10-09,0.0,0.0,7.1,16.4,3.4
2024-10-10,0.6,0.0,1.4,14.0,4.9
2024-10-11,4.1,0.0,0.0,9.0,2.5
2024-10-12,0.0,0.0,3.0,8.6,2.3
2024-10-13,0.1,0.0,4.0,10.9,6.1
2024-10-14,2.2,0.0,6.5,10.0,2.0
2024-10-15,0.0,0.0,9.1,9.2,1.6
2024-10-16,0.0,0.0,9.7,9.8,3.6
2024-10-17,0.0,0.0,6.4,12.1,2.6
2024-10-18,0.0,0.0,3.7,13.6,3.2
2024-10-19,0.0,0.0,1.3,11.8,1.0
2024-10-20,0.0,0.0,8.0,11.7,1.3
2024-10-21,0.0,0.0,1.6,12.3,1.5
2024-10-22,2.2,0.0,5.2,11.4,1.4
2024-10-23,0.0,0.0,5.6,11.6,2.0
2024-10-24,0.0,0.0,6.3,12.6,1.8
2024-10-25,0.0,0.0,3.2,10.7,1.1
2024-10-26,0.0,0.0,0.0,12.8,2.0
2024-10-27,0.0,0.0,0.9,12.9,2.2
2024-10-28,0.0,0.0,5.2,14.4,3.3
2024-10-29,0.1,0.0,5.1,14.2,2.8
2024-10-30,0.3,0.0,0.6,13.7,2.2
2024-10-31,0.0,0.0,0.0,11.5,1.8
2024-11-01,0.0,0.0,6.1,10.7,3.6
2024-11-02,0.1,0.0,0.6,8.2,2.3
2024-11-03,0.0,0.0,5.7,4.2,1.4
2024-11-04,0.0,0.0,0.4,4.5,1.7
2024-11-05,0.0,0.0,1.1,5.4,0.9
2024-11-06,0.1,0.0,0.0,5.3,1.4
2024-11-07,0.0,0.0,0.0,6.5,1.0
2024-11-08,0.0,0.0,0.1,4.6,1.7
2024-11-09,0.0,0.0,4.7,2.6,1.5
2024-11-10,0.0,0.0,0.0,0.4,2.2
2024-11-11,0.0,0.0,0.0,1.2,2.0
2024-11-12,0.2,0.0,0.0,1.2,2.2
2024-11-13,2.6,0.0,0.0,2.4,1.8
2024-11-14,0.0,0.0,0.3,4.9,4.4
2024-11-15,0.0,0.0,0.0,7.4,3.0
2024-11-16,0.0,0.0,2.2,4.7,2.1
2024-11-17,0.3,0.0,0.5,5.6,6.3
2024-11-18,1.0,0.0,0.7,4.8,4.4
2024-11-19,3.2,0.0,0.0,9.4,6.5
2024-11-20,0.0,0.0,1.1,3.1,5.5
2024-11-21,0.0,0.0,1.8,1.6,4.7
2024-11-22,0.0,0.0,2.6,0.9,5.3
2024-11-23,0.2,0.0,6.8,2.7,5.1
2024-11-24,0.1,0.0,0.0,6.5,1.7
2024-11-25,0.0,0.0,7.3,5.4,1.6
2024-11-26,1.6,0.0,1.5,5.8,1.8
2024-11-27,0.0,0.0,5.0,5.2,1.8
2024-11-28,0.2,0.0,2.3,7.8,7.7
2024-11-29,0.0,0.0,0.7,3.9,3.8
2024-11-30,0.0,0.0,6.5,2.3,1.3
2024-12-01,0.0,0.0,0.0,0.1,1.4
2024-12-02,7.8,0.0,0.0,1.0,1.7
2024-12-03,1.2,0.0,0.1,4.0,2.0
2024-12-04,0.0,0.0,3.2,2.7,3.4
2024-12-05,2.9,0.0,7.0,2.6,3.3
2024-12-06,7.8,0.0,0.0,4.7,3.9
2024-12-07,0.7,0.0,2.6,5.7,3.1
2024-12-08,1.1,0.0,0.0,3.7,2.2
2024-12-09,2.0,0.0,0.0,3.2,2.9
2024-12-10,3.2,0.0,0.0,1.4,2.0
2024-12-11,0.0,0.0,0.0,1.3,2.3
2024-12-12,0.0,0.0,0.0,0.9,1.8
2024-12-13,0.0,0.0,0.0,0.2,2.9
2024-12-14,0.0,0.0,0.0,1.6,3.8
2024-12-15,0.7,0.0,3.4,4.0,7.1
2024-12-16,0.0,0.0,0.0,8.3,6.7
2024-12-17,0.2,0.0,0.0,8.0,4.6
2024-12-18,0.0,0.0,2.7,7.4,3.1
2024-12-19,0.1,0.0,0.0,10.3,3.5
2024-12-20,0.0,0.0,1.5,4.5,5.4
2024-12-21,0.0,0.0,1.3,4.3,4.1
2024-12-22,2.4,0.0,0.1,4.7,5.9
2024-12-23,0.2,0.0,3.6,3.0,4.5
2024-12-24,0.0,0.0,0.0,3.3,3.7
2024-12-25,0.0,0.0,7.3,1.4,2.2
2024-12-26,0.0,0.0,7.2,-1.0,1.1
2024-12-27,0.0,0.0,0.0,-2.8,1.3
2024-12-28,0.0,0.0,1.9,-3.2,1.7
2024-12-29,0.0,0.0,2.8,-2.6,1.5
2024-12-30,0.0,0.0,3.6,0.0,1.6
2024-12-31,0.0,0.0,4.3,-2.3,1.0
2025-01-01,0.0,0.0,4.7,7.2,6.7
2025-01-02,2.6,0.0,0.0,4.0,3.5
2025-01-03,0.4,0.0,3.5,0.9,6.4
2025-01-04,0.0,0.0,4.0,-0.6,3.1
2025-01-05,4.8,0.0,0.0,-1.4,2.0
2025-01-06,0.0,2.0,0.0,3.1,1.1
2025-01-07,0.4,0.0,0.7,3.3,3.9
2025-01-08,0.7,0.0,0.0,2.8,3.6
2025-01-09,2.5,0.0,3.8,7.5,5.8
2025-01-10,0.0,0.0,4.1,1.2,7.0
2025-01-11,0.4,0.0,0.2,1.1,6.1
2025-01-12,0.0,1.0,0.8,-0.5,4.2
2025-01-13,0.0,0.0,5.4,-0.7,1.5
2025-01-14,1.4,0.0,0.0,-2.0,2.6
2025-01-15,0.1,0.0,0.0,2.8,2.6
2025-01-16,0.0,0.0,0.0,2.2,1.5
2025-01-17,0.0,0.0,0.0,-0.2,1.7
2025-01-18,0.0,0.0,1.2,-0.7,1.8
2025-01-19,0.0,0.0,1.0,-1.9,1.7
2025-01-20,0.0,0.0,6.7,-1.5,1.1
2025-01-21,0.0,0.0,0.0,-2.1,1.6
2025-01-22,0.0,0.0,0.0,-2.1,2.0
2025-01-23,0.3,0.0,0.2,1.3,2.6
2025-01-24,0.4,0.0,2.4,5.0,2.9
2025-01-25,0.0,0.0,1.6,5.7,2.4
2025-01-26,0.0,0.0,0.4,5.1,2.0
2025-01-27,1.4,0.0,1.0,6.3,3.2
2025-01-28,0.4,0.0,0.0,4.5,1.8
2025-01-29,0.3,0.0,2.3,5.1,4.3
2025-01-30,0.0,0.0,7.1,2.9,1.5
2025-01-31,0.0,0.0,0.7,2.7,2.9
2025-02-01,0.0,0.0,5.8,0.4,1.3
2025-02-02,0.0,0.0,1.7,-1.2,1.2
2025-02-03,0.0,0.0,8.6,-1.4,1.6
2025-02-04,0.0,0.0,8.6,-1.2,1.8
2025-02-05,0.0,0.0,6.3,1.2,1.6
2025-02-06,0.0,0.0,0.0,2.1,2.9
2025-02-07,0.0,0.0,2.1,1.6,4.8
2025-02-08,0.0,0.0,4.3,1.3,2.7
2025-02-09,0.0,0.0,8.3,0.6,1.3
2025-02-10,0.0,0.0,4.8,1.6,0.9
2025-02-11,0.0,0.0,7.1,2.0,3.3
2025-02-12,7.4,0.0,0.0,-0.4,2.6
2025-02-13,5.5,1.0,0.0,-0.2,2.2
2025-02-14,0.0,2.0,0.0,-1.8,3.6
2025-02-15,0.0,0.0,2.5,-2.7,0.9
2025-02-16,0.0,0.0,7.7,-4.2,1.8
2025-02-17,0.0,0.0,6.9,-3.8,1.9
2025-02-18,0.0,0.0,9.7,-4.4,1.3
2025-02-19,0.0,0.0,9.8,-3.2,1.6
2025-02-20,0.0,0.0,9.3,-1.2,1.0
2025-02-21,0.0,0.0,0.0,1.7,1.8
2025-02-22,0.0,0.0,9.2,2.6,1.7
2025-02-23,0.0,0.0,0.0,3.1,1.1
2025-02-24,0.0,0.0,7.3,5.4,0.9
2025-02-25,0.0,0.0,0.9,5.9,1.3
2025-02-26,0.0,0.0,1.2,6.6,3.8
2025-02-27,0.1,0.0,3.9,6.7,2.9
2025-02-28,0.0,0.0,4.1,3.9,3.4
2025-03-01,0.0,0.0,0.0,3.3,2.7
2025-03-02,0.0,0.0,9.8,3.5,2.5
2025-03-03,0.0,0.0,9.0,4.6,1.6
2025-03-04,0.0,0.0,8.8,5.4,2.0
2025-03-05,0.0,0.0,10.6,7.9,0.9
2025-03-06,0.0,0.0,10.5,8.3,1.5
2025-03-07,0.0,0.0,10.0,9.0,0.8
2025-03-08,0.0,0.0,10.3,9.4,1.1
2025-03-09,0.0,0.0,9.1,10.1,1.0
2025-03-10,0.1,0.0,6.6,10.7,2.8
2025-03-11,0.0,0.0,1.9,10.5,3.0
2025-03-12,4.8,0.0,4.8,8.0,2.9
2025-03-13,8.4,0.0,0.0,3.9,3.5
2025-03-14,0.4,0.0,0.0,4.9,2.3
2025-03-15,0.0,0.0,5.5,4.5,3.5
2025-03-16,0.0,0.0,11.3,4.7,2.9
2025-03-17,0.0,0.0,5.1,2.5,3.2
2025-03-18,0.0,0.0,11.6,2.3,1.4
2025-03-19,0.0,0.0,11.7,5.7,1.4
2025-03-20,0.0,0.0,11.4,8.6,1.6
2025-03-21,0.0,0.0,11.2,11.4,2.4
2025-03-22,0.0,0.0,10.0,11.7,3.2
2025-03-23,0.1,0.0,0.0,9.3,1.8
2025-03-24,0.0,0.0,0.1,10.5,1.5
2025-03-25,2.3,0.0,4.9,11.1,1.6
2025-03-26,2.3,0.0,0.0,7.2,3.0
2025-03-27,0.0,0.0,4.5,9.0,2.2
2025-03-28,0.0,0.0,10.9,9.3,1.2
2025-03-29,0.0,0.0,0.0,10.4,3.2
2025-03-30,3.1,0.0,5.6,8.2,4.9
2025-03-31,4.0,0.0,0.4,7.0,5.7
2025-04-01,0.1,0.0,3.5,9.1,3.1
2025-04-02,0.0,0.0,6.2,11.4,3.1
2025-04-03,0.0,0.0,12.2,12.4,1.5
2025-04-04,0.0,0.0,12.3,13.2,1.1
2025-04-05,0.0,0.0,7.0,7.5,3.8
2025-04-06,0.0,0.0,7.5,3.3,4.3
2025-04-07,0.0,0.0,0.3,6.6,2.9
2025-04-08,0.0,0.0,4.4,8.8,2.0
2025-04-09,0.0,0.0,3.2,9.2,2.9
2025-04-10,0.0,0.0,6.8,9.4,3.5
2025-04-11,0.0,0.0,7.4,11.8,3.9
2025-04-12,0.0,0.0,11.9,14.4,2.0
2025-04-13,0.0,0.0,6.7,16.1,1.5
2025-04-14,0.0,0.0,6.4,17.7,3.0
2025-04-15,0.0,0.0,2.3,15.2,3.0
2025-04-16,0.0,0.0,10.9,19.4,3.6
2025-04-17,0.1,0.0,6.2,21.2,4.9
2025-04-18,6.2,0.0,0.0,10.0,3.6
2025-04-19,0.0,0.0,4.1,11.7,1.8
2025-04-20,0.0,0.0,11.0,16.4,1.8
2025-04-21,0.0,0.0,5.0,15.1,2.3
2025-04-22,0.0,0.0,10.0,15.4,3.0
2025-04-23,14.1,0.0,9.3,16.1,1.4
2025-04-24,7.4,0.0,0.0,12.1,2.8
2025-04-25,9.1,0.0,0.0,10.4,2.3
2025-04-26,0.0,0.0,11.2,11.4,3.5
2025-04-27,0.0,0.0,13.7,12.0,3.0
2025-04-28,0.0,0.0,13.6,14.5,1.2
2025-04-29,0.0,0.0,13.3,16.4,1.4
2025-04-30,0.0,0.0,13.2,17.2,1.4
2025-05-01,0.0,0.0,12.2,18.3,1.1
2025-05-02,0.0,0.0,10.6,20.7,3.2
2025-05-03,1.0,0.0,4.9,17.7,4.1
2025-05-04,0.0,0.0,6.7,11.8,4.0
2025-05-05,0.0,0.0,4.0,10.2,3.2
2025-05-06,0.0,0.0,10.3,10.7,2.0
2025-05-07,0.0,0.0,6.1,11.0,2.2
2025-05-08,0.0,0.0,4.7,10.8,2.6
2025-05-09,0.0,0.0,11.9,10.7,2.1
2025-05-10,0.0,0.0,10.8,13.9,2.7
2025-05-11,0.0,0.0,10.8,14.2,2.4
2025-05-12,0.0,0.0,14.2,13.4,3.6
2025-05-13,0.0,0.0,14.3,15.0,1.6
2025-05-14,0.0,0.0,12.6,16.5,2.3
2025-05-15,0.0,0.0,5.0,11.2,4.6
2025-05-16,0.6,0.0,3.8,11.0,4.1
2025-05-17,2.2,0.0,3.5,11.0,4.7
2025-05-18,4.3,0.0,4.7,11.4,4.4
2025-05-19,0.0,0.0,0.2,13.1,3.5
2025-05-20,0.0,0.0,5.5,16.2,0.9
2025-05-21,1.5,0.0,6.1,16.3,2.9
2025-05-22,0.8,0.0,0.4,10.6,3.7
2025-05-23,0.0,0.0,9.7,10.4,2.2
2025-05-24,0.0,0.0,9.4,12.4,2.3
2025-05-25,5.7,0.0,2.1,12.4,3.4
2025-05-26,3.7,0.0,4.1,15.6,2.5
2025-05-27,0.0,0.0,8.2,16.8,3.2
2025-05-28,6.0,0.0,0.2,13.9,3.9
2025-05-29,0.1,0.0,8.3,15.8,3.5
2025-05-30,0.0,0.0,4.7,20.1,3.0
2025-05-31,2.6,0.0,10.6,21.3,2.2
2025-06-01,5.6,0.0,4.8,18.8,2.1
2025-06-02,0.1,0.0,3.9,18.2,3.0
2025-06-03,0.0,0.0,7.9,19.7,3.4
2025-06-04,5.3,0.0,8.9,23.7,1.7
2025-06-05,1.3,0.0,3.7,18.0,3.7
2025-06-06,1.1,0.0,5.4,19.9,5.7
2025-06-07,5.8,0.0,0.0,16.3,2.6
2025-06-08,0.2,0.0,3.1,14.0,5.6
2025-06-09,0.0,0.0,10.4,14.8,4.7
2025-06-10,0.3,0.0,7.1,18.8,3.7
2025-06-11,0.0,0.0,9.1,16.4,3.5
2025-06-12,0.0,0.0,14.8,18.6,1.7
2025-06-13,0.0,0.0,14.8,19.8,3.1
2025-06-14,0.0,0.0,14.8,22.0,1.5
2025-06-15,6.3,0.0,11.6,23.0,1.7
2025-06-16,2.8,0.0,3.2,17.4,3.8
2025-06-17,0.0,0.0,13.3,20.5,1.1
2025-06-18,0.0,0.0,12.3,23.3,1.8
2025-06-19,0.0,0.0,12.0,20.8,3.3
2025-06-20,0.0,0.0,15.1,19.9,2.6
2025-06-21,0.0,0.0,15.1,20.8,2.3
2025-06-22,0.0,0.0,14.8,24.9,1.8
2025-06-23,4.6,0.0,4.4,22.8,3.9
2025-06-24,0.0,0.0,8.9,22.3,5.0
2025-06-25,0.0,0.0,9.4,25.8,3.6
2025-06-26,0.1,0.0,9.5,25.5,3.4
2025-06-27,0.0,0.0,6.1,20.4,5.2
2025-06-28,0.0,0.0,9.9,25.5,3.1
2025-06-29,0.0,0.0,11.7,26.9,3.3
2025-06-30,0.0,0.0,15.5,24.1,3.1
2025-07-01,0.0,0.0,15.4,24.9,2.3
2025-07-02,0.0,0.0,15.4,28.7,2.3
2025-07-03,0.2,0.0,5.3,21.4,3.4
2025-07-04,0.0,0.0,11.1,21.6,3.1
2025-07-05,0.0,0.0,11.2,24.7,2.1
2025-07-06,0.2,0.0,7.6,24.0,3.5
2025-07-07,0.6,0.0,3.5,19.0,3.9
2025-07-08,5.3,0.0,0.6,15.6,4.5
2025-07-09,0.0,0.0,2.8,17.4,4.6
2025-07-10,0.2,0.0,4.5,19.1,3.9
2025-07-11,1.1,0.0,5.0,18.5,3.0
2025-07-12,3.9,0.0,0.0,15.7,2.4
2025-07-13,0.1,0.0,3.1,20.9,3.2
2025-07-14,0.0,0.0,7.5,22.5,3.3
2025-07-15,3.9,0.0,5.9,20.4,2.5
2025-07-16,2.4,0.0,3.8,17.8,3.3
2025-07-17,6.6,0.0,1.8,17.5,2.8
2025-07-18,0.0,0.0,6.8,20.3,2.6
2025-07-19,0.0,0.0,12.3,23.3,1.8
2025-07-20,0.0,0.0,11.5,26.0,2.2
2025-07-21,1.7,0.0,2.1,20.4,3.6
2025-07-22,0.0,0.0,7.5,20.2,5.6
2025-07-23,0.0,0.0,9.9,21.7,4.8
2025-07-24,1.5,0.0,1.3,19.3,1.4
2025-07-25,1.9,0.0,5.6,21.4,1.4
2025-07-26,1.1,0.0,2.7,20.5,2.9
2025-07-27,0.3,0.0,7.1,21.3,3.7
2025-07-28,9.6,0.0,1.3,18.5,3.2
2025-07-29,0.0,0.0,5.5,19.5,2.9
2025-07-30,14.4,0.0,0.7,15.7,2.9
2025-07-31,0.3,0.0,3.0,18.3,3.8
2025-08-01,5.4,0.0,3.2,17.7,4.3
2025-08-02,6.1,0.0,3.1,17.3,2.9
2025-08-03,5.5,0.0,1.7,16.1,3.2
2025-08-04,0.0,0.0,3.7,16.6,4.4
2025-08-05,3.9,0.0,4.6,18.1,3.9
2025-08-06,0.0,0.0,10.8,18.5,1.7
2025-08-07,0.0,0.0,11.9,21.0,1.0
2025-08-08,0.0,0.0,8.9,23.9,2.3
2025-08-09,0.0,0.0,5.1,24.0,1.5
2025-08-10,0.0,0.0,12.4,21.9,2.3
2025-08-11,0.0,0.0,13.8,21.2,1.2
2025-08-12,0.0,0.0,13.6,23.3,1.9
2025-08-13,0.0,0.0,12.7,26.5,1.2
2025-08-14,0.0,0.0,12.6,28.4,1.2
2025-08-15,0.0,0.0,10.9,29.0,2.0
2025-08-16,1.5,0.0,4.4,21.6,2.9
2025-08-17,0.0,0.0,11.7,17.9,3.2
2025-08-18,0.0,0.0,13.4,19.7,1.9
2025-08-19,0.0,0.0,12.9,21.1,2.2
2025-08-20,0.0,0.0,11.9,22.2,2.2
2025-08-21,0.0,0.0,3.5,21.6,2.5
2025-08-22,0.0,0.0,8.7,16.2,3.8
2025-08-23,1.5,0.0,2.1,13.6,3.3
2025-08-24,0.0,0.0,8.1,15.4,2.5
2025-08-25,0.0,0.0,11.6,18.5,1.2
2025-08-26,0.0,0.0,12.1,19.4,1.7
2025-08-27,0.1,0.0,4.5,21.4,1.8
2025-08-28,12.5,0.0,9.4,21.3,2.1
2025-08-29,37.2,0.0,5.7,21.0,2.8
2025-08-30,0.2,0.0,6.1,19.3,2.4
2025-08-31,0.0,0.0,11.6,19.9,2.0
2025-09-01,1.3,0.0,11.9,21.7,1.1
2025-09-02,0.8,0.0,0.9,16.9,2.3
2025-09-03,0.0,0.0,11.4,19.1,2.3
2025-09-04,0.0,0.0,12.5,22.4,1.7
2025-09-05,43.1,0.0,1.2,16.9,2.7
2025-09-06,0.1,0.0,8.2,17.1,2.1
2025-09-07,0.0,0.0,12.3,16.7,1.6
2025-09-08,0.0,0.0,9.6,16.5,1.4
2025-09-09,1.3,0.0,8.8,17.7,1.6
2025-09-10,29.5,0.0,4.7,16.6,1.8
2025-09-11,0.0,0.0,10.0,16.9,3.1
2025-09-12,0.8,0.0,5.1,15.2,3.0
2025-09-13,1.4,0.0,2.5,15.8,1.5
2025-09-14,2.8,0.0,1.3,13.4,3.7
2025-09-15,0.0,0.0,2.4,18.3,3.6
2025-09-16,0.0,0.0,5.5,15.4,5.5
2025-09-17,0.6,0.0,3.7,14.1,3.8
2025-09-18,0.0,0.0,6.3,19.3,4.0
2025-09-19,0.0,0.0,11.6,20.2,2.5
2025-09-20,0.0,0.0,11.1,21.4,1.1
2025-09-21,0.0,0.0,10.7,21.4,3.3
2025-09-22,0.1,0.0,0.0,12.1,4.0
2025-09-23,0.0,0.0,0.0,12.5,2.3
2025-09-24,16.9,0.0,0.0,12.9,4.0
2025-09-25,12.4,0.0,0.0,8.9,2.9
2025-09-26,0.1,0.0,0.0,12.3,3.5
2025-09-27,0.0,0.0,0.2,15.0,2.8
2025-09-28,0.0,0.0,8.5,15.2,1.2
2025-09-29,0.1,0.0,6.4,10.5,2.3
2025-09-30,0.0,0.0,8.3,9.2,2.2
2025-10-01,0.3,0.0,0.0,9.0,2.1
2025-10-02,0.0,0.0,5.1,9.1,2.2
2025-10-03,0.0,0.0,6.4,6.8,1.7
2025-10-04,1.4,0.0,1.1,8.6,2.7
2025-10-05,1.2,0.0,3.7,9.9,4.7
2025-10-06,2.2,0.0,0.4,11.0,5.7
2025-10-07,0.1,0.0,1.6,12.4,2.9
2025-10-08,1.5,0.0,0.0,13.8,1.3
2025-10-09,0.0,0.0,0.5,12.4,2.6
2025-10-10,0.0,0.0,0.2,13.1,4.7
2025-10-11,0.0,0.0,0.0,13.6,3.4
2025-10-12,0.5,0.0,0.3,13.0,3.1
2025-10-13,0.0,0.0,4.9,12.2,2.3
2025-10-14,1.9,0.0,5.2,10.2,1.9
2025-10-15,0.0,0.0,0.5,10.9,1.8
2025-10-16,0.1,0.0,0.5,11.2,2.8
2025-10-17,0.8,0.0,0.5,11.2,2.3
2025-10-18,0.0,0.0,8.3,6.7,2.4
2025-10-19,0.0,0.0,7.2,5.8,2.0
2025-10-20,0.0,0.0,7.8,8.7,2.6
2025-10-21,0.5,0.0,6.4,13.1,2.7
2025-10-22,1.7,0.0,0.0,10.5,2.5
2025-10-23,4.5,0.0,0.2,12.0,3.1
2025-10-24,0.0,0.0,0.5,8.0,6.0
2025-10-25,0.0,0.0,0.7,9.9,5.6
2025-10-26,0.2,0.0,3.4,8.1,7.8
2025-10-27,1.5,0.0,1.2,7.9,6.8
2025-10-28,0.5,0.0,0.4,10.5,7.1
2025-10-29,0.0,0.0,5.5,11.1,2.5
2025-10-30,0.1,0.0,5.5,9.6,4.4
2025-10-31,0.0,0.0,7.6,6.8,1.4
2025-11-01,5.2,0.0,6.9,10.1,1.8
2025-11-02,15.3,0.0,0.0,9.9,2.1
2025-11-03,0.0,0.0,3.9,8.1,5.3
2025-11-04,0.0,0.0,3.6,8.5,2.0
2025-11-05,0.0,0.0,4.8,5.6,1.5
2025-11-06,0.0,0.0,6.2,7.3,1.7
2025-11-07,0.0,0.0,7.1,7.4,1.4
2025-11-08,3.5,0.0,6.1,6.2,1.8
2025-11-09,5.2,0.0,0.0,5.6,3.0
2025-11-10,0.1,0.0,0.4,7.7,2.1
2025-11-11,0.6,0.0,3.4,7.1,3.0
2025-11-12,0.0,0.0,5.2,5.1,1.6
2025-11-13,0.0,0.0,4.1,6.4,1.8
2025-11-14,0.0,0.0,3.8,5.6,1.2
2025-11-15,0.7,0.0,0.0,6.6,1.3
2025-11-16,1.1,0.0,2.4,7.6,1.3
2025-11-17,2.4,0.0,0.0,3.8,3.5
2025-11-18,0.0,0.0,6.1,1.5,3.3
2025-11-19,0.0,0.0,7.0,1.5,2.6
2025-11-20,0.0,0.0,0.7,2.3,2.8
2025-11-21,0.0,0.0,0.0,-0.5,3.0
2025-11-22,0.0,0.0,2.3,-2.5,2.5
2025-11-23,2.3,0.0,7.6,-4.3,1.7
2025-11-24,1.3,2.0,0.0,-0.1,2.3
2025-11-25,1.6,0.0,0.0,1.3,1.8
2025-11-26,4.5,2.0,0.0,1.2,3.1
2025-11-27,0.0,0.0,1.5,2.0,3.7
2025-11-28,0.0,0.0,4.5,1.6,2.5
2025-11-29,0.1,0.0,0.0,3.6,1.8
2025-11-30,0.5,0.0,0.0,2.7,1.4
2025-12-01,0.0,0.0,0.1,3.9,1.0
2025-12-02,0.0,0.0,0.0,3.7,1.9
2025-12-03,0.0,0.0,0.0,1.9,1.2
2025-12-04,4.7,0.0,0.0,3.4,1.7
2025-12-05,1.4,0.0,0.0,3.9,2.3
2025-12-06,0.0,0.0,0.0,2.3,2.2
2025-12-07,1.9,0.0,0.8,7.3,2.9
2025-12-08,0.0,0.0,2.6,11.1,2.9
2025-12-09,0.0,0.0,3.3,11.1,3.0
2025-12-10,0.5,0.0,6.5,9.8,3.7
2025-12-11,0.0,0.0,3.5,8.2,2.7
2025-12-12,0.0,0.0,0.0,1.8,1.7
2025-12-13,0.0,0.0,0.0,1.5,2.2
2025-12-14,0.0,0.0,0.0,1.9,2.1
2025-12-15,0.0,0.0,0.0,0.3,2.0
2025-12-16,0.0,0.0,0.0,0.7,2.3
2025-12-17,0.0,0.0,0.0,1.2,2.4
2025-12-18,0.0,0.0,0.0,1.3,1.3
2025-12-19,0.1,0.0,0.0,0.9,1.9
2025-12-20,0.0,0.0,1.9,2.5,1.2
2025-12-21,0.0,0.0,0.0,1.6,0.7
2025-12-22,0.2,0.0,0.0,3.1,3.1
2025-12-23,0.3,0.0,0.0,2.6,3.6
2025-12-24,0.0,0.0,0.0,-1.5,3.9
2025-12-25,0.0,0.0,6.3,-2.8,2.6
2025-12-26,0.0,0.0,5.7,-2.6,1.3
2025-12-27,0.0,0.0,7.2,-0.3,2.7
2025-12-28,0.0,0.0,5.6,0.1,2.8
2025-12-29,0.3,0.0,1.8,0.5,4.4
2025-12-30,0.0,0.0,4.7,-0.2,5.1
2025-12-31,0.1,0.0,0.8,-0.3,6.7
