date,den,Tramvaje,Autobusy,Metro,vše
2021-01-01,pátek,245202,207847,409528,862577
2021-01-02,sobota,251485,221251,839243,1311979
2021-01-03,neděle,243140,219564,857702,1320406
2021-01-04,pondělí,496796,445864,492748,1435408
2021-01-05,úterý,484201,439471,451058,1374730
2021-01-06,středa,492332,439127,1095032,2026491
2021-01-07,čtvrtek,486279,438937,1095742,2020958
2021-01-08,pátek,486581,415693,1104242,2006516
2021-01-09,sobota,248398,222932,1094356,1565686
2021-01-10,neděle,246166,219736,1054501,1520403
2021-01-11,pondělí,537011,460817,510968,1508796
2021-01-12,úterý,542000,467233,450025,1459258
2021-01-13,středa,541869,471365,1085249,2098483
2021-01-14,čtvrtek,569082,457392,1110932,2137406
2021-01-15,pátek,515857,430912,1131261,2078030
2021-01-16,sobota,284541,235683,1125744,1645968
2021-01-17,neděle,271000,233617,1065983,1570600
2021-01-18,pondělí,505369,450894,524965,1481228
2021-01-19,úterý,543784,461287,444700,1449771
2021-01-20,středa,565764,485130,1070824,2121718
2021-01-21,čtvrtek,519642,463849,1118099,2101590
2021-01-22,pátek,531011,446607,1126665,2104283
2021-01-23,sobota,282882,242565,1111298,1636745
2021-01-24,neděle,271892,231925,1035785,1539602
2021-01-25,pondělí,560721,475927,519569,1556217
2021-01-26,úterý,497917,452282,450283,1400482
2021-01-27,středa,562105,485540,1067038,2114683
2021-01-28,čtvrtek,526601,466935,1081454,2074990
2021-01-29,pátek,484419,394484,1105365,1984268
2021-01-30,sobota,281053,242770,1098189,1622012
2021-01-31,neděle,280361,237964,959664,1477989
2021-02-01,pondělí,539104,485970,508291,1533365
2021-02-02,úterý,557779,467159,447298,1472236
2021-02-03,středa,539054,473522,1064610,2077186
2021-02-04,čtvrtek,562582,491173,1095438,2149193
2021-02-05,pátek,528983,450438,1104945,2084366
2021-02-06,sobota,281291,245587,1098493,1625371
2021-02-07,neděle,278890,236761,1055625,1571276
2021-02-08,pondělí,536806,496760,564932,1598498
2021-02-09,úterý,552965,481204,475604,1509773
2021-02-10,středa,579534,486670,1035840,2102044
2021-02-11,čtvrtek,568213,470610,1117352,2156175
2021-02-12,pátek,519036,447213,1146410,2112659
2021-02-13,sobota,289767,248380,1146018,1684165
2021-02-14,neděle,284107,243335,1109026,1636468
2021-02-15,pondělí,547620,470548,581420,1599588
2021-02-16,úterý,531083,470367,467225,1468675
2021-02-17,středa,558389,486325,1036925,2081639
2021-02-18,čtvrtek,533103,465226,1078819,2077148
2021-02-19,pátek,510969,446253,1069529,2026751
2021-02-20,sobota,279195,243163,1065654,1588012
2021-02-21,neděle,273810,235274,990909,1499993
2021-02-22,pondělí,529864,457921,563294,1551079
2021-02-23,úterý,544171,455091,461714,1460976
2021-02-24,středa,546470,461255,1077015,2084740
2021-02-25,čtvrtek,524427,448427,1093554,2066408
2021-02-26,pátek,467748,418633,1097024,1983405
2021-02-27,sobota,273235,230628,1078593,1582456
2021-02-28,neděle,272086,228961,1004732,1505779
2021-03-01,pondělí,445075,383286,509568,1337929
2021-03-02,úterý,410421,377333,470382,1258136
2021-03-03,středa,453773,381296,1064874,1899943
2021-03-04,čtvrtek,426299,377236,1081591,1885126
2021-03-05,pátek,407294,364936,1097338,1869568
2021-03-06,sobota,226887,190648,1074309,1491844
2021-03-07,neděle,222538,188667,1023378,1434583
2021-03-08,pondělí,467005,394080,502440,1363525
2021-03-09,úterý,452651,385690,461727,1300068
2021-03-10,středa,478535,408420,1037051,1924006
2021-03-11,čtvrtek,467312,394084,1021603,1882999
2021-03-12,pátek,451550,393638,847459,1692647
2021-03-13,sobota,239268,204210,747202,1190680
2021-03-14,neděle,233656,197042,592863,1023561
2021-03-15,pondělí,455501,401727,232619,1089847
2021-03-16,úterý,461005,400526,179701,1041232
2021-03-17,středa,469339,404296,310903,1184538
2021-03-18,čtvrtek,450620,406407,221786,1078813
2021-03-19,pátek,410459,396130,217571,1024160
2021-03-20,sobota,234670,203204,202030,639904
2021-03-21,neděle,230503,202148,202035,634686
2021-03-22,pondělí,499436,425522,107342,1032300
2021-03-23,úterý,473397,408755,90266,972418
2021-03-24,středa,499311,425855,208524,1133690
2021-03-25,čtvrtek,500812,433788,203661,1138261
2021-03-26,pátek,516790,427410,211925,1156125
2021-03-27,sobota,258395,216894,205661,680950
2021-03-28,neděle,250406,213705,203859,667970
2021-03-29,pondělí,522718,440619,117414,1080751
2021-03-30,úterý,548095,460166,93054,1101315
2021-03-31,středa,594107,468185,218271,1280563
2021-04-01,čtvrtek,573383,469928,211559,1254870
2021-04-02,pátek,297054,234964,221418,753436
2021-04-03,sobota,286692,234093,216763,737548
2021-04-04,neděle,286692,230083,209541,726316
2021-04-05,pondělí,274048,220310,117930,612288
2021-04-06,úterý,490221,428490,107691,1026402
2021-04-07,středa,522072,451147,234847,1208066
2021-04-08,čtvrtek,523860,444640,232646,1201146
2021-04-09,pátek,526312,447514,245077,1218903
2021-04-10,sobota,263156,225574,245451,734181
2021-04-11,neděle,261930,223757,144243,629930
2021-04-12,pondělí,542682,467735,129147,1139564
2021-04-13,úterý,595989,489535,112354,1197878
2021-04-14,středa,611931,501913,95555,1209399
2021-04-15,čtvrtek,592923,494275,249509,1336707
2021-04-16,pátek,526556,458686,267505,1252747
2021-04-17,sobota,305966,250957,264921,821844
2021-04-18,neděle,297995,247138,257537,802670
2021-04-19,pondělí,577024,497921,152258,1227203
2021-04-20,úterý,626897,514625,117112,1258634
2021-04-21,středa,627718,522158,277794,1427670
2021-04-22,čtvrtek,606412,514732,281510,1402654
2021-04-23,pátek,645390,481120,298391,1424901
2021-04-24,sobota,322695,261079,295799,879573
2021-04-25,neděle,313859,257366,284477,855702
2021-04-26,pondělí,621352,532073,162403,1315828
2021-04-27,úterý,646731,537272,149050,1333053
2021-04-28,středa,679611,543292,343867,1566770
2021-04-29,čtvrtek,647601,526528,345575,1519704
2021-04-30,pátek,644071,504599,347590,1496260
2021-05-01,sobota,339806,271646,354292,965744
2021-05-02,neděle,323801,268636,201545,793982
2021-05-03,pondělí,678821,547457,176162,1402440
2021-05-04,úterý,654875,548072,160903,1363850
2021-05-05,středa,676859,571038,388463,1636360
2021-05-06,čtvrtek,667556,540890,393024,1601470
2021-05-07,pátek,604675,500513,409839,1515027
2021-05-08,sobota,339411,285519,414333,1039263
2021-05-09,neděle,338430,274036,204390,816856
2021-05-10,pondělí,761141,595191,210646,1566978
2021-05-11,úterý,734186,592632,179082,1505900
2021-05-12,středa,703494,568092,490187,1761773
2021-05-13,čtvrtek,686922,560793,512035,1759750
2021-05-14,pátek,677983,540220,524519,1742722
2021-05-15,sobota,380571,297596,506562,1184729
2021-05-16,neděle,367093,296316,478382,1141791
2021-05-17,pondělí,735582,618187,279538,1633307
2021-05-18,úterý,760935,626931,238660,1626526
2021-05-19,středa,792663,640499,550689,1983851
2021-05-20,čtvrtek,770723,655933,562236,1988892
2021-05-21,pátek,710914,607637,570472,1889023
2021-05-22,sobota,396332,327967,566417,1290716
2021-05-23,neděle,385362,320250,518912,1224524
2021-05-24,pondělí,815163,670904,240089,1726156
2021-05-25,úterý,778927,670869,248024,1697820
2021-05-26,středa,778312,678592,593849,2050753
2021-05-27,čtvrtek,800459,671850,623069,2095378
2021-05-28,pátek,744473,629994,653434,2027901
2021-05-29,sobota,407582,339296,625566,1372444
2021-05-30,neděle,400230,335925,594438,1330593
2021-05-31,pondělí,795596,695132,332970,1823698
2021-06-01,úterý,846660,716912,254467,1818039
2021-06-02,středa,840027,725314,679582,2244923
2021-06-03,čtvrtek,808321,699876,694517,2202714
2021-06-04,pátek,739727,654882,703263,2097872
2021-06-05,sobota,423330,362657,683662,1469649
2021-06-06,neděle,420014,358456,622801,1401271
2021-06-07,pondělí,809025,680210,325558,1814793
2021-06-08,úterý,874389,704351,275444,1854184
2021-06-09,středa,851703,706726,699258,2257687
2021-06-10,čtvrtek,869436,707819,727921,2305176
2021-06-11,pátek,777230,644930,742471,2164631
2021-06-12,sobota,437195,353910,733898,1525003
2021-06-13,neděle,434718,353363,690654,1478735
2021-06-14,pondělí,830583,723787,366117,1920487
2021-06-15,úterý,864407,727701,276898,1869006
2021-06-16,středa,849115,743474,742943,2335532
2021-06-17,čtvrtek,819031,694065,773408,2286504
2021-06-18,pátek,737682,649885,781848,2169415
2021-06-19,sobota,432204,371737,751282,1555223
2021-06-20,neděle,424558,363851,683796,1472205
2021-06-21,pondělí,784493,664327,341309,1790129
2021-06-22,úterý,804590,681142,316906,1802638
2021-06-23,středa,870690,702680,767534,2340904
2021-06-24,čtvrtek,851544,699217,809457,2360218
2021-06-25,pátek,771874,618541,804595,2195010
2021-06-26,sobota,435345,351340,794136,1580821
2021-06-27,neděle,425772,349609,731495,1506876
2021-06-28,pondělí,829732,700618,390418,1920768
2021-06-29,úterý,877633,692472,335940,1906045
2021-06-30,středa,917199,705885,739421,2362505
2021-07-01,čtvrtek,754795,592102,798160,2145057
2021-07-02,pátek,658034,504737,763890,1926661
2021-07-03,sobota,384945,301972,708508,1395425
2021-07-04,neděle,329017,252369,629155,1210541
2021-07-05,pondělí,329017,252369,320730,902116
2021-07-06,úterý,377398,296051,267692,941141
2021-07-07,středa,710961,519066,290459,1520486
2021-07-08,čtvrtek,669850,509287,630277,1809414
2021-07-09,pátek,642538,478815,661101,1782454
2021-07-10,sobota,369850,290130,635284,1295264
2021-07-11,neděle,362453,284327,587250,1234030
2021-07-12,pondělí,734862,549350,303961,1588173
2021-07-13,úterý,694962,559877,289838,1544677
2021-07-14,středa,729990,549187,669148,1948325
2021-07-15,čtvrtek,727708,550699,709314,1987721
2021-07-16,pátek,656652,502463,707519,1866634
2021-07-17,sobota,364995,279939,684440,1329374
2021-07-18,neděle,363854,275350,625946,1265150
2021-07-19,pondělí,684725,555962,354804,1595491
2021-07-20,úterý,701023,568850,316820,1586693
2021-07-21,středa,696257,582860,668353,1947470
2021-07-22,čtvrtek,681578,552562,687143,1921283
2021-07-23,pátek,626724,505104,706910,1838738
2021-07-24,sobota,350512,291430,674874,1316816
2021-07-25,neděle,348129,284425,610330,1242884
2021-07-26,pondělí,647386,543010,341377,1531773
2021-07-27,úterý,681888,552056,281655,1515599
2021-07-28,středa,679833,552003,654356,1886192
2021-07-29,čtvrtek,694094,554710,646581,1895385
2021-07-30,pátek,641730,502359,678959,1823048
2021-07-31,sobota,347047,277355,657148,1281550
2021-08-01,neděle,340944,276028,594479,1211451
2021-08-02,pondělí,637318,545628,326233,1509179
2021-08-03,úterý,677797,554396,289690,1521883
2021-08-04,středa,685800,556374,634008,1876182
2021-08-05,čtvrtek,643895,528725,667935,1840555
2021-08-06,pátek,635770,499735,705210,1840715
2021-08-07,sobota,342900,278187,669555,1290642
2021-08-08,neděle,338899,277198,602361,1218458
2021-08-09,pondělí,656755,553420,335802,1545977
2021-08-10,úterý,658067,581748,304631,1544446
2021-08-11,středa,680456,585791,635771,1902018
2021-08-12,čtvrtek,664373,552398,660788,1877559
2021-08-13,pátek,608411,517111,675590,1801112
2021-08-14,sobota,340228,292896,648851,1281975
2021-08-15,neděle,332187,290874,606752,1229813
2021-08-16,pondělí,683842,533819,360475,1578136
2021-08-17,úterý,752377,556191,336703,1645271
2021-08-18,středa,712290,579380,676232,1967902
2021-08-19,čtvrtek,727541,548631,690307,1966479
2021-08-20,pátek,665883,497898,706670,1870451
2021-08-21,sobota,376189,289690,686240,1352119
2021-08-22,neděle,363771,278096,604685,1246552
2021-08-23,pondělí,687629,565897,335261,1588787
2021-08-24,úterý,711264,567671,328713,1607648
2021-08-25,středa,758926,609923,695733,2064582
2021-08-26,čtvrtek,714868,575390,728991,2019249
2021-08-27,pátek,663928,544099,730710,1938737
2021-08-28,sobota,379463,304962,709989,1394414
2021-08-29,neděle,357434,283836,656167,1297437
2021-08-30,pondělí,782596,620876,352857,1756329
2021-08-31,úterý,758882,622385,318204,1699471
2021-09-01,středa,907024,736651,738956,2382631
2021-09-02,čtvrtek,903830,735057,818495,2457382
2021-09-03,pátek,828889,678048,833095,2340032
2021-09-04,sobota,453512,368326,815528,1637366
2021-09-05,neděle,451915,367529,743706,1563150
2021-09-06,pondělí,836181,726226,376079,1938486
2021-09-07,úterý,912080,730132,335734,1977946
2021-09-08,středa,948135,736862,790467,2475464
2021-09-09,čtvrtek,861525,726241,809134,2396900
2021-09-10,pátek,811661,675844,813055,2300560
2021-09-11,sobota,474068,368431,764772,1607271
2021-09-12,neděle,456040,365066,714586,1535692
2021-09-13,pondělí,882207,737418,363662,1983287
2021-09-14,úterý,863122,748694,329726,1941542
2021-09-15,středa,950434,754073,767233,2471740
2021-09-16,čtvrtek,909273,714301,784361,2407935
2021-09-17,pátek,834603,696291,790287,2321181
2021-09-18,sobota,475217,377037,764291,1616545
2021-09-19,neděle,454637,374347,717605,1546589
2021-09-20,pondělí,944534,739027,360952,2044513
2021-09-21,úterý,976139,730624,324766,2031529
2021-09-22,středa,991520,766976,729923,2488419
2021-09-23,čtvrtek,944231,767018,739858,2451107
2021-09-24,pátek,864943,689262,748972,2303177
2021-09-25,sobota,495760,383509,736582,1615851
2021-09-26,neděle,488070,383488,660269,1531827
2021-09-27,pondělí,724330,580376,291719,1596425
2021-09-28,úterý,495760,383509,287129,1166398
2021-09-29,středa,1067291,781816,260263,2109370
2021-09-30,čtvrtek,1006767,791009,748494,2546270
2021-10-01,pátek,928355,741228,771781,2441364
2021-10-02,sobota,533646,395505,743959,1673110
2021-10-03,neděle,503384,390908,704892,1599184
2021-10-04,pondělí,1005738,798381,344781,2148900
2021-10-05,úterý,986248,805956,311963,2104167
2021-10-06,středa,1042811,825935,672540,2541286
2021-10-07,čtvrtek,1010041,794789,684609,2489439
2021-10-08,pátek,962457,778441,697732,2438630
2021-10-09,sobota,521406,412968,673786,1608160
2021-10-10,neděle,505021,402978,614186,1522185
2021-10-11,pondělí,968516,793385,277009,2038910
2021-10-12,úterý,985187,795524,262460,2043171
2021-10-13,středa,1017790,792631,593914,2404335
2021-10-14,čtvrtek,1003016,808691,591252,2402959
2021-10-15,pátek,955080,746267,532965,2234312
2021-10-16,sobota,508895,404346,504801,1418042
2021-10-17,neděle,501508,397762,463853,1363123
2021-10-18,pondělí,968153,787209,227613,1982975
2021-10-19,úterý,953398,794901,213877,1962176
2021-10-20,středa,1036349,827626,483236,2347211
2021-10-21,čtvrtek,1012377,775337,479946,2267660
2021-10-22,pátek,936394,738183,510567,2185144
2021-10-23,sobota,518175,413813,396126,1328114
2021-10-24,neděle,506189,397451,370047,1273687
2021-10-25,pondělí,886103,726809,190582,1803494
2021-10-26,úterý,914963,743495,180002,1838460
2021-10-27,středa,928318,690188,385552,2004058
2021-10-28,čtvrtek,464159,390094,382227,1236480
2021-10-29,pátek,712776,630783,167696,1511255
2021-10-30,sobota,457482,416748,346780,1221010
2021-10-31,neděle,464159,408405,331390,1203954
2021-11-01,pondělí,906464,782326,179300,1868090
2021-11-02,úterý,986964,797260,131495,1915719
2021-11-03,středa,975522,808979,399011,2183512
2021-11-04,čtvrtek,973749,775322,380863,2129934
2021-11-05,pátek,885024,737577,394504,2017105
2021-11-06,sobota,493482,404490,391147,1289119
2021-11-07,neděle,487761,398630,377373,1263764
2021-11-08,pondělí,949038,773003,189704,1911745
2021-11-09,úterý,967201,779960,143350,1890511
2021-11-10,středa,1039764,796920,403858,2240542
2021-11-11,čtvrtek,1031709,775248,402392,2209349
2021-11-12,pátek,840759,719396,415351,1975506
2021-11-13,sobota,519882,398460,407546,1325888
2021-11-14,neděle,515855,389980,397425,1303260
2021-11-15,pondělí,990343,763072,213075,1966490
2021-11-16,úterý,963811,760051,156993,1880855
2021-11-17,středa,495172,381536,378798,1255506
2021-11-18,čtvrtek,902421,733177,237776,1873374
2021-11-19,pátek,823699,678292,454906,1956897
2021-11-20,sobota,495172,381536,439146,1315854
2021-11-21,neděle,481906,380026,426969,1288901
2021-11-22,pondělí,922657,745363,224539,1892559
2021-11-23,úterý,941875,757229,171357,1870461
2021-11-24,středa,958474,749565,456920,2164959
2021-11-25,čtvrtek,963217,740877,460232,2164326
2021-11-26,pátek,875609,689836,495788,2061233
2021-11-27,sobota,481609,378615,478230,1338454
2021-11-28,neděle,479237,374783,460135,1314155
2021-11-29,pondělí,921233,728742,229034,1879009
2021-11-30,úterý,918432,715222,194643,1828297
2021-12-01,středa,921628,725184,522333,2169145
2021-12-02,čtvrtek,934575,711675,520311,2166561
2021-12-03,pátek,849220,690687,532477,2072384
2021-12-04,sobota,467288,364371,617963,1449622
2021-12-05,neděle,460814,362592,596438,1419844
2021-12-06,pondělí,943856,738201,345447,2027504
2021-12-07,úterý,926907,738416,282687,1948010
2021-12-08,středa,979210,754374,645184,2378768
2021-12-09,čtvrtek,916413,747379,665597,2329389
2021-12-10,pátek,857940,721066,658158,2237164
2021-12-11,sobota,489605,377187,656429,1523221
2021-12-12,neděle,471928,373690,636848,1482466
2021-12-13,pondělí,990270,754644,352676,2097590
2021-12-14,úterý,986428,758397,286906,2031731
2021-12-15,středa,1012435,776550,659770,2448755
2021-12-16,čtvrtek,1019036,762520,666411,2447967
2021-12-17,pátek,975856,735184,686568,2397608
2021-12-18,sobota,509518,388275,683546,1581339
2021-12-19,neděle,506218,381260,602588,1490066
2021-12-20,pondělí,962223,744390,297870,2004483
2021-12-21,úterý,996519,695978,251587,1944084
2021-12-22,středa,933825,653738,538459,2126022
2021-12-23,čtvrtek,663047,456474,494372,1613893
2021-12-24,pátek,498260,372195,388865,1259320
2021-12-25,sobota,466913,326869,134551,928333
2021-12-26,neděle,481112,347989,114702,943803
2021-12-27,pondělí,531493,386352,153825,1071670
2021-12-28,úterý,549957,405628,168375,1123960
2021-12-29,středa,559932,418271,295143,1273346
2021-12-30,čtvrtek,557592,415495,300294,1273381
2021-12-31,pátek,468959,338590,306252,1113801
2022-01-01,sobota,255795,154065,219877,629737
2022-01-02,neděle,340261,251383,105696,697340
2022-01-03,pondělí,838130,670975,155315,1664420
2022-01-04,úterý,838522,672062,146247,1656831
2022-01-05,středa,867758,700671,427378,1995807
2022-01-06,čtvrtek,885326,694319,422548,2002193
2022-01-07,pátek,827352,650447,440096,1917895
2022-01-08,sobota,388986,288404,420542,1097932
2022-01-09,neděle,341307,258618,403064,1002989
2022-01-10,pondělí,871216,685351,185927,1742494
2022-01-11,úterý,856924,682469,168333,1707726
2022-01-12,středa,874267,697489,452108,2023864
2022-01-13,čtvrtek,886408,677427,443317,2007152
2022-01-14,pátek,825380,644743,460165,1930288
2022-01-15,sobota,409327,306911,446509,1162747
2022-01-16,neděle,328012,253468,420819,1002299
2022-01-17,pondělí,797371,660617,197654,1655642
2022-01-18,úterý,804501,651426,170294,1626221
2022-01-19,středa,768046,636729,456722,1861497
2022-01-20,čtvrtek,769953,630995,461177,1862125
2022-01-21,pátek,706609,581614,478338,1766561
2022-01-22,sobota,385139,293801,465152,1144092
2022-01-23,neděle,328844,252829,435674,1017347
2022-01-24,pondělí,779294,625953,190897,1596144
2022-01-25,úterý,795651,630352,181646,1607649
2022-01-26,středa,776363,632727,470102,1879192
2022-01-27,čtvrtek,777913,617229,465551,1860693
2022-01-28,pátek,677058,563643,484822,1725523
2022-01-29,sobota,371083,275640,466908,1113631
2022-01-30,neděle,322153,230602,421721,974476
2022-01-31,pondělí,777882,644538,191628,1614048
2022-02-01,úterý,810448,638840,202134,1651422
2022-02-02,středa,870378,649657,474852,1994887
2022-02-03,čtvrtek,787042,630949,472085,1890076
2022-02-04,pátek,696637,524157,482207,1703001
2022-02-05,sobota,422400,301060,478342,1201802
2022-02-06,neděle,339442,252045,443251,1034738
2022-02-07,pondělí,853345,671736,192108,1717189
2022-02-08,úterý,871663,690515,185517,1747695
2022-02-09,středa,885857,704290,514772,2104919
2022-02-10,čtvrtek,880904,709085,499800,2089789
2022-02-11,pátek,799234,654911,505693,1959838
2022-02-12,sobota,465423,340279,479974,1285676
2022-02-13,neděle,440659,316778,450833,1208270
2022-02-14,pondělí,956834,762515,197286,1916635
2022-02-15,úterý,957013,723632,184573,1865218
2022-02-16,středa,958977,753816,475785,2188578
2022-02-17,čtvrtek,917109,689899,471339,2078347
2022-02-18,pátek,900199,687193,484999,2072391
2022-02-19,sobota,493701,342428,471054,1307183
2022-02-20,neděle,406528,296488,443626,1146642
2022-02-21,pondělí,968378,748707,233128,1950213
2022-02-22,úterý,1032764,765116,185348,1983228
2022-02-23,středa,1023661,773410,451033,2248104
2022-02-24,čtvrtek,1022629,761505,453643,2237777
2022-02-25,pátek,874939,710711,464351,2050001
2022-02-26,sobota,492559,334530,441767,1268856
2022-02-27,neděle,471777,313990,416952,1202719
2022-02-28,pondělí,1012210,784602,200724,1997536
2022-03-01,úterý,1055759,804301,202645,2062705
2022-03-02,středa,1057975,808856,374491,2241322
2022-03-03,čtvrtek,1036491,788467,360525,2185483
2022-03-04,pátek,928198,726440,369317,2023955
2022-03-05,sobota,497901,354290,357484,1209675
2022-03-06,neděle,450689,325520,339167,1115376
2022-03-07,pondělí,952534,715560,181447,1849541
2022-03-08,úterý,1003491,745602,160437,1909530
2022-03-09,středa,1017163,755384,373127,2145674
2022-03-10,čtvrtek,984304,748696,368768,2101768
2022-03-11,pátek,916377,686301,379379,1982057
2022-03-12,sobota,517819,389849,364267,1271935
2022-03-13,neděle,505477,360146,356471,1222094
2022-03-14,pondělí,1014191,748489,174103,1936783
2022-03-15,úterý,997420,736329,153347,1887096
2022-03-16,středa,1029440,753457,384391,2167288
2022-03-17,čtvrtek,997420,745909,377188,2120517
2022-03-18,pátek,939843,700272,385464,2025579
2022-03-19,sobota,564660,398006,378733,1341399
2022-03-20,neděle,518775,368913,359239,1246927
2022-03-21,pondělí,1042534,840796,182317,2065647
2022-03-22,úterý,1073398,851941,149645,2074984
2022-03-23,středa,1134614,875063,394526,2404203
2022-03-24,čtvrtek,1085254,846277,387925,2319456
2022-03-25,pátek,1020174,791112,405967,2217253
2022-03-26,sobota,627760,442946,403229,1473935
2022-03-27,neděle,550109,386970,389340,1326419
2022-03-28,pondělí,1093920,838526,188532,2120978
2022-03-29,úterý,1066156,844518,177880,2088554
2022-03-30,středa,1055131,843531,411509,2310171
2022-03-31,čtvrtek,1056817,827673,430338,2314828
2022-04-01,pátek,950914,774322,444124,2169360
2022-04-02,sobota,545212,386132,426356,1357700
2022-04-03,neděle,482086,344765,174103,1000954
2022-04-04,pondělí,1004143,851628,169362,2025133
2022-04-05,úterý,1096762,828370,169252,2094384
2022-04-06,středa,1121905,877637,135507,2135049
2022-04-07,čtvrtek,1111542,848841,411203,2371586
2022-04-08,pátek,1017237,793561,421227,2232025
2022-04-09,sobota,558569,403665,417392,1379626
2022-04-10,neděle,511142,372156,406698,1289996
2022-04-11,pondělí,1160983,866403,205747,2233133
2022-04-12,úterý,1153350,890347,210144,2253841
2022-04-13,středa,1201230,883380,454412,2539022
2022-04-14,čtvrtek,1011302,739959,462281,2213542
2022-04-15,pátek,589017,435217,480414,1504648
2022-04-16,sobota,563671,375459,466562,1405692
2022-04-17,neděle,566457,365015,435245,1366717
2022-04-18,pondělí,422346,287735,211238,921319
2022-04-19,úterý,1031213,831017,201649,2063879
2022-04-20,středa,1099359,892165,469589,2461113
2022-04-21,čtvrtek,1120443,875267,489438,2485148
2022-04-22,pátek,1070446,812960,504934,2388340
2022-04-23,sobota,686317,478944,489186,1654447
2022-04-24,neděle,449493,315143,465126,1229762
2022-04-25,pondělí,1009977,842922,256952,2109851
2022-04-26,úterý,1086742,877416,220504,2184662
2022-04-27,středa,1124336,892874,500330,2517540
2022-04-28,čtvrtek,1119325,899052,509789,2528166
2022-04-29,pátek,1038875,826547,532738,2398160
2022-04-30,sobota,665527,461827,510590,1637944
2022-05-01,neděle,581654,379985,487787,1449426
2022-05-02,pondělí,1121580,868676,229670,2219926
2022-05-03,úterý,1174715,873364,176569,2224648
2022-05-04,středa,1160276,885976,533221,2579473
2022-05-05,čtvrtek,1091837,862022,542242,2496101
2022-05-06,pátek,1015532,815177,547448,2378157
2022-05-07,sobota,632058,455593,535105,1622756
2022-05-08,neděle,539075,364893,498484,1402452
2022-05-09,pondělí,1088932,862840,240790,2192562
2022-05-10,úterý,1104081,880940,272380,2257401
2022-05-11,středa,1184730,888529,608856,2682115
2022-05-12,čtvrtek,1142301,866686,615437,2624424
2022-05-13,pátek,1050606,819087,592519,2462212
2022-05-14,sobota,708339,469609,601120,1779068
2022-05-15,neděle,613741,428693,566130,1608564
2022-05-16,pondělí,1148083,881323,312652,2342058
2022-05-17,úterý,1116099,859133,268957,2244189
2022-05-18,středa,1173782,889945,606566,2670293
2022-05-19,čtvrtek,1150987,869764,620670,2641421
2022-05-20,pátek,1028666,784342,641163,2454171
2022-05-21,sobota,694837,441251,634287,1770375
2022-05-22,neděle,617834,392819,596183,1606836
2022-05-23,pondělí,1078439,847349,321481,2247269
2022-05-24,úterý,1104164,840828,272383,2217375
2022-05-25,středa,1209584,875739,667675,2752998
2022-05-26,čtvrtek,1167047,855952,675413,2698412
2022-05-27,pátek,1037288,754017,686072,2477377
2022-05-28,sobota,688083,417194,673390,1778667
2022-05-29,neděle,501382,349167,638558,1489107
2022-05-30,pondělí,1053791,849025,324878,2227694
2022-05-31,úterý,1105520,862634,285426,2253580
2022-06-01,středa,1159080,889266,679109,2727455
2022-06-02,čtvrtek,1090212,859933,712893,2663038
2022-06-03,pátek,1027479,763682,728789,2519950
2022-06-04,sobota,625731,427714,716373,1769818
2022-06-05,neděle,592216,410975,676431,1679622
2022-06-06,pondělí,1144851,869323,340947,2355121
2022-06-07,úterý,1091735,822648,302060,2216443
2022-06-08,středa,1187456,879277,719612,2786345
2022-06-09,čtvrtek,1157840,839659,739705,2737204
2022-06-10,pátek,1129656,806591,744132,2680379
2022-06-11,sobota,694344,444876,741826,1881046
2022-06-12,neděle,569425,394559,692498,1656482
2022-06-13,pondělí,1041780,816887,355458,2214125
2022-06-14,úterý,1089615,865870,311319,2266804
2022-06-15,středa,1162801,873664,735037,2771502
2022-06-16,čtvrtek,1093909,838632,767270,2699811
2022-06-17,pátek,1026375,780095,785605,2592075
2022-06-18,sobota,550162,430998,771446,1752606
2022-06-19,neděle,456100,360784,710365,1527249
2022-06-20,pondělí,1004354,812455,370948,2187757
2022-06-21,úterý,1148763,864106,334245,2347114
2022-06-22,středa,1151164,883514,757903,2792581
2022-06-23,čtvrtek,1073183,848987,762769,2684939
2022-06-24,pátek,939735,731065,794234,2465034
2022-06-25,sobota,507949,358051,787657,1653657
2022-06-26,neděle,754727,394658,712429,1861814
2022-06-27,pondělí,1022810,805487,384181,2212478
2022-06-28,úterý,1075128,837644,347589,2260361
2022-06-29,středa,1053870,818908,770791,2643569
2022-06-30,čtvrtek,1059757,842331,786416,2688504
2022-07-01,pátek,786008,600843,792332,2179183
2022-07-02,sobota,522057,369976,701251,1593284
2022-07-03,neděle,458383,323838,611450,1393671
2022-07-04,pondělí,711760,534850,342061,1588671
2022-07-05,úterý,485144,356371,303289,1144804
2022-07-06,středa,494734,350130,302496,1147360
2022-07-07,čtvrtek,769425,561934,316340,1647699
2022-07-08,pátek,715630,543557,593484,1852671
2022-07-09,sobota,469241,340616,571737,1381594
2022-07-10,neděle,460646,323698,537595,1321939
2022-07-11,pondělí,903086,666248,336510,1905844
2022-07-12,úterý,948434,661567,288201,1898202
2022-07-13,středa,924228,662307,643983,2230518
2022-07-14,čtvrtek,888867,629419,667383,2185669
2022-07-15,pátek,838640,600853,678079,2117572
2022-07-16,sobota,546925,362347,690936,1600208
2022-07-17,neděle,471281,338820,645757,1455858
2022-07-18,pondělí,895719,647925,361783,1905427
2022-07-19,úterý,884036,632535,343315,1859886
2022-07-20,středa,823660,619677,661275,2104612
2022-07-21,čtvrtek,844025,598865,677964,2120854
2022-07-22,pátek,780092,567642,693866,2041600
2022-07-23,sobota,501211,341174,670219,1512604
2022-07-24,neděle,476465,339495,617091,1433051
2022-07-25,pondělí,816907,603991,370175,1791073
2022-07-26,úterý,875476,625270,329281,1830027
2022-07-27,středa,896834,639964,651082,2187880
2022-07-28,čtvrtek,873100,624171,679242,2176513
2022-07-29,pátek,782249,568700,689964,2040913
2022-07-30,sobota,471843,321487,671338,1464668
2022-07-31,neděle,512335,342638,618981,1473954
2022-08-01,pondělí,850692,624577,382048,1857317
2022-08-02,úterý,868127,629607,308766,1806500
2022-08-03,středa,883773,633828,658848,2176449
2022-08-04,čtvrtek,850306,597447,682781,2130534
2022-08-05,pátek,746225,531140,686037,1963402
2022-08-06,sobota,550031,353473,664318,1567822
2022-08-07,neděle,531541,350365,617942,1499848
2022-08-08,pondělí,865597,630548,412925,1909070
2022-08-09,úterý,871813,638689,358385,1868887
2022-08-10,středa,905858,648997,664965,2219820
2022-08-11,čtvrtek,872938,628352,695059,2196349
2022-08-12,pátek,824501,582468,707575,2114544
2022-08-13,sobota,576094,366767,683576,1626437
2022-08-14,neděle,530184,339205,629330,1498719
2022-08-15,pondělí,865260,635467,395867,1896594
2022-08-16,úterý,902006,636796,354638,1893440
2022-08-17,středa,907303,632524,664605,2204432
2022-08-18,čtvrtek,906898,598703,696360,2201961
2022-08-19,pátek,808512,571627,710186,2090325
2022-08-20,sobota,459136,301780,688941,1449857
2022-08-21,neděle,541857,343459,635947,1521263
2022-08-22,pondělí,882552,617639,411065,1911256
2022-08-23,úterý,876494,604197,345522,1826213
2022-08-24,středa,995510,656867,676366,2328743
2022-08-25,čtvrtek,956216,651922,695186,2303324
2022-08-26,pátek,801888,568421,742619,2112928
2022-08-27,sobota,548084,355522,697917,1601523
2022-08-28,neděle,513110,340749,651202,1505061
2022-08-29,pondělí,949887,682910,400267,2033064
2022-08-30,úterý,949465,702062,361855,2013382
2022-08-31,středa,1000472,710473,734046,2444991
2022-09-01,čtvrtek,1059994,811832,738507,2610333
2022-09-02,pátek,992768,764111,821993,2578872
2022-09-03,sobota,610895,406601,810094,1827590
2022-09-04,neděle,493961,375069,765338,1634368
2022-09-05,pondělí,1063306,834821,429620,2327747
2022-09-06,úterý,1106741,826610,372756,2306107
2022-09-07,středa,1023044,827677,794560,2645281
2022-09-08,čtvrtek,1059187,808828,816627,2684642
2022-09-09,pátek,945918,759916,841368,2547202
2022-09-10,sobota,592886,416274,816844,1826004
2022-09-11,neděle,475871,365692,773385,1614948
2022-09-12,pondělí,1027699,824776,430361,2282836
2022-09-13,úterý,1067714,832971,374208,2274893
2022-09-14,středa,1003527,808780,808303,2620610
2022-09-15,čtvrtek,1079613,809706,835568,2724887
2022-09-16,pátek,976932,765492,860057,2602481
2022-09-17,sobota,590696,402138,852066,1844900
2022-09-18,neděle,514353,352435,792066,1658854
2022-09-19,pondělí,1082843,831268,438840,2352951
2022-09-20,úterý,1114014,846926,384452,2345392
2022-09-21,středa,1165810,863041,824029,2852880
2022-09-22,čtvrtek,1103657,838912,847760,2790329
2022-09-23,pátek,1060408,791063,864911,2716382
2022-09-24,sobota,633679,434701,862381,1930761
2022-09-25,neděle,514870,381358,780973,1677201
2022-09-26,pondělí,1057787,849661,448356,2355804
2022-09-27,úterý,1105657,853641,386557,2345855
2022-09-28,středa,515812,349980,657017,1522809
2022-09-29,čtvrtek,1041256,832155,394117,2267528
2022-09-30,pátek,996512,760911,882513,2639936
2022-10-01,sobota,539365,398860,884676,1822901
2022-10-02,neděle,504866,380859,824420,1710145
2022-10-03,pondělí,1129664,910917,438818,2479399
2022-10-04,úterý,1180808,894803,392325,2467936
2022-10-05,středa,1172125,916907,869865,2958897
2022-10-06,čtvrtek,1178418,890068,901127,2969613
2022-10-07,pátek,1076141,825242,913666,2815049
2022-10-08,sobota,590328,436664,897688,1924680
2022-10-09,neděle,564313,401630,854109,1820052
2022-10-10,pondělí,1175377,904126,442623,2522126
2022-10-11,úterý,1225419,903639,382799,2511857
2022-10-12,středa,1210799,923026,868624,3002449
2022-10-13,čtvrtek,1242793,915150,914174,3072117
2022-10-14,pátek,1156579,830549,917569,2904697
2022-10-15,sobota,691433,427094,909077,2027604
2022-10-16,neděle,623329,405416,874384,1903129
2022-10-17,pondělí,1193094,915553,512476,2621123
2022-10-18,úterý,1187291,890958,414518,2492767
2022-10-19,středa,1239553,927999,878388,3045940
2022-10-20,čtvrtek,1176943,915790,906628,2999361
2022-10-21,pátek,1089245,832050,928370,2849665
2022-10-22,sobota,568939,405847,911265,1886051
2022-10-23,neděle,529703,407855,846826,1784384
2022-10-24,pondělí,948262,789872,446958,2185092
2022-10-25,úterý,994376,796010,389812,2180198
2022-10-26,středa,1051410,778088,827908,2657406
2022-10-27,čtvrtek,1000184,738389,855915,2594488
2022-10-28,pátek,603370,377444,839306,1820120
2022-10-29,sobota,626577,408616,373152,1408345
2022-10-30,neděle,620623,395322,619037,1634982
2022-10-31,pondělí,1215490,936899,405372,2557761
2022-11-01,úterý,1184562,928815,371835,2485212
2022-11-02,středa,1221793,952878,868309,3042980
2022-11-03,čtvrtek,1215797,922957,877984,3016738
2022-11-04,pátek,1042132,820441,895216,2757789
2022-11-05,sobota,631463,450088,882193,1963744
2022-11-06,neděle,553330,403126,822023,1778479
2022-11-07,pondělí,1160472,922947,438345,2521764
2022-11-08,úterý,1266074,946212,356399,2568685
2022-11-09,středa,1242370,945345,835668,3023383
2022-11-10,čtvrtek,1230179,940838,858641,3029658
2022-11-11,pátek,1137433,855434,875872,2868739
2022-11-12,sobota,647764,443549,861240,1952553
2022-11-13,neděle,502343,367175,808713,1678231
2022-11-14,pondělí,1133880,924657,433839,2492376
2022-11-15,úterý,1197628,929953,361247,2488828
2022-11-16,středa,1231137,926842,825585,2983564
2022-11-17,čtvrtek,663440,474442,862729,2000611
2022-11-18,pátek,920563,718950,468445,2107958
2022-11-19,sobota,621588,456891,808047,1886526
2022-11-20,neděle,509787,411814,762516,1684117
2022-11-21,pondělí,1147434,918517,416052,2482003
2022-11-22,úterý,1139038,909934,355054,2404026
2022-11-23,středa,1229352,935939,805331,2970622
2022-11-24,čtvrtek,1170765,914976,818865,2904606
2022-11-25,pátek,1151404,878237,821223,2850864
2022-11-26,sobota,732019,454987,809627,1996633
2022-11-27,neděle,580976,405952,764039,1750967
2022-11-28,pondělí,1145662,916959,412063,2474684
2022-11-29,úterý,1160609,921510,349719,2431838
2022-11-30,středa,1175010,943507,790545,2909062
2022-12-01,čtvrtek,1118986,897556,786604,2803146
2022-12-02,pátek,1064630,845011,796243,2705884
2022-12-03,sobota,673707,441318,787629,1902654
2022-12-04,neděle,543277,377632,760540,1681449
2022-12-05,pondělí,1132931,925927,411127,2469985
2022-12-06,úterý,1167895,897192,353534,2418621
2022-12-07,středa,1212927,923660,787783,2924370
2022-12-08,čtvrtek,1231299,904060,807900,2943259
2022-12-09,pátek,1098010,822206,827478,2747694
2022-12-10,sobota,693785,433788,817057,1944630
2022-12-11,neděle,588944,368804,780439,1738187
2022-12-12,pondělí,1166368,893044,436190,2495602
2022-12-13,úterý,1177001,905633,378492,2461126
2022-12-14,středa,1187630,911457,810548,2909635
2022-12-15,čtvrtek,1168730,901241,834097,2904068
2022-12-16,pátek,1099249,813840,863133,2776222
2022-12-17,sobota,689071,435726,855434,1980231
2022-12-18,neděle,565902,367677,815151,1748730
2022-12-19,pondělí,1234921,858113,467184,2560218
2022-12-20,úterý,1140568,848526,381083,2370177
2022-12-21,středa,1111860,822647,811307,2745814
2022-12-22,čtvrtek,1022438,750573,806114,2579125
2022-12-23,pátek,772315,534162,754765,2061242
2022-12-24,sobota,347737,210587,509071,1067395
2022-12-25,neděle,380798,203567,201821,786186
2022-12-26,pondělí,395786,232244,180808,808838
2022-12-27,úterý,682679,456962,221771,1361412
2022-12-28,středa,738360,489470,458206,1686036
2022-12-29,čtvrtek,768130,512018,480631,1760779
2022-12-30,pátek,752140,497105,491632,1740877
2022-12-31,sobota,543159,352493,479131,1374783
2023-01-01,neděle,399548,225393,387629,1012570
2023-01-02,pondělí,903741,718920,192496,1815157
2023-01-03,úterý,1050805,820582,285732,2157119
2023-01-04,středa,1112361,839213,705226,2656800
2023-01-05,čtvrtek,1147624,834830,727648,2710102
2023-01-06,pátek,1043916,787625,747754,2579295
2023-01-07,sobota,645188,403904,730852,1779944
2023-01-08,neděle,492284,342830,686405,1521519
2023-01-09,pondělí,1091700,859586,333898,2285184
2023-01-10,úterý,1170333,863278,293707,2327318
2023-01-11,středa,1166652,881287,722020,2769959
2023-01-12,čtvrtek,1148930,874795,736130,2759855
2023-01-13,pátek,1075511,825620,736538,2637669
2023-01-14,sobota,611819,435965,719445,1767229
2023-01-15,neděle,462516,349134,680768,1492418
2023-01-16,pondělí,1043853,876359,347787,2267999
2023-01-17,úterý,1095685,871504,286566,2253755
2023-01-18,středa,1079820,871955,693805,2645580
2023-01-19,čtvrtek,1131711,858799,691319,2681829
2023-01-20,pátek,1013711,795814,691541,2501066
2023-01-21,sobota,582793,401367,671612,1655772
2023-01-22,neděle,460360,343181,621744,1425285
2023-01-23,pondělí,1064118,856362,320857,2241337
2023-01-24,úterý,1049786,858723,272545,2181054
2023-01-25,středa,1069600,881273,650998,2601871
2023-01-26,čtvrtek,1074218,854759,662178,2591155
2023-01-27,pátek,1021069,819148,670037,2510254
2023-01-28,sobota,559020,408292,658332,1625644
2023-01-29,neděle,472440,340058,604789,1417287
2023-01-30,pondělí,1013147,841222,314719,2169088
2023-01-31,úterý,1091871,861533,271711,2225115
2023-02-01,středa,1115542,854338,673769,2643649
2023-02-02,čtvrtek,1102084,822337,683839,2608260
2023-02-03,pátek,845686,648904,688220,2182810
2023-02-04,sobota,549674,386245,675047,1610966
2023-02-05,neděle,477137,349215,587016,1413368
2023-02-06,pondělí,929408,749516,346378,2025302
2023-02-07,úterý,965180,763402,285426,2014008
2023-02-08,středa,1031427,776564,701872,2509863
2023-02-09,čtvrtek,1001377,759670,716396,2477443
2023-02-10,pátek,883103,714376,732227,2329706
2023-02-11,sobota,547612,399898,733128,1680638
2023-02-12,neděle,477934,348971,686366,1513271
2023-02-13,pondělí,1109280,882800,394181,2386261
2023-02-14,úterý,1125515,906760,348214,2380489
2023-02-15,středa,1162261,887399,790538,2840198
2023-02-16,čtvrtek,1194680,891155,785634,2871469
2023-02-17,pátek,1000052,820699,797329,2618080
2023-02-18,sobota,668200,443808,774588,1886596
2023-02-19,neděle,514586,346794,734669,1596049
2023-02-20,pondělí,1128806,880152,408068,2417026
2023-02-21,úterý,1155331,909534,337052,2401917
2023-02-22,středa,1209246,918040,792542,2919828
2023-02-23,čtvrtek,1150947,905933,828246,2885126
2023-02-24,pátek,1064310,826135,848836,2739281
2023-02-25,sobota,645325,411388,835533,1892246
2023-02-26,neděle,491983,356549,771197,1619729
2023-02-27,pondělí,1144232,892129,410596,2446957
2023-02-28,úterý,1173420,909964,403989,2487373
2023-03-01,středa,1186263,917640,826472,2930375
2023-03-02,čtvrtek,1104634,905813,873029,2883476
2023-03-03,pátek,1040602,833335,873933,2747870
2023-03-04,sobota,668770,425217,869968,1963955
2023-03-05,neděle,513428,351327,823097,1687852
2023-03-06,pondělí,1088924,879834,433015,2401773
2023-03-07,úterý,1148343,882986,383335,2414664
2023-03-08,středa,1166905,913181,790754,2870840
2023-03-09,čtvrtek,1117299,877840,837938,2833077
2023-03-10,pátek,1031011,813050,837032,2681093
2023-03-11,sobota,590784,401069,826688,1818541
2023-03-12,neděle,494151,375645,768645,1638441
2023-03-13,pondělí,945310,791734,478928,2215972
2023-03-14,úterý,1026733,800946,419711,2247390
2023-03-15,středa,1017286,821162,831527,2669975
2023-03-16,čtvrtek,1077515,812700,848746,2738961
2023-03-17,pátek,985614,765781,859672,2611067
2023-03-18,sobota,670642,452456,841266,1964364
2023-03-19,neděle,534047,402278,794953,1731278
2023-03-20,pondělí,1121971,888521,493035,2503527
2023-03-21,úterý,1098624,905116,437983,2441723
2023-03-22,středa,1200137,937550,896776,3034463
2023-03-23,čtvrtek,1113337,911246,924690,2949273
2023-03-24,pátek,1082415,856513,941191,2880119
2023-03-25,sobota,680451,461914,922602,2064967
2023-03-26,neděle,483642,394255,865720,1743617
2023-03-27,pondělí,1061084,873943,540938,2475965
2023-03-28,úterý,1117600,883148,456566,2457314
2023-03-29,středa,1143536,927667,898415,2969618
2023-03-30,čtvrtek,1118620,886808,908100,2913528
2023-03-31,pátek,1062074,847486,921942,2831502
2023-04-01,sobota,711071,455853,915389,2082313
2023-04-02,neděle,552465,365666,861046,1779177
2023-04-03,pondělí,1171679,908269,502558,2582506
2023-04-04,úterý,1242451,918140,424265,2584856
2023-04-05,středa,1273591,948106,920213,3141910
2023-04-06,čtvrtek,1045437,744236,922754,2712427
2023-04-07,pátek,689365,471155,947975,2108495
2023-04-08,sobota,629953,400723,944911,1975587
2023-04-09,neděle,584090,376165,891252,1851507
2023-04-10,pondělí,584100,370780,512809,1467689
2023-04-11,úterý,1177623,881915,445820,2505358
2023-04-12,středa,1280378,951290,955334,3187002
2023-04-13,čtvrtek,1229948,911284,992466,3133698
2023-04-14,pátek,1115000,825507,1014022,2954529
2023-04-15,sobota,704000,442782,891488,2038270
2023-04-16,neděle,599558,398092,496764,1494414
2023-04-17,pondělí,1128126,888358,456770,2473254
2023-04-18,úterý,1143624,919046,421524,2484194
2023-04-19,středa,1191610,954432,334798,2480840
2023-04-20,čtvrtek,1127865,917974,934066,2979905
2023-04-21,pátek,1121614,862708,1011677,2995999
2023-04-22,sobota,764631,496597,973356,2234584
2023-04-23,neděle,518781,380327,941000,1840108
2023-04-24,pondělí,1128613,898175,609229,2636017
2023-04-25,úterý,1192955,914436,427666,2535057
2023-04-26,středa,1201054,935335,930371,3066760
2023-04-27,čtvrtek,1216310,913530,968832,3098672
2023-04-28,pátek,1065691,828608,990976,2885275
2023-04-29,sobota,626816,452751,991936,2071503
2023-04-30,neděle,670454,451063,925202,2046719
2023-05-01,pondělí,696353,435693,536100,1668146
2023-05-02,úterý,1225598,898353,469806,2593757
2023-05-03,středa,1300020,949958,962442,3212420
2023-05-04,čtvrtek,1155607,905399,985094,3046100
2023-05-05,pátek,1124872,826222,1005760,2956854
2023-05-06,sobota,619496,416354,964889,2000739
2023-05-07,neděle,549461,410597,924885,1884943
2023-05-08,pondělí,557085,375260,573377,1505722
2023-05-09,úterý,1209066,902240,500788,2612094
2023-05-10,středa,1210491,929423,950164,3090078
2023-05-11,čtvrtek,1204521,920419,1009175,3134115
2023-05-12,pátek,1152907,861645,1017879,3032431
2023-05-13,sobota,676422,457510,988534,2122466
2023-05-14,neděle,586312,403451,947878,1937641
2023-05-15,pondělí,1152766,864303,610507,2627576
2023-05-16,úterý,1299183,892609,598036,2789828
2023-05-17,středa,1251488,909689,1063649,3224826
2023-05-18,čtvrtek,1224164,898636,982516,3105316
2023-05-19,pátek,1175235,826091,1030825,3032151
2023-05-20,sobota,823732,479492,992518,2295742
2023-05-21,neděle,688247,440000,925860,2054107
2023-05-22,pondělí,1155664,880928,527787,2564379
2023-05-23,úterý,1238737,876801,448389,2563927
2023-05-24,středa,1240961,925110,933619,3099690
2023-05-25,čtvrtek,1267338,911810,956361,3135509
2023-05-26,pátek,1096334,825095,982530,2903959
2023-05-27,sobota,818296,474758,988245,2281299
2023-05-28,neděle,615714,401913,915861,1933488
2023-05-29,pondělí,1178736,872393,560598,2611727
2023-05-30,úterý,1292173,880968,441842,2614983
2023-05-31,středa,1316891,913923,916286,3147100
2023-06-01,čtvrtek,1276625,898841,972388,3147854
2023-06-02,pátek,1125544,829593,1016365,2971502
2023-06-03,sobota,741520,458403,982908,2182831
2023-06-04,neděle,595340,400359,902879,1898578
2023-06-05,pondělí,1117970,843998,567675,2529643
2023-06-06,úterý,1239147,867473,595333,2701953
2023-06-07,středa,1365032,892463,1050952,3308447
2023-06-08,čtvrtek,1237381,879185,993792,3110358
2023-06-09,pátek,1125685,807596,1023399,2956680
2023-06-10,sobota,747086,437932,958800,2143818
2023-06-11,neděle,616173,397287,937359,1950819
2023-06-12,pondělí,1221593,859020,534762,2615375
2023-06-13,úterý,1191897,872954,448752,2513603
2023-06-14,středa,1254619,897931,947337,3099887
2023-06-15,čtvrtek,1327995,875124,985105,3188224
2023-06-16,pátek,1130058,813191,1018530,2961779
2023-06-17,sobota,644606,434166,988211,2066983
2023-06-18,neděle,620923,402143,915162,1938228
2023-06-19,pondělí,1133443,857503,575677,2566623
2023-06-20,úterý,1160119,867931,481746,2509796
2023-06-21,středa,1230311,853159,934549,3018019
2023-06-22,čtvrtek,1174821,833046,997319,3005186
2023-06-23,pátek,1049250,756663,1089016,2894929
2023-06-24,sobota,711158,426047,1011891,2149096
2023-06-25,neděle,571519,382470,876183,1830172
2023-06-26,pondělí,1167863,830515,478205,2476583
2023-06-27,úterý,1212216,854438,484652,2551306
2023-06-28,středa,1258405,878197,951476,3088078
2023-06-29,čtvrtek,1224105,868919,987108,3080132
2023-06-30,pátek,1064308,795558,983443,2843309
2023-07-01,sobota,599167,404796,999404,2003367
2023-07-02,neděle,540235,375207,763778,1679220
2023-07-03,pondělí,882623,668554,473169,2024346
2023-07-04,úterý,877091,643476,414351,1934918
2023-07-05,středa,558995,400021,640789,1599805
2023-07-06,čtvrtek,562450,420525,433563,1416538
2023-07-07,pátek,727013,523077,435445,1685535
2023-07-08,sobota,545347,375318,696009,1616674
2023-07-09,neděle,479840,345889,663615,1489344
2023-07-10,pondělí,855108,625492,433565,1914165
2023-07-11,úterý,988440,635315,408048,2031803
2023-07-12,středa,976092,650059,812942,2439093
2023-07-13,čtvrtek,916277,645252,841895,2403424
2023-07-14,pátek,840728,598449,861754,2300931
2023-07-15,sobota,506870,358435,822774,1688079
2023-07-16,neděle,491547,337883,777468,1606898
2023-07-17,pondělí,875356,648011,485198,2008565
2023-07-18,úterý,936946,667482,445959,2050387
2023-07-19,středa,969441,664274,811908,2445623
2023-07-20,čtvrtek,833346,641648,831835,2306829
2023-07-21,pátek,863845,590945,826290,2281080
2023-07-22,sobota,580452,366551,799622,1746625
2023-07-23,neděle,510247,335972,744916,1591135
2023-07-24,pondělí,882698,628003,456965,1967666
2023-07-25,úterý,899645,623047,445250,1967942
2023-07-26,středa,931734,656318,798994,2387046
2023-07-27,čtvrtek,912963,639964,819307,2372234
2023-07-28,pátek,812958,577519,835011,2225488
2023-07-29,sobota,600822,358726,821923,1781471
2023-07-30,neděle,527530,332203,727294,1587027
2023-07-31,pondělí,874952,641577,442843,1959372
2023-08-01,úterý,904250,622276,459625,1986151
2023-08-02,středa,908124,652971,796345,2357440
2023-08-03,čtvrtek,936145,648842,828393,2413380
2023-08-04,pátek,832539,602049,828740,2263328
2023-08-05,sobota,542194,344841,790525,1677560
2023-08-06,neděle,491862,340261,722763,1554886
2023-08-07,pondělí,963104,633663,454281,2051048
2023-08-08,úterý,959273,666625,413910,2039808
2023-08-09,středa,903509,633779,806306,2343594
2023-08-10,čtvrtek,1000760,671877,838558,2511195
2023-08-11,pátek,807815,589547,847801,2245163
2023-08-12,sobota,626758,379718,812845,1819321
2023-08-13,neděle,539142,346646,757030,1642818
2023-08-14,pondělí,915660,638535,515835,2070030
2023-08-15,úterý,898859,645873,465275,2010007
2023-08-16,středa,868995,647633,825054,2341682
2023-08-17,čtvrtek,869428,624386,850087,2343901
2023-08-18,pátek,805123,579787,843587,2228497
2023-08-19,sobota,554566,363933,804856,1723355
2023-08-20,neděle,506367,346474,758031,1610872
2023-08-21,pondělí,930516,620585,431472,1982573
2023-08-22,úterý,921888,623313,414998,1960199
2023-08-23,středa,938438,652723,812258,2403419
2023-08-24,čtvrtek,936593,635143,817655,2389391
2023-08-25,pátek,828126,569329,859959,2257414
2023-08-26,sobota,574195,356564,849957,1780716
2023-08-27,neděle,478211,313540,756565,1548316
2023-08-28,pondělí,862377,648737,472471,1983585
2023-08-29,úterý,1011704,672319,443424,2127447
2023-08-30,středa,1041694,702618,858597,2602909
2023-08-31,čtvrtek,1094128,695332,892545,2682005
2023-09-01,pátek,953525,647163,887930,2488618
2023-09-02,sobota,663636,400470,932565,1996671
2023-09-03,neděle,562678,383218,886535,1832431
2023-09-04,pondělí,1153039,875419,582738,2611196
2023-09-05,úterý,1157515,871840,456623,2485978
2023-09-06,středa,1166602,872520,926777,2965899
2023-09-07,čtvrtek,1153742,842956,941730,2938428
2023-09-08,pátek,1047470,793150,953646,2794266
2023-09-09,sobota,662758,437719,928768,2029245
2023-09-10,neděle,599328,372547,880082,1851957
2023-09-11,pondělí,1112715,850984,510721,2474420
2023-09-12,úterý,1130467,856886,445804,2433157
2023-09-13,středa,1179736,857129,920648,2957513
2023-09-14,čtvrtek,1153163,854006,940459,2947628
2023-09-15,pátek,1108098,805592,958786,2872476
2023-09-16,sobota,728736,470084,958235,2157055
2023-09-17,neděle,617800,400575,903935,1922310
2023-09-18,pondělí,1167306,864736,526348,2558390
2023-09-19,úterý,1201340,877128,461700,2540168
2023-09-20,středa,1230823,905642,942444,3078909
2023-09-21,čtvrtek,1252521,880906,967001,3100428
2023-09-22,pátek,1095813,790201,988188,2874202
2023-09-23,sobota,731445,457211,962962,2151618
2023-09-24,neděle,618204,398048,901580,1917832
2023-09-25,pondělí,1196801,882525,541875,2621201
2023-09-26,úterý,1264610,899279,457014,2620903
2023-09-27,středa,1246885,923211,928405,3098501
2023-09-28,čtvrtek,672883,391822,977418,2042123
2023-09-29,pátek,856409,649930,481163,1987502
2023-09-30,sobota,682681,396602,926251,2005534
2023-10-01,neděle,611407,365076,883185,1859668
2023-10-02,pondělí,1213670,936347,534096,2684113
2023-10-03,úterý,1339493,936573,467104,2743170
2023-10-04,středa,1292408,950170,992456,3235034
2023-10-05,čtvrtek,1267094,949102,1013712,3229908
2023-10-06,pátek,1224270,869546,1030130,3123946
2023-10-07,sobota,739420,456275,1004882,2200577
2023-10-08,neděle,547417,381530,952200,1881147
2023-10-09,pondělí,1229669,909765,554401,2693835
2023-10-10,úterý,1314508,934020,485629,2734157
2023-10-11,středa,1319509,962941,1006890,3289340
2023-10-12,čtvrtek,1288481,925318,1029905,3243704
2023-10-13,pátek,1177745,868232,1053329,3099306
2023-10-14,sobota,776342,440242,1042484,2259068
2023-10-15,neděle,643977,403977,993752,2041706
2023-10-16,pondělí,1255104,932945,607763,2795812
2023-10-17,úterý,1264598,944153,517675,2726426
2023-10-18,středa,1350884,962873,1016692,3330449
2023-10-19,čtvrtek,1206995,939628,1058107,3204730
2023-10-20,pátek,1151912,844342,1063783,3060037
2023-10-21,sobota,741978,493179,1047664,2282821
2023-10-22,neděle,619139,399275,969449,1987863
2023-10-23,pondělí,1161001,893562,534696,2589259
2023-10-24,úterý,1205837,891706,503202,2600745
2023-10-25,středa,1300223,917021,1019018,3236262
2023-10-26,čtvrtek,1140815,749318,1054000,2944133
2023-10-27,pátek,939393,659921,1011178,2610492
2023-10-28,sobota,658026,357365,953045,1968436
2023-10-29,neděle,603737,397807,559822,1561366
2023-10-30,pondělí,1215306,932383,561733,2709422
2023-10-31,úterý,1298054,925212,529437,2752703
2023-11-01,středa,1221625,978831,1057599,3258055
2023-11-02,čtvrtek,1315479,946462,1070473,3332414
2023-11-03,pátek,1033726,846341,1094032,2974099
2023-11-04,sobota,721908,474440,1065896,2262244
2023-11-05,neděle,499423,383171,1027863,1910457
2023-11-06,pondělí,1116091,894692,562007,2572790
2023-11-07,úterý,1164209,914002,487846,2566057
2023-11-08,středa,1169934,937140,1015334,3122408
2023-11-09,čtvrtek,1220107,905142,1065801,3191050
2023-11-10,pátek,1129460,853346,1070610,3053416
2023-11-11,sobota,631322,436073,1057439,2124834
2023-11-12,neděle,572356,397480,994356,1964192
2023-11-13,pondělí,1175846,905696,592428,2673970
2023-11-14,úterý,1218687,924489,471805,2614981
2023-11-15,středa,1234197,936569,1023211,3193977
2023-11-16,čtvrtek,1208304,897686,1050042,3156032
2023-11-17,pátek,733599,472055,1082404,2288058
2023-11-18,sobota,616312,454692,542868,1613872
2023-11-19,neděle,525012,401655,736255,1662922
2023-11-20,pondělí,1193246,906032,488959,2588237
2023-11-21,úterý,1227797,930347,406492,2564636
2023-11-22,středa,1169278,932730,1002959,3104967
2023-11-23,čtvrtek,1182068,909582,1041843,3133493
2023-11-24,pátek,1126806,839329,1059532,3025667
2023-11-25,sobota,691389,449064,1058248,2198701
2023-11-26,neděle,596482,385011,1029207,2010700
2023-11-27,pondělí,1109113,849957,606678,2565748
2023-11-28,úterý,1235076,908349,493101,2636526
2023-11-29,středa,1217485,947156,1019038,3183679
2023-11-30,čtvrtek,1281935,926811,1055969,3264715
2023-12-01,pátek,1133492,843955,1087452,3064899
2023-12-02,sobota,765209,464742,1064881,2294832
2023-12-03,neděle,598795,408846,1024022,2031663
2023-12-04,pondělí,1210444,913362,647342,2771148
2023-12-05,úterý,1258919,915405,500138,2674462
2023-12-06,středa,1260459,940598,1019802,3220859
2023-12-07,čtvrtek,1242112,939617,1056989,3238718
2023-12-08,pátek,1201895,854295,1078957,3135147
2023-12-09,sobota,811466,454444,1061160,2327070
2023-12-10,neděle,578777,396459,1000670,1975906
2023-12-11,pondělí,1251694,903356,653564,2808614
2023-12-12,úterý,1284107,915198,519643,2718948
2023-12-13,středa,1280649,916255,1052553,3249457
2023-12-14,čtvrtek,1283086,907541,1072319,3262946
2023-12-15,pátek,1214639,845032,1084043,3143714
2023-12-16,sobota,774787,454253,1079213,2308253
2023-12-17,neděle,704726,417259,1008507,2130492
2023-12-18,pondělí,1214104,897669,640429,2752202
2023-12-19,úterý,1306329,896609,507481,2710419
2023-12-20,středa,1320859,885656,1018712,3225227
2023-12-21,čtvrtek,1175468,810975,1035745,3022188
2023-12-22,pátek,947469,694788,1013762,2656019
2023-12-23,sobota,521109,365328,908903,1795340
2023-12-24,neděle,374024,223795,625057,1222876
2023-12-25,pondělí,370211,195534,285242,850987
2023-12-26,úterý,448870,261161,282910,992941
2023-12-27,středa,738362,488641,324552,1551555
2023-12-28,čtvrtek,799806,485393,621118,1906317
2023-12-29,pátek,782929,512496,655467,1950892
2023-12-30,sobota,628916,388330,657107,1674353
2023-12-31,neděle,573840,357510,632392,1563742
2024-01-01,pondělí,408183,225552,469906,1103641
2024-01-02,úterý,899515,660724,297722,1857961
2024-01-03,středa,1154854,826829,759226,2740909
2024-01-04,čtvrtek,1126471,822134,907748,2856353
2024-01-05,pátek,1049510,796963,930203,2776676
2024-01-06,sobota,584125,386967,926004,1897096
2024-01-07,neděle,464611,329913,873152,1667676
2024-01-08,pondělí,1069137,819284,486935,2375356
2024-01-09,úterý,1143377,824581,402307,2370265
2024-01-10,středa,1098578,853723,921237,2873538
2024-01-11,čtvrtek,1093597,837497,959209,2890303
2024-01-12,pátek,957996,782339,969713,2710048
2024-01-13,sobota,564439,392778,948656,1905873
2024-01-14,neděle,465085,327903,895817,1688805
2024-01-15,pondělí,1060679,847782,472704,2381165
2024-01-16,úterý,1104731,831744,367555,2304030
2024-01-17,středa,1099507,863687,931963,2895157
2024-01-18,čtvrtek,1026187,830930,972057,2829174
2024-01-19,pátek,1002147,786574,970351,2759072
2024-01-20,sobota,591645,412191,965441,1969277
2024-01-21,neděle,473900,346300,891924,1712124
2024-01-22,pondělí,1012812,831990,500011,2344813
2024-01-23,úterý,1037847,820817,408357,2267021
2024-01-24,středa,1078364,849303,914155,2841822
2024-01-25,čtvrtek,1066954,832783,961904,2861641
2024-01-26,pátek,973538,770230,989058,2732826
2024-01-27,sobota,639641,431754,952753,2024148
2024-01-28,neděle,520611,380175,887972,1788758
2024-01-29,pondělí,1079836,861549,503617,2445002
2024-01-30,úterý,1129223,805386,410932,2345541
2024-01-31,středa,1077821,834103,917158,2829082
2024-02-01,čtvrtek,1043528,799963,960949,2804440
2024-02-02,pátek,930791,642718,959681,2533190
2024-02-03,sobota,608314,375188,942941,1926443
2024-02-04,neděle,457797,320637,790213,1568647
2024-02-05,pondělí,1006330,698984,464817,2170131
2024-02-06,úterý,1019389,709705,409305,2138399
2024-02-07,středa,973794,713298,865463,2552555
2024-02-08,čtvrtek,984892,684368,897333,2566593
2024-02-09,pátek,962486,651466,909480,2523432
2024-02-10,sobota,637389,395228,890494,1923111
2024-02-11,neděle,462684,309081,832124,1603889
2024-02-12,pondělí,1074378,737542,474858,2286778
2024-02-13,úterý,1099756,739089,409462,2248307
2024-02-14,středa,1135934,767437,947384,2850755
2024-02-15,čtvrtek,1100919,746153,1002552,2849624
2024-02-16,pátek,1045400,694008,1003585,2742993
2024-02-17,sobota,653008,392434,975427,2020869
2024-02-18,neděle,649909,369750,907716,1927375
2024-02-19,pondělí,1125961,831891,492187,2450039
2024-02-20,úterý,1134168,835266,396851,2366285
2024-02-21,středa,1244988,879588,976677,3101253
2024-02-22,čtvrtek,1192017,824603,1013163,3029783
2024-02-23,pátek,1134284,774302,1032539,2941125
2024-02-24,sobota,768482,485070,1003607,2257159
2024-02-25,neděle,642757,401047,920578,1964382
2024-02-26,pondělí,1145689,825836,518604,2490129
2024-02-27,úterý,1150502,849674,431003,2431179
2024-02-28,středa,1254558,868686,968083,3091327
2024-02-29,čtvrtek,1181812,851590,1014120,3047522
2024-03-01,pátek,1095089,772167,1018737,2885993
2024-03-02,sobota,705219,414769,995486,2115474
2024-03-03,neděle,609974,368789,938236,1916999
2024-03-04,pondělí,1165588,862447,486892,2514927
2024-03-05,úterý,1210192,840680,385391,2436263
2024-03-06,středa,1205875,876941,978161,3060977
2024-03-07,čtvrtek,1248647,852095,1001646,3102388
2024-03-08,pátek,1169236,803139,1030496,3002871
2024-03-09,sobota,774434,470238,986164,2230836
2024-03-10,neděle,682095,405641,922852,2010588
2024-03-11,pondělí,1139144,836577,549200,2524921
2024-03-12,úterý,1182236,837026,429918,2449180
2024-03-13,středa,1285536,865342,879396,3030274
2024-03-14,čtvrtek,1218295,844445,926500,2989240
2024-03-15,pátek,1192916,803116,941128,2937160
2024-03-16,sobota,758877,423803,922188,2104868
2024-03-17,neděle,687903,386563,859806,1934272
2024-03-18,pondělí,1192633,839439,556802,2588874
2024-03-19,úterý,1249213,864491,460651,2574355
2024-03-20,středa,1310615,887172,984350,3182137
2024-03-21,čtvrtek,1232263,841436,1020487,3094186
2024-03-22,pátek,1163459,803213,1046719,3013391
2024-03-23,sobota,724825,417134,1006243,2148202
2024-03-24,neděle,561771,353255,948466,1863492
2024-03-25,pondělí,1276723,844888,573059,2694670
2024-03-26,úterý,1340665,872703,462212,2675580
2024-03-27,středa,1339591,882273,987149,3209013
2024-03-28,čtvrtek,1137580,704818,1013235,2855633
2024-03-29,pátek,735230,473787,1029953,2238970
2024-03-30,sobota,692826,419182,1017297,2129305
2024-03-31,neděle,600344,357919,942131,1900394
2024-04-01,pondělí,557229,301467,571492,1430188
2024-04-02,úterý,1226586,846441,449088,2522115
2024-04-03,středa,1284438,894972,1005428,3184838
2024-04-04,čtvrtek,1333822,864614,1037449,3235885
2024-04-05,pátek,1216853,820096,1059763,3096712
2024-04-06,sobota,724291,457499,914636,2096426
2024-04-07,neděle,660839,385788,451348,1497975
2024-04-08,pondělí,1156213,860938,400672,2417823
2024-04-09,úterý,1250009,883913,364806,2498728
2024-04-10,středa,1263076,884160,335794,2483030
2024-04-11,čtvrtek,1247077,896462,979003,3122542
2024-04-12,pátek,1211958,807234,1045526,3064718
2024-04-13,sobota,795211,443756,1034170,2273137
2024-04-14,neděle,638308,371071,997588,2006967
2024-04-15,pondělí,1152137,861852,572709,2586698
2024-04-16,úterý,1206374,854019,522584,2582977
2024-04-17,středa,1255832,907700,1014493,3178025
2024-04-18,čtvrtek,1238120,873241,1046930,3158291
2024-04-19,pátek,1109542,783285,1076199,2969026
2024-04-20,sobota,631123,386685,1041067,2058875
2024-04-21,neděle,595519,362581,975197,1933297
2024-04-22,pondělí,1137221,853891,587247,2578359
2024-04-23,úterý,1174662,865100,454257,2494019
2024-04-24,středa,1239789,875282,1004700,3119771
2024-04-25,čtvrtek,1184368,869256,1032299,3085923
2024-04-26,pátek,1119508,799294,1070328,2989130
2024-04-27,sobota,737210,453469,1027817,2218496
2024-04-28,neděle,612314,381294,942098,1935706
2024-04-29,pondělí,1141816,846154,586249,2574219
2024-04-30,úterý,1246631,915382,474816,2636829
2024-05-01,středa,712093,457718,451996,1621807
2024-05-02,čtvrtek,1185958,832793,1012353,3031104
2024-05-03,pátek,1058811,755338,1062906,2877055
2024-05-04,sobota,665667,429197,1011585,2106449
2024-05-05,neděle,544456,349655,938811,1832922
2024-05-06,pondělí,1207035,829771,531766,2568572
2024-05-07,úterý,1156601,831864,515476,2503941
2024-05-08,středa,622794,378654,423628,1425076
2024-05-09,čtvrtek,1138066,819952,1006788,2964806
2024-05-10,pátek,1069955,751484,1026157,2847596
2024-05-11,sobota,692083,440223,1012541,2144847
2024-05-12,neděle,610098,371316,950511,1931925
2024-05-13,pondělí,1151668,870476,562181,2584325
2024-05-14,úterý,1231919,872663,480637,2585219
2024-05-15,středa,1300109,904257,992982,3197348
2024-05-16,čtvrtek,1214277,858183,1021401,3093861
2024-05-17,pátek,1034422,760192,1029326,2823940
2024-05-18,sobota,706298,431624,1039768,2177690
2024-05-19,neděle,593657,382625,952359,1928641
2024-05-20,pondělí,1189248,851499,567323,2608070
2024-05-21,úterý,1168697,842350,458601,2469648
2024-05-22,středa,1138813,869663,975729,2984205
2024-05-23,čtvrtek,1210704,859268,997446,3067418
2024-05-24,pátek,1047517,763815,1034486,2845818
2024-05-25,sobota,654516,409977,1020838,2085331
2024-05-26,neděle,631440,382959,926099,1940498
2024-05-27,pondělí,1097170,831080,580734,2508984
2024-05-28,úterý,1097384,836548,484456,2418388
2024-05-29,středa,1276860,873051,976513,3126424
2024-05-30,čtvrtek,1161884,841932,1029414,3033230
2024-05-31,pátek,1053824,769234,1056175,2879233
2024-06-01,sobota,595240,373835,1026437,1995512
2024-06-02,neděle,491044,334494,963414,1788952
2024-06-03,pondělí,1059414,837795,548134,2445343
2024-06-04,úterý,1182152,847293,469249,2498694
2024-06-05,středa,1157431,862558,978433,2998422
2024-06-06,čtvrtek,1164475,832032,996061,2992568
2024-06-07,pátek,1083677,782174,1061761,2927612
2024-06-08,sobota,663716,436241,1020396,2120353
2024-06-09,neděle,553228,358627,938614,1850469
2024-06-10,pondělí,1102265,829862,573123,2505250
2024-06-11,úterý,1187677,844131,472124,2503932
2024-06-12,středa,1187101,860434,975436,3022971
2024-06-13,čtvrtek,1178345,832430,1013510,3024285
2024-06-14,pátek,1049260,749739,1018431,2817430
2024-06-15,sobota,626959,410477,1000121,2037557
2024-06-16,neděle,549105,353313,931242,1833660
2024-06-17,pondělí,1066620,807969,550142,2424731
2024-06-18,úterý,1125299,832017,496477,2453793
2024-06-19,středa,1225192,839168,971531,3035891
2024-06-20,čtvrtek,1148993,821795,1024433,2995221
2024-06-21,pátek,1039365,712922,1051294,2803581
2024-06-22,sobota,578789,405446,1013066,1997301
2024-06-23,neděle,540892,374739,886037,1801668
2024-06-24,pondělí,1148793,810774,517721,2477288
2024-06-25,úterý,1137209,824776,463743,2425728
2024-06-26,středa,1233874,846169,987037,3067080
2024-06-27,čtvrtek,1101966,799972,1022321,2924259
2024-06-28,pátek,1013064,761327,1039813,2814204
2024-06-29,sobota,532730,434562,1012396,1979688
2024-06-30,neděle,451362,379849,908106,1739317
2024-07-01,pondělí,895461,683666,452799,2031926
2024-07-02,úterý,951479,678219,388519,2018217
2024-07-03,středa,943584,673280,734032,2350896
2024-07-04,čtvrtek,847247,596145,711388,2154780
2024-07-05,pátek,544143,359723,430358,1334224
2024-07-06,sobota,433926,294254,422896,1151076
2024-07-07,neděle,447138,281946,572410,1301494
2024-07-08,pondělí,902800,608417,388103,1899320
2024-07-09,úterý,856006,620684,366720,1843410
2024-07-10,středa,845301,598866,797010,2241177
2024-07-11,čtvrtek,901767,595716,850069,2347552
2024-07-12,pátek,804511,533638,861416,2199565
2024-07-13,sobota,524496,342718,841815,1709029
2024-07-14,neděle,497961,321766,771718,1591445
2024-07-15,pondělí,916026,598781,426822,1941629
2024-07-16,úterý,932870,620734,390579,1944183
2024-07-17,středa,926771,621389,839732,2387892
2024-07-18,čtvrtek,896978,603131,866248,2366357
2024-07-19,pátek,774070,541762,870904,2186736
2024-07-20,sobota,507917,342678,843017,1693612
2024-07-21,neděle,444524,304713,755511,1504748
2024-07-22,pondělí,896223,584895,481905,1963023
2024-07-23,úterý,896577,611161,443950,1951688
2024-07-24,středa,900001,614574,816607,2331182
2024-07-25,čtvrtek,888545,612857,853884,2355286
2024-07-26,pátek,760388,542151,859862,2162401
2024-07-27,sobota,483406,335889,835539,1654834
2024-07-28,neděle,433896,311670,749100,1494666
2024-07-29,pondělí,824335,604896,456692,1885923
2024-07-30,úterý,886129,616522,493793,1996444
2024-07-31,středa,850444,601946,829231,2281621
2024-08-01,čtvrtek,813361,581839,838865,2234065
2024-08-02,pátek,739006,505837,873045,2117888
2024-08-03,sobota,558920,344402,845796,1749118
2024-08-04,neděle,455838,286234,758260,1500332
2024-08-05,pondělí,851323,607220,495542,1954085
2024-08-06,úterý,913312,609740,512446,2035498
2024-08-07,středa,882372,610719,836679,2329770
2024-08-08,čtvrtek,857602,576618,871402,2305622
2024-08-09,pátek,787117,553438,862145,2202700
2024-08-10,sobota,538000,362164,851707,1751871
2024-08-11,neděle,460376,317108,779084,1556568
2024-08-12,pondělí,825130,602789,530448,1958367
2024-08-13,úterý,807772,592446,458656,1858874
2024-08-14,středa,796814,601996,850382,2249192
2024-08-15,čtvrtek,813402,574415,892092,2279909
2024-08-16,pátek,727890,537054,894894,2159838
2024-08-17,sobota,540980,362360,850302,1753642
2024-08-18,neděle,396178,291590,771959,1459727
2024-08-19,pondělí,827349,623128,493507,1943984
2024-08-20,úterý,880792,637036,445780,1963608
2024-08-21,středa,883496,649202,832457,2365155
2024-08-22,čtvrtek,821682,622845,855152,2299679
2024-08-23,pátek,763367,566983,856986,2187336
2024-08-24,sobota,524120,348162,832725,1705007
2024-08-25,neděle,417988,316167,740472,1474627
2024-08-26,pondělí,830234,673778,476349,1980361
2024-08-27,úterý,949824,699672,426497,2075993
2024-08-28,středa,883990,695250,880472,2459712
2024-08-29,čtvrtek,866750,657559,875591,2399900
2024-08-30,pátek,765181,614626,906663,2286470
2024-08-31,sobota,538056,383960,900684,1822700
2024-09-01,neděle,500330,357626,805689,1663645
2024-09-02,pondělí,1049019,820376,519016,2388411
2024-09-03,úterý,1077491,822259,452541,2352291
2024-09-04,středa,1062672,829456,975592,2867720
2024-09-05,čtvrtek,1023639,794052,984430,2802121
2024-09-06,pátek,952653,755825,993637,2702115
2024-09-07,sobota,556574,422333,967898,1946805
2024-09-08,neděle,472931,349487,900499,1722917
2024-09-09,pondělí,996282,806791,527154,2330227
2024-09-10,úterý,1128175,862967,461490,2452632
2024-09-11,středa,1061328,829854,954833,2846015
2024-09-12,čtvrtek,1062840,820718,983150,2866708
2024-09-13,pátek,862729,695166,993376,2551271
2024-09-14,sobota,447778,321203,973356,1742337
2024-09-15,neděle,387191,280640,929991,1597822
2024-09-16,pondělí,1002531,805729,610166,2418426
2024-09-17,úterý,1137788,855918,498300,2492006
2024-09-18,středa,1166883,871528,978948,3017359
2024-09-19,čtvrtek,1086813,847942,1021720,2956475
2024-09-20,pátek,1006685,778825,1052580,2838090
2024-09-21,sobota,575802,475062,1011664,2062528
2024-09-22,neděle,511105,389805,923709,1824619
2024-09-23,pondělí,1077515,838688,522263,2438466
2024-09-24,úterý,1076646,838182,437611,2352439
2024-09-25,středa,1147001,878664,982623,3008288
2024-09-26,čtvrtek,1065780,821363,1019357,2906500
2024-09-27,pátek,1030251,778566,1041332,2850149
2024-09-28,sobota,557706,362001,496812,1416519
2024-09-29,neděle,534306,387523,716556,1638385
2024-09-30,pondělí,1113565,877716,460451,2451732
2024-10-01,úterý,1185879,895160,429982,2511021
2024-10-02,středa,1181960,876776,1044124,3102860
2024-10-03,čtvrtek,1199648,881135,1086125,3166908
2024-10-04,pátek,1075111,805156,1090862,2971129
2024-10-05,sobota,630573,393681,1066660,2090914
2024-10-06,neděle,576116,373490,986116,1935722
2024-10-07,pondělí,1225211,893613,512634,2631458
2024-10-08,úterý,1243322,890546,459064,2592932
2024-10-09,středa,1260037,909610,1038263,3207910
2024-10-10,čtvrtek,1214044,870510,1089031,3173585
2024-10-11,pátek,1157772,781994,1103435,3043201
2024-10-12,sobota,727761,428773,1105095,2261629
2024-10-13,neděle,590561,360994,1030156,1981711
2024-10-14,pondělí,1178568,886213,618136,2682917
2024-10-15,úterý,1237582,906701,522676,2666959
2024-10-16,středa,1318331,912704,1048035,3279070
2024-10-17,čtvrtek,1243308,896716,1076000,3216024
2024-10-18,pátek,1131306,818216,1103059,3052581
2024-10-19,sobota,685757,427646,1073241,2186644
2024-10-20,neděle,578240,381020,974567,1933827
2024-10-21,pondělí,1226730,874894,602585,2704209
2024-10-22,úterý,1239380,907717,490203,2637300
2024-10-23,středa,1241714,919633,1009736,3171083
2024-10-24,čtvrtek,1263256,899112,1050299,3212667
2024-10-25,pátek,1102876,802506,1064206,2969588
2024-10-26,sobota,656221,456388,968917,2081526
2024-10-27,neděle,620871,440218,864796,1925885
2024-10-28,pondělí,616573,411428,520448,1548449
2024-10-29,úterý,1125892,720473,510721,2357086
2024-10-30,středa,1164947,739656,1083017,2987620
2024-10-31,čtvrtek,1223227,808825,1137014,3169066
2024-11-01,pátek,1147927,771882,1146227,3066036
2024-11-02,sobota,717799,442628,1123800,2284227
2024-11-03,neděle,572104,370012,1060628,2002744
2024-11-04,pondělí,1181891,891492,644070,2717453
2024-11-05,úterý,1195529,916690,499068,2611287
2024-11-06,středa,1214175,910554,1061878,3186607
2024-11-07,čtvrtek,1248849,894153,1105053,3248055
2024-11-08,pátek,1139919,841375,1121812,3103106
2024-11-09,sobota,748479,444678,1073313,2266470
2024-11-10,neděle,614592,368317,1008929,1991838
2024-11-11,pondělí,1156572,901253,581628,2639453
2024-11-12,úterý,1269055,925548,487515,2682118
2024-11-13,středa,1247568,931390,1034906,3213864
2024-11-14,čtvrtek,1226111,927282,1062169,3215562
2024-11-15,pátek,1115768,853271,1088424,3057463
2024-11-16,sobota,652977,455450,1056086,2164513
2024-11-17,neděle,594177,360361,604150,1558688
2024-11-18,pondělí,1141556,906803,503248,2551607
2024-11-19,úterý,1175796,916353,413687,2505836
2024-11-20,středa,1229747,928187,1018230,3176164
2024-11-21,čtvrtek,1203975,908748,1070645,3183368
2024-11-22,pátek,1091830,837036,1093786,3022652
2024-11-23,sobota,748617,454416,1088684,2291717
2024-11-24,neděle,587695,385356,1050279,2023330
2024-11-25,pondělí,1206632,897495,621023,2725150
2024-11-26,úterý,1278612,899099,504331,2682042
2024-11-27,středa,1302667,920655,1022312,3245634
2024-11-28,čtvrtek,1341376,911930,1106004,3359310
2024-11-29,pátek,1158622,845378,1107103,3111103
2024-11-30,sobota,793175,446609,1103328,2343112
2024-12-01,neděle,632315,368170,1032338,2032823
2024-12-02,pondělí,1262273,892834,692776,2847883
2024-12-03,úterý,1347402,904736,539686,2791824
2024-12-04,středa,1379207,917753,1075107,3372067
2024-12-05,čtvrtek,1365033,918814,1113791,3397638
2024-12-06,pátek,1160733,806856,1126861,3094450
2024-12-07,sobota,808032,466291,1125203,2399526
2024-12-08,neděle,621447,350050,1046139,2017636
2024-12-09,pondělí,1305871,899176,686358,2891405
2024-12-10,úterý,1320027,898491,542359,2760877
2024-12-11,středa,1407231,926883,1063330,3397444
2024-12-12,čtvrtek,1392954,912686,1103762,3409402
2024-12-13,pátek,1283971,847504,1118955,3250430
2024-12-14,sobota,782192,437461,1116263,2335916
2024-12-15,neděle,677675,374508,1046749,2098932
2024-12-16,pondělí,1322124,882758,687493,2892375
2024-12-17,úterý,1382667,897837,561615,2842119
2024-12-18,středa,1391512,920595,1082622,3394729
2024-12-19,čtvrtek,1399767,901137,1108290,3409194
2024-12-20,pátek,1269785,819459,1104784,3194028
2024-12-21,sobota,763337,418297,1034197,2215831
2024-12-22,neděle,659119,368031,836012,1863162
2024-12-23,pondělí,806216,504015,457208,1767439
2024-12-24,úterý,429275,223325,278036,930636
2024-12-25,středa,426001,206960,289621,922582
2024-12-26,čtvrtek,496131,248361,360002,1104494
2024-12-27,pátek,695758,433759,660108,1789625
2024-12-28,sobota,620164,339516,669922,1629602
2024-12-29,neděle,580446,325166,655401,1561013
2024-12-30,pondělí,805698,506997,512106,1824801
2024-12-31,úterý,683054,426273,457278,1566605
2025-01-01,středa,405600,197034,311038,913672
2025-01-02,čtvrtek,797646,503889,786097,2087632
2025-01-03,pátek,881513,573510,969294,2424317
2025-01-04,sobota,593079,362921,977729,1933729
2025-01-05,neděle,483936,309552,913134,1706622
2025-01-06,pondělí,1141554,846407,479213,2467174
2025-01-07,úterý,1155537,844692,399828,2400057
2025-01-08,středa,1181592,858461,955125,2995178
2025-01-09,čtvrtek,1160808,853002,976962,2990772
2025-01-10,pátek,1079410,798837,995673,2873920
2025-01-11,sobota,579504,426365,977719,1983588
2025-01-12,neděle,494681,359232,901736,1755649
2025-01-13,pondělí,1116501,851652,495022,2463175
2025-01-14,úterý,1169541,840888,407236,2417665
2025-01-15,středa,1157943,863832,962014,2983789
2025-01-16,čtvrtek,1153884,842198,996067,2992149
2025-01-17,pátek,1113030,775304,1009312,2897646
2025-01-18,sobota,601261,385425,972290,1958976
2025-01-19,neděle,506483,328439,919255,1754177
2025-01-20,pondělí,1126490,832038,509075,2467603
2025-01-21,úterý,1129427,826318,415661,2371406
2025-01-22,středa,1174170,841719,936746,2952635
2025-01-23,čtvrtek,1133630,802487,975472,2911589
2025-01-24,pátek,1046587,766337,994839,2807763
2025-01-25,sobota,611539,402764,998084,2012387
2025-01-26,neděle,496015,338740,920124,1754879
2025-01-27,pondělí,1104839,802497,546248,2453584
2025-01-28,úterý,1183488,811626,448473,2443587
2025-01-29,středa,1170147,832217,956061,2958425
2025-01-30,čtvrtek,1154601,827198,991874,2973673
2025-01-31,pátek,953077,635351,1019468,2607896
2025-02-01,sobota,619352,454182,971219,2044753
2025-02-02,neděle,516189,377022,828418,1721629
2025-02-03,pondělí,1126998,827319,485298,2439615
2025-02-04,úterý,1156145,824179,411304,2391628
2025-02-05,středa,1162265,838721,847082,2848068
2025-02-06,čtvrtek,1142800,823850,886883,2853533
2025-02-07,pátek,1043494,754940,899193,2697627
2025-02-08,sobota,582487,385560,877894,1845941
2025-02-09,neděle,537096,346393,806424,1689913
2025-02-10,pondělí,977009,743816,512247,2233072
2025-02-11,úterý,1013005,762205,406205,2181415
2025-02-12,středa,994894,734947,917364,2647205
2025-02-13,čtvrtek,969498,746102,955661,2671261
2025-02-14,pátek,939574,689801,987363,2616738
2025-02-15,sobota,584845,376414,944835,1906094
2025-02-16,neděle,494144,331880,881379,1707403
2025-02-17,pondělí,1071465,759976,526268,2357709
2025-02-18,úterý,1129986,759473,482174,2371633
2025-02-19,středa,1132385,772719,1037216,2942320
2025-02-20,čtvrtek,1094842,753031,1042878,2890751
2025-02-21,pátek,977610,691110,1058729,2727449
2025-02-22,sobota,622211,407946,1062250,2092407
2025-02-23,neděle,520300,345174,958955,1824429
2025-02-24,pondělí,1179321,881667,547709,2608697
2025-02-25,úterý,1223919,891609,404736,2520264
2025-02-26,středa,1244672,905399,991781,3141852
2025-02-27,čtvrtek,1162393,883383,1040958,3086734
2025-02-28,pátek,1112848,814149,1054695,2981692
2025-03-01,sobota,665361,393870,1036133,2095364
2025-03-02,neděle,609240,368177,942183,1919600
2025-03-03,pondělí,1177973,883668,536222,2597863
2025-03-04,úterý,1238377,899789,467225,2605391
2025-03-05,středa,1288788,909889,1014455,3213132
2025-03-06,čtvrtek,1239273,883737,1036879,3159889
2025-03-07,pátek,1155625,822476,1061317,3039418
2025-03-08,sobota,757536,439409,1068506,2265451
2025-03-09,neděle,616407,379142,987646,1983195
2025-03-10,pondělí,1268625,888235,495083,2651943
2025-03-11,úterý,1286025,894490,417442,2597957
2025-03-12,středa,1253233,904172,1006232,3163637
2025-03-13,čtvrtek,1151526,856433,1041830,3049789
2025-03-14,pátek,1128643,818700,1076773,3024116
2025-03-15,sobota,703193,419404,1049814,2172411
2025-03-16,neděle,606205,386229,984572,1977006
2025-03-17,pondělí,1230855,876215,587045,2694115
2025-03-18,úterý,1270574,893584,505474,2669632
2025-03-19,středa,1258553,904025,1009299,3171877
2025-03-20,čtvrtek,1256338,879238,1049937,3185513
2025-03-21,pátek,1121189,813399,1066705,3001293
2025-03-22,sobota,727083,440848,1037758,2205689
2025-03-23,neděle,550823,342462,990027,1883312
2025-03-24,pondělí,1168737,875713,581901,2626351
2025-03-25,úterý,1225986,893360,477087,2596433
2025-03-26,středa,1256322,893489,1020018,3169829
2025-03-27,čtvrtek,1253526,887810,1082991,3224327
2025-03-28,pátek,1193034,821564,1089425,3104023
2025-03-29,sobota,669022,443517,930993,2043532
2025-03-30,neděle,579951,390054,507602,1477607
2025-03-31,pondělí,1168521,870869,475196,2514586
2025-04-01,úterý,1269219,887696,391856,2548771
2025-04-02,středa,1307641,919979,318060,2545680
2025-04-03,čtvrtek,1268139,922032,1020331,3210502
2025-04-04,pátek,1239036,849809,1080051,3168896
2025-04-05,sobota,723420,445992,1065268,2234680
2025-04-06,neděle,571242,375927,1004461,1951630
2025-04-07,pondělí,1198916,877530,666939,2743385
2025-04-08,úterý,1269282,902833,518797,2690912
2025-04-09,středa,1301158,911596,1037014,3249768
2025-04-10,čtvrtek,1279465,910306,1099109,3288880
2025-04-11,pátek,1244181,827766,1104198,3176145
2025-04-12,sobota,799736,494773,1093805,2388314
2025-04-13,neděle,661952,421864,1007844,2091660
2025-04-14,pondělí,1276700,897961,606978,2781639
2025-04-15,úterý,1326354,908282,495024,2729660
2025-04-16,středa,1391963,928272,1025670,3345905
2025-04-17,čtvrtek,1133819,731103,1078691,2943613
2025-04-18,pátek,597083,346863,1099855,2043801
2025-04-19,sobota,650784,376467,1068517,2095768
2025-04-20,neděle,614833,353285,977001,1945119
2025-04-21,pondělí,496768,282771,549018,1328557
2025-04-22,úterý,1255130,889910,477646,2622686
2025-04-23,středa,1338586,930404,1019165,3288155
2025-04-24,čtvrtek,1299181,874239,1051160,3224580
2025-04-25,pátek,1141703,806346,1073598,3021647
2025-04-26,sobota,768339,466934,1055926,2291199
2025-04-27,neděle,648974,388983,964680,2002637
2025-04-28,pondělí,1247677,903781,623210,2774668
2025-04-29,úterý,1302736,911142,501400,2715278
2025-04-30,středa,1373042,961672,1050923,3385637
2025-05-01,čtvrtek,725141,463485,1109740,2298366
2025-05-02,pátek,995428,718881,584451,2298760
2025-05-03,sobota,678093,411647,1061686,2151426
2025-05-04,neděle,552974,362249,974505,1889728
2025-05-05,pondělí,1176125,874285,577519,2627929
2025-05-06,úterý,1235150,895128,522578,2652856
2025-05-07,středa,1252482,908521,1003252,3164255
2025-05-08,čtvrtek,622850,379270,1070662,2072782
2025-05-09,pátek,911608,624641,513472,2049721
2025-05-10,sobota,672246,421035,1024465,2117746
2025-05-11,neděle,603629,373786,982141,1959556
2025-05-12,pondělí,1202527,899930,717828,2820285
2025-05-13,úterý,1271020,896610,613940,2781570
2025-05-14,středa,1293520,925997,1083036,3302553
2025-05-15,čtvrtek,1276566,877858,1118747,3273171
2025-05-16,pátek,1126351,804176,1162719,3093246
2025-05-17,sobota,732367,447468,1103501,2283336
2025-05-18,neděle,619700,377862,1010848,2008410
2025-05-19,pondělí,1171310,863967,665478,2700755
2025-05-20,úterý,1246733,899026,554130,2699889
2025-05-21,středa,1241625,885570,1082009,3209204
2025-05-22,čtvrtek,1187564,862478,1107128,3157170
2025-05-23,pátek,1183454,808325,1065972,3057751
2025-05-24,sobota,745299,461205,1094783,2301287
2025-05-25,neděle,569848,357641,955690,1883179
2025-05-26,pondělí,1153186,858093,581091,2592370
2025-05-27,úterý,1239708,887488,584616,2711812
2025-05-28,středa,1217823,865620,1030610,3114053
2025-05-29,čtvrtek,1274252,874093,1059977,3208322
2025-05-30,pátek,1165569,809243,1081970,3056782
2025-05-31,sobota,755440,437984,1059874,2253298
2025-06-01,neděle,669295,380411,988113,2037819
2025-06-02,pondělí,1182889,840958,573123,2596970
2025-06-03,úterý,1237231,872154,478842,2588227
2025-06-04,středa,1228853,873665,996511,3099029
2025-06-05,čtvrtek,1183877,845547,1038844,3068268
2025-06-06,pátek,1082046,770347,1062780,2915173
2025-06-07,sobota,647372,391531,1045595,2084498
2025-06-08,neděle,601491,340013,990268,1931772
2025-06-09,pondělí,1237290,875335,603190,2715815
2025-06-10,úterý,1277837,875295,484522,2637654
2025-06-11,středa,1303735,882026,1015066,3200827
2025-06-12,čtvrtek,1266727,844121,1050718,3161566
2025-06-13,pátek,1126377,784348,1084552,2995277
2025-06-14,sobota,774963,448338,1041304,2264605
2025-06-15,neděle,592341,378006,945083,1915430
2025-06-16,pondělí,1164525,827224,573448,2565197
2025-06-17,úterý,1278283,861788,504208,2644279
2025-06-18,středa,1293957,882295,1010045,3186297
2025-06-19,čtvrtek,1284287,859541,1069794,3213622
2025-06-20,pátek,1139838,772204,1070696,2982738
2025-06-21,sobota,700537,431375,1044789,2176701
2025-06-22,neděle,591244,370000,938211,1899455
2025-06-23,pondělí,1131085,811003,551501,2493589
2025-06-24,úterý,1229491,855040,506440,2590971
2025-06-25,středa,1285734,870939,1056571,3213244
2025-06-26,čtvrtek,1219256,856340,1084400,3159996
2025-06-27,pátek,1133427,782558,1075406,2991391
2025-06-28,sobota,601526,401626,1066426,2069578
2025-06-29,neděle,518690,352112,965471,1836273
2025-06-30,pondělí,943893,661395,484280,2089568
2025-07-01,úterý,967520,652621,444804,2064945
2025-07-02,středa,937633,637717,799957,2375307
2025-07-03,čtvrtek,939996,717626,817973,2475595
2025-07-04,pátek,812263,690622,802124,2305009
2025-07-05,sobota,582836,412729,831050,1826615
2025-07-06,neděle,552588,369882,528492,1450962
2025-07-07,pondělí,947855,634160,458059,2040074
2025-07-08,úterý,967840,635926,427946,2031712
2025-07-09,středa,1017919,657767,864396,2540082
2025-07-10,čtvrtek,977539,643593,922354,2543486
2025-07-11,pátek,914180,586344,906421,2406945
2025-07-12,sobota,528412,349845,899583,1777840
2025-07-13,neděle,562963,335874,798780,1697617
2025-07-14,pondělí,993012,643688,514416,2151116
2025-07-15,úterý,1056600,650224,467610,2174434
2025-07-16,středa,1044285,653795,891484,2589564
2025-07-17,čtvrtek,1015245,626770,921390,2563405
2025-07-18,pátek,916608,564330,925629,2406567
2025-07-19,sobota,585694,365979,918502,1870175
2025-07-20,neděle,509847,341433,812341,1663621
2025-07-21,pondělí,910774,623465,507014,2041253
2025-07-22,úterý,975796,652500,462993,2091289
2025-07-23,středa,1020497,666443,867726,2554666
2025-07-24,čtvrtek,940629,625681,926986,2493296
2025-07-25,pátek,852996,574926,937125,2365047
2025-07-26,sobota,616383,355401,897743,1869527
2025-07-27,neděle,601732,335688,791252,1728672
2025-07-28,pondělí,897570,604332,497254,1999156
2025-07-29,úterý,997369,635518,459827,2092714
2025-07-30,středa,974204,623418,873984,2471606
2025-07-31,čtvrtek,1007108,621956,915612,2544676
2025-08-01,pátek,869481,552705,895777,2317963
2025-08-02,sobota,638988,397641,869708,1906337
2025-08-03,neděle,545241,357676,767652,1670569
2025-08-04,pondělí,964878,726603,454227,2145708
2025-08-05,úterý,1037989,728132,393442,2159563
2025-08-06,středa,1043882,776893,862503,2683278
2025-08-07,čtvrtek,1013145,738269,922205,2673619
2025-08-08,pátek,881914,661786,907843,2451543
2025-08-09,sobota,650436,457239,866464,1974139
2025-08-10,neděle,602126,424170,799050,1825346
2025-08-11,pondělí,955278,617926,532884,2106088
2025-08-12,úterý,1005486,639598,469644,2114728
2025-08-13,středa,1001649,633236,873512,2508397
2025-08-14,čtvrtek,945811,611957,900897,2458665
2025-08-15,pátek,863918,531166,900169,2295253
2025-08-16,sobota,683936,343099,893962,1920997
2025-08-17,neděle,618673,339056,808849,1766578
2025-08-18,pondělí,970690,637100,548556,2156346
2025-08-19,úterý,1015005,640865,459196,2115066
2025-08-20,středa,1024908,648220,876110,2549238
2025-08-21,čtvrtek,990025,625134,937135,2552294
2025-08-22,pátek,873788,569664,934183,2377635
2025-08-23,sobota,638410,361524,905185,1905119
2025-08-24,neděle,601138,335527,807350,1744015
2025-08-25,pondělí,996053,666752,525663,2188468
2025-08-26,úterý,1032971,685915,467891,2186777
2025-08-27,středa,1040469,661471,921059,2622999
2025-08-28,čtvrtek,990978,659100,984079,2634157
2025-08-29,pátek,864543,590967,984110,2439620
2025-08-30,sobota,635018,389732,939833,1964583
2025-08-31,neděle,578040,372922,848643,1799605
2025-09-01,pondělí,1190461,831645,536321,2558427
2025-09-02,úterý,1178637,840551,477905,2497093
2025-09-03,středa,1246455,850709,1020610,3117774
2025-09-04,čtvrtek,1187889,832109,1044539,3064537
2025-09-05,pátek,1056500,743263,1048889,2848652
2025-09-06,sobota,678180,409271,1028156,2115607
2025-09-07,neděle,664062,385212,945663,1994937
2025-09-08,pondělí,1176769,858270,580100,2615139
2025-09-09,úterý,1223612,861566,484205,2569383
2025-09-10,středa,1199662,855264,1030861,3085787
2025-09-11,čtvrtek,1218546,860017,1061458,3140021
2025-09-12,pátek,1114116,786051,1057533,2957700
2025-09-13,sobota,664538,437849,1025222,2127609
2025-09-14,neděle,559144,336931,988944,1885019
2025-09-15,pondělí,1196380,870530,480788,2547698
2025-09-16,úterý,1244349,880398,407388,2532135
2025-09-17,středa,1302931,894953,1007109,3204993
2025-09-18,čtvrtek,1249162,866161,1071216,3186539
2025-09-19,pátek,1128907,790976,1105168,3025051
2025-09-20,sobota,834062,471477,1059794,2365333
2025-09-21,neděle,616015,398954,999034,2014003
2025-09-22,pondělí,1188140,864990,632494,2685624
2025-09-23,úterý,1264148,869094,523335,2656577
2025-09-24,středa,1271904,896678,1055247,3223829
2025-09-25,čtvrtek,1170783,835346,1080928,3087057
2025-09-26,pátek,1134417,800839,1112399,3047655
2025-09-27,sobota,850363,428331,1069124,2347818
2025-09-28,neděle,764091,358467,1017028,2139586
2025-09-29,pondělí,1279245,909983,508982,2698210
2025-09-30,úterý,1353736,933789,511506,2799031
2025-10-01,středa,1328415,943635,1057890,3329940
2025-10-02,čtvrtek,1336147,932186,1097592,3365925
2025-10-03,pátek,1253143,899049,1105962,3258154
2025-10-04,sobota,723975,416093,1096824,2236892
2025-10-05,neděle,616635,370189,1024460,2011284
2025-10-06,pondělí,1290929,902382,595086,2788397
2025-10-07,úterý,1348398,951536,495804,2795738
2025-10-08,středa,1342733,944084,1044518,3331335
2025-10-09,čtvrtek,1380681,933526,1105097,3419304
2025-10-10,pátek,1233408,857634,1127918,3218960
2025-10-11,sobota,839765,454647,1103533,2397945
2025-10-12,neděle,630446,387443,1027193,2045082
2025-10-13,pondělí,1308525,933878,614474,2856877
2025-10-14,úterý,1379894,949905,506052,2835851
2025-10-15,středa,1406344,961041,1073448,3440833
2025-10-16,čtvrtek,1478524,952104,1134380,3565008
2025-10-17,pátek,1270268,876595,1152478,3299341
2025-10-18,sobota,836929,514412,1131429,2482770
2025-10-19,neděle,670855,423735,1020370,2114960
2025-10-20,pondělí,1340329,931967,611341,2883637
2025-10-21,úterý,1448528,969275,509317,2927120
2025-10-22,středa,1406309,948577,1072661,3427547
2025-10-23,čtvrtek,1394315,927960,1125712,3447987
2025-10-24,pátek,1211191,843132,1125259,3179582
2025-10-25,sobota,763873,413946,1110802,2288621
2025-10-26,neděle,672324,358617,999866,2030807
2025-10-27,pondělí,991334,632183,501541,2125058
2025-10-28,úterý,737014,361499,455174,1553687
2025-10-29,středa,1199077,790864,435005,2424946
2025-10-30,čtvrtek,1284783,839583,995309,3119675
2025-10-31,pátek,1205168,796206,1029980,3031354
2025-11-01,sobota,842824,475357,1063890,2382071
2025-11-02,neděle,566689,352200,996787,1915676
2025-11-03,pondělí,1312008,955774,599918,2867700
2025-11-04,úterý,1398934,988501,486378,2873813
2025-11-05,středa,1342748,979236,1065236,3387220
2025-11-06,čtvrtek,1360779,969032,1106401,3436212
2025-11-07,pátek,1273713,892659,1123116,3289488
2025-11-08,sobota,902614,485642,1095198,2483454
2025-11-09,neděle,685651,370635,1042737,2099023
2025-11-10,pondělí,1302126,963347,581638,2847111
2025-11-11,úterý,1364813,971409,468706,2804928
2025-11-12,středa,1365151,987302,1081959,3434412
2025-11-13,čtvrtek,1322718,972688,1119855,3415261
2025-11-14,pátek,1227577,876199,1139822,3243598
2025-11-15,sobota,756978,495353,1121000,2373331
2025-11-16,neděle,670729,458918,1036282,2165929
2025-11-17,pondělí,668030,468333,607366,1743729
2025-11-18,úterý,1309053,972038,559031,2840122
2025-11-19,středa,1382879,994192,1064498,3441569
2025-11-20,čtvrtek,1356080,960014,1103166,3419260
2025-11-21,pátek,1221745,889913,1134157,3245815
2025-11-22,sobota,809505,539778,1139063,2488346
2025-11-23,neděle,674048,448009,1082790,2204847
2025-11-24,pondělí,1305683,968579,599157,2873419
2025-11-25,úterý,1411246,974713,483078,2869037
2025-11-26,středa,1338939,970462,1069891,3379292
2025-11-27,čtvrtek,1366633,959985,1115630,3442248
2025-11-28,pátek,1310618,902951,1142238,3355807
2025-11-29,sobota,855406,458934,1113411,2427751
2025-11-30,neděle,782774,393436,1062466,2238676
2025-12-01,pondělí,1349180,940960,664660,2954800
2025-12-02,úterý,1399258,973364,527381,2900003
2025-12-03,středa,1415259,974922,1095855,3486036
2025-12-04,čtvrtek,1406088,959381,1147249,3512718
2025-12-05,pátek,1298212,884874,1167882,3350968
2025-12-06,sobota,877512,461830,1151425,2490767
2025-12-07,neděle,713656,398247,1054539,2166442
2025-12-08,pondělí,1359179,923724,717880,3000783
2025-12-09,úterý,1421857,958513,537869,2918239
2025-12-10,středa,1437864,971813,1111121,3520798
2025-12-11,čtvrtek,1411418,960942,1161493,3533853
2025-12-12,pátek,1325623,882544,1189859,3398026
2025-12-13,sobota,887424,471858,1183379,2542661
2025-12-14,neděle,723540,388971,1099899,2212410
2025-12-15,pondělí,1351249,915217,705027,2971493
2025-12-16,úterý,1402637,935384,574408,2912429
2025-12-17,středa,1465587,942263,1128602,3536452
2025-12-18,čtvrtek,1442930,947412,1168927,3559269
2025-12-19,pátek,1296101,847070,1196155,3339326
2025-12-20,sobota,848624,448155,1178251,2475030
2025-12-21,neděle,752996,391196,1081938,2226130
2025-12-22,pondělí,1045331,636003,639272,2320606
2025-12-23,úterý,867656,519282,546892,1933830
2025-12-24,středa,409067,216715,666460,1292242
2025-12-25,čtvrtek,412190,194507,303541,910238
2025-12-26,pátek,456461,218437,322786,997684
2025-12-27,sobota,628748,356792,380868,1366408
2025-12-28,neděle,602627,342221,622938,1567786
2025-12-29,pondělí,845632,526898,523477,1896007
2025-12-30,úterý,869485,525268,487389,1882142
2025-12-31,středa,713307,437628,698655,1849590
