datum,Tramvaje,Autobusy,Metro
2021-01-01,245202,207847,409528
2021-01-02,251485,221251,839243
2021-01-03,243140,219564,857702
2021-01-04,496796,445864,492748
2021-01-05,484201,439471,451058
2021-01-06,492332,439127,1095032
2021-01-07,486279,438937,1095742
2021-01-08,486581,415693,1104242
2021-01-09,248398,222932,1094356
2021-01-10,246166,219736,1054501
2021-01-11,537011,460817,510968
2021-01-12,542000,467233,450025
2021-01-13,541869,471365,1085249
2021-01-14,569082,457392,1110932
2021-01-15,515857,430912,1131261
2021-01-16,284541,235683,1125744
2021-01-17,271000,233617,1065983
2021-01-18,505369,450894,524965
2021-01-19,543784,461287,444700
2021-01-20,565764,485130,1070824
2021-01-21,519642,463849,1118099
2021-01-22,531011,446607,1126665
2021-01-23,282882,242565,1111298
2021-01-24,271892,231925,1035785
2021-01-25,560721,475927,519569
2021-01-26,497917,452282,450283
2021-01-27,562105,485540,1067038
2021-01-28,526601,466935,1081454
2021-01-29,484419,394484,1105365
2021-01-30,281053,242770,1098189
2021-01-31,280361,237964,959664
2021-02-01,539104,485970,508291
2021-02-02,557779,467159,447298
2021-02-03,539054,473522,1064610
2021-02-04,562582,491173,1095438
2021-02-05,528983,450438,1104945
2021-02-06,281291,245587,1098493
2021-02-07,278890,236761,1055625
2021-02-08,536806,496760,564932
2021-02-09,552965,481204,475604
2021-02-10,579534,486670,1035840
2021-02-11,568213,470610,1117352
2021-02-12,519036,447213,1146410
2021-02-13,289767,248380,1146018
2021-02-14,284107,243335,1109026
2021-02-15,547620,470548,581420
2021-02-16,531083,470367,467225
2021-02-17,558389,486325,1036925
2021-02-18,533103,465226,1078819
2021-02-19,510969,446253,1069529
2021-02-20,279195,243163,1065654
2021-02-21,273810,235274,990909
2021-02-22,529864,457921,563294
2021-02-23,544171,455091,461714
2021-02-24,546470,461255,1077015
2021-02-25,524427,448427,1093554
2021-02-26,467748,418633,1097024
2021-02-27,273235,230628,1078593
2021-02-28,272086,228961,1004732
2021-03-01,445075,383286,509568
2021-03-02,410421,377333,470382
2021-03-03,453773,381296,1064874
2021-03-04,426299,377236,1081591
2021-03-05,407294,364936,1097338
2021-03-06,226887,190648,1074309
2021-03-07,222538,188667,1023378
2021-03-08,467005,394080,502440
2021-03-09,452651,385690,461727
2021-03-10,478535,408420,1037051
2021-03-11,467312,394084,1021603
2021-03-12,451550,393638,847459
2021-03-13,239268,204210,747202
2021-03-14,233656,197042,592863
2021-03-15,455501,401727,232619
2021-03-16,461005,400526,179701
2021-03-17,469339,404296,310903
2021-03-18,450620,406407,221786
2021-03-19,410459,396130,217571
2021-03-20,234670,203204,202030
2021-03-21,230503,202148,202035
2021-03-22,499436,425522,107342
2021-03-23,473397,408755,90266
2021-03-24,499311,425855,208524
2021-03-25,500812,433788,203661
2021-03-26,516790,427410,211925
2021-03-27,258395,216894,205661
2021-03-28,250406,213705,203859
2021-03-29,522718,440619,117414
2021-03-30,548095,460166,93054
2021-03-31,594107,468185,218271
2021-04-01,573383,469928,211559
2021-04-02,0,234964,221418
2021-04-03,286692,0,216763
2021-04-04,286692,0,209541
2021-04-05,0,0,117930
2021-04-06,490221,428490,107691
2021-04-07,522072,451147,234847
2021-04-08,523860,444640,232646
2021-04-09,526312,447514,245077
2021-04-10,263156,225574,245451
2021-04-11,261930,223757,144243
2021-04-12,542682,467735,129147
2021-04-13,595989,489535,112354
2021-04-14,611931,501913,95555
2021-04-15,592923,494275,249509
2021-04-16,526556,458686,267505
2021-04-17,305966,250957,264921
2021-04-18,297995,247138,257537
2021-04-19,577024,497921,152258
2021-04-20,626897,514625,117112
2021-04-21,627718,522158,277794
2021-04-22,606412,514732,281510
2021-04-23,645390,481120,298391
2021-04-24,322695,261079,295799
2021-04-25,313859,257366,284477
2021-04-26,621352,532073,162403
2021-04-27,646731,537272,149050
2021-04-28,679611,543292,343867
2021-04-29,647601,526528,345575
2021-04-30,644071,504599,347590
2021-05-01,339806,271646,354292
2021-05-02,323801,268636,201545
2021-05-03,678821,547457,176162
2021-05-04,654875,548072,160903
2021-05-05,676859,571038,388463
2021-05-06,667556,540890,393024
2021-05-07,604675,500513,409839
2021-05-08,339411,285519,414333
2021-05-09,338430,274036,204390
2021-05-10,761141,595191,210646
2021-05-11,734186,592632,179082
2021-05-12,703494,568092,490187
2021-05-13,686922,560793,512035
2021-05-14,677983,540220,524519
2021-05-15,380571,297596,506562
2021-05-16,367093,296316,478382
2021-05-17,735582,618187,279538
2021-05-18,760935,626931,238660
2021-05-19,792663,640499,550689
2021-05-20,770723,655933,562236
2021-05-21,710914,607637,570472
2021-05-22,396332,327967,566417
2021-05-23,385362,320250,518912
2021-05-24,815163,670904,240089
2021-05-25,778927,670869,248024
2021-05-26,778312,678592,593849
2021-05-27,800459,671850,623069
2021-05-28,744473,629994,653434
2021-05-29,407582,339296,625566
2021-05-30,400230,335925,594438
2021-05-31,795596,695132,332970
2021-06-01,846660,716912,254467
2021-06-02,840027,725314,679582
2021-06-03,808321,699876,694517
2021-06-04,739727,654882,703263
2021-06-05,423330,362657,683662
2021-06-06,420014,358456,622801
2021-06-07,809025,680210,325558
2021-06-08,874389,704351,275444
2021-06-09,851703,706726,699258
2021-06-10,869436,707819,727921
2021-06-11,777230,644930,742471
2021-06-12,437195,353910,733898
2021-06-13,434718,353363,690654
2021-06-14,830583,723787,366117
2021-06-15,864407,727701,276898
2021-06-16,849115,743474,742943
2021-06-17,819031,694065,773408
2021-06-18,737682,649885,781848
2021-06-19,432204,371737,751282
2021-06-20,424558,363851,683796
2021-06-21,784493,664327,341309
2021-06-22,804590,681142,316906
2021-06-23,870690,702680,767534
2021-06-24,851544,699217,809457
2021-06-25,771874,618541,804595
2021-06-26,435345,351340,794136
2021-06-27,425772,349609,731495
2021-06-28,829732,700618,390418
2021-06-29,877633,692472,335940
2021-06-30,917199,705885,739421
2021-07-01,754795,592102,798160
2021-07-02,658034,504737,763890
2021-07-03,384945,301972,708508
2021-07-04,329017,252369,629155
2021-07-05,329017,252369,320730
2021-07-06,377398,296051,267692
2021-07-07,710961,519066,290459
2021-07-08,669850,509287,630277
2021-07-09,642538,478815,661101
2021-07-10,369850,290130,635284
2021-07-11,362453,284327,587250
2021-07-12,734862,549350,303961
2021-07-13,694962,559877,289838
2021-07-14,729990,549187,669148
2021-07-15,727708,550699,709314
2021-07-16,656652,502463,707519
2021-07-17,364995,279939,684440
2021-07-18,363854,275350,625946
2021-07-19,684725,555962,354804
2021-07-20,701023,568850,316820
2021-07-21,696257,582860,668353
2021-07-22,681578,552562,687143
2021-07-23,626724,505104,706910
2021-07-24,350512,291430,674874
2021-07-25,348129,284425,610330
2021-07-26,647386,543010,341377
2021-07-27,681888,552056,281655
2021-07-28,679833,552003,654356
2021-07-29,694094,554710,646581
2021-07-30,641730,502359,678959
2021-07-31,347047,277355,657148
2021-08-01,340944,276028,594479
2021-08-02,637318,545628,326233
2021-08-03,677797,554396,289690
2021-08-04,685800,556374,634008
2021-08-05,643895,528725,667935
2021-08-06,635770,499735,705210
2021-08-07,342900,278187,669555
2021-08-08,338899,277198,602361
2021-08-09,656755,553420,335802
2021-08-10,658067,581748,304631
2021-08-11,680456,585791,635771
2021-08-12,664373,552398,660788
2021-08-13,608411,517111,675590
2021-08-14,340228,292896,648851
2021-08-15,332187,290874,606752
2021-08-16,683842,533819,360475
2021-08-17,752377,556191,336703
2021-08-18,712290,579380,676232
2021-08-19,727541,548631,690307
2021-08-20,665883,497898,706670
2021-08-21,376189,289690,686240
2021-08-22,363771,278096,604685
2021-08-23,687629,565897,335261
2021-08-24,711264,567671,328713
2021-08-25,758926,609923,695733
2021-08-26,714868,575390,728991
2021-08-27,663928,544099,730710
2021-08-28,379463,304962,709989
2021-08-29,357434,283836,656167
2021-08-30,782596,620876,352857
2021-08-31,758882,622385,318204
2021-09-01,907024,736651,738956
2021-09-02,903830,735057,818495
2021-09-03,828889,678048,833095
2021-09-04,453512,368326,815528
2021-09-05,451915,367529,743706
2021-09-06,836181,726226,376079
2021-09-07,912080,730132,335734
2021-09-08,948135,736862,790467
2021-09-09,861525,726241,809134
2021-09-10,811661,675844,813055
2021-09-11,474068,368431,764772
2021-09-12,456040,365066,714586
2021-09-13,882207,737418,363662
2021-09-14,863122,748694,329726
2021-09-15,950434,754073,767233
2021-09-16,909273,714301,784361
2021-09-17,834603,696291,790287
2021-09-18,475217,377037,764291
2021-09-19,454637,374347,717605
2021-09-20,944534,739027,360952
2021-09-21,976139,730624,324766
2021-09-22,991520,766976,729923
2021-09-23,944231,767018,739858
2021-09-24,864943,689262,748972
2021-09-25,495760,383509,736582
2021-09-26,488070,383488,660269
2021-09-27,724330,580376,291719
2021-09-28,495760,383509,287129
2021-09-29,1067291,781816,260263
2021-09-30,1006767,791009,748494
2021-10-01,928355,741228,771781
2021-10-02,0,0,743959
2021-10-03,0,0,704892
2021-10-04,1005738,798381,344781
2021-10-05,986248,805956,311963
2021-10-06,1042811,825935,672540
2021-10-07,1010041,794789,684609
2021-10-08,962457,778441,697732
2021-10-09,521406,412968,673786
2021-10-10,505021,402978,614186
2021-10-11,968516,793385,277009
2021-10-12,985187,795524,262460
2021-10-13,1017790,792631,593914
2021-10-14,1003016,808691,591252
2021-10-15,955080,746267,532965
2021-10-16,508895,404346,504801
2021-10-17,501508,397762,463853
2021-10-18,968153,787209,227613
2021-10-19,953398,794901,213877
2021-10-20,1036349,827626,483236
2021-10-21,1012377,775337,479946
2021-10-22,936394,738183,510567
2021-10-23,518175,413813,396126
2021-10-24,506189,397451,370047
2021-10-25,886103,726809,190582
2021-10-26,914963,743495,180002
2021-10-27,928318,690188,385552
2021-10-28,464159,390094,382227
2021-10-29,712776,630783,167696
2021-10-30,457482,416748,346780
2021-10-31,464159,408405,331390
2021-11-01,906464,782326,179300
2021-11-02,986964,797260,131495
2021-11-03,975522,808979,399011
2021-11-04,973749,775322,380863
2021-11-05,885024,737577,394504
2021-11-06,493482,404490,391147
2021-11-07,487761,398630,377373
2021-11-08,949038,773003,189704
2021-11-09,967201,779960,143350
2021-11-10,1039764,796920,403858
2021-11-11,1031709,775248,402392
2021-11-12,840759,719396,415351
2021-11-13,519882,398460,407546
2021-11-14,515855,389980,397425
2021-11-15,990343,763072,213075
2021-11-16,963811,760051,156993
2021-11-17,495172,381536,378798
2021-11-18,902421,733177,237776
2021-11-19,823699,678292,454906
2021-11-20,495172,381536,439146
2021-11-21,481906,380026,426969
2021-11-22,922657,745363,224539
2021-11-23,941875,757229,171357
2021-11-24,958474,749565,456920
2021-11-25,963217,740877,460232
2021-11-26,875609,689836,495788
2021-11-27,481609,378615,478230
2021-11-28,479237,374783,460135
2021-11-29,921233,728742,229034
2021-11-30,918432,715222,194643
2021-12-01,921628,725184,522333
2021-12-02,934575,711675,520311
2021-12-03,849220,690687,532477
2021-12-04,467288,364371,617963
2021-12-05,460814,362592,596438
2021-12-06,943856,738201,345447
2021-12-07,926907,738416,282687
2021-12-08,979210,754374,645184
2021-12-09,916413,747379,665597
2021-12-10,857940,721066,658158
2021-12-11,489605,377187,656429
2021-12-12,471928,373690,636848
2021-12-13,990270,754644,352676
2021-12-14,986428,758397,286906
2021-12-15,1012435,776550,659770
2021-12-16,1019036,762520,666411
2021-12-17,975856,735184,686568
2021-12-18,509518,388275,683546
2021-12-19,506218,381260,602588
2021-12-20,962223,744390,297870
2021-12-21,996519,695978,251587
2021-12-22,933825,653738,538459
2021-12-23,663047,456474,494372
2021-12-24,498260,372195,388865
2021-12-25,466913,326869,134551
2021-12-26,481112,347989,114702
2021-12-27,531493,386352,153825
2021-12-28,549957,405628,168375
2021-12-29,559932,418271,295143
2021-12-30,557592,415495,300294
2021-12-31,468959,338590,306252
2022-01-01,255795,154065,219877
2022-01-02,340261,251383,105696
2022-01-03,838130,670975,155315
2022-01-04,838522,672062,146247
2022-01-05,867758,700671,427378
2022-01-06,885326,694319,422548
2022-01-07,827352,650447,440096
2022-01-08,388986,288404,420542
2022-01-09,341307,258618,403064
2022-01-10,871216,685351,185927
2022-01-11,856924,682469,168333
2022-01-12,874267,697489,452108
2022-01-13,886408,677427,443317
2022-01-14,825380,644743,460165
2022-01-15,409327,306911,446509
2022-01-16,328012,253468,420819
2022-01-17,797371,660617,197654
2022-01-18,804501,651426,170294
2022-01-19,768046,636729,456722
2022-01-20,769953,630995,461177
2022-01-21,706609,581614,478338
2022-01-22,385139,293801,465152
2022-01-23,328844,252829,435674
2022-01-24,779294,625953,190897
2022-01-25,795651,630352,181646
2022-01-26,776363,632727,470102
2022-01-27,777913,617229,465551
2022-01-28,677058,563643,484822
2022-01-29,371083,275640,466908
2022-01-30,322153,230602,421721
2022-01-31,777882,644538,191628
2022-02-01,810448,638840,202134
2022-02-02,870378,649657,474852
2022-02-03,787042,630949,472085
2022-02-04,696637,524157,482207
2022-02-05,422400,301060,478342
2022-02-06,339442,252045,443251
2022-02-07,853345,671736,192108
2022-02-08,871663,690515,185517
2022-02-09,885857,704290,514772
2022-02-10,880904,709085,499800
2022-02-11,799234,654911,505693
2022-02-12,465423,340279,479974
2022-02-13,440659,316778,450833
2022-02-14,956834,762515,197286
2022-02-15,957013,723632,184573
2022-02-16,958977,753816,475785
2022-02-17,917109,689899,471339
2022-02-18,900199,687193,484999
2022-02-19,493701,342428,471054
2022-02-20,406528,296488,443626
2022-02-21,968378,748707,233128
2022-02-22,1032764,765116,185348
2022-02-23,1023661,773410,451033
2022-02-24,1022629,761505,453643
2022-02-25,874939,710711,464351
2022-02-26,492559,334530,441767
2022-02-27,471777,313990,416952
2022-02-28,1012210,784602,200724
2022-03-01,1055759,804301,202645
2022-03-02,1057975,808856,374491
2022-03-03,1036491,788467,360525
2022-03-04,928198,726440,369317
2022-03-05,497901,354290,357484
2022-03-06,450689,325520,339167
2022-03-07,952534,715560,181447
2022-03-08,1003491,745602,160437
2022-03-09,1017163,755384,373127
2022-03-10,984304,748696,368768
2022-03-11,916377,686301,379379
2022-03-12,517819,389849,364267
2022-03-13,505477,360146,356471
2022-03-14,1014191,748489,174103
2022-03-15,997420,736329,153347
2022-03-16,1029440,753457,384391
2022-03-17,997420,745909,377188
2022-03-18,939843,700272,385464
2022-03-19,564660,398006,378733
2022-03-20,518775,368913,359239
2022-03-21,1042534,840796,182317
2022-03-22,1073398,851941,149645
2022-03-23,1134614,875063,394526
2022-03-24,1085254,846277,387925
2022-03-25,1020174,791112,405967
2022-03-26,627760,442946,403229
2022-03-27,550109,386970,389340
2022-03-28,1093920,838526,188532
2022-03-29,1066156,844518,177880
2022-03-30,1055131,843531,411509
2022-03-31,1056817,827673,430338
2022-04-01,950914,774322,444124
2022-04-02,545212,386132,426356
2022-04-03,482086,344765,174103
2022-04-04,1004143,851628,169362
2022-04-05,1096762,828370,169252
2022-04-06,1121905,877637,135507
2022-04-07,1111542,848841,411203
2022-04-08,1017237,793561,421227
2022-04-09,558569,403665,417392
2022-04-10,511142,372156,406698
2022-04-11,1160983,866403,205747
2022-04-12,1153350,890347,210144
2022-04-13,1201230,883380,454412
2022-04-14,1011302,739959,462281
2022-04-15,589017,435217,480414
2022-04-16,563671,375459,466562
2022-04-17,566457,365015,435245
2022-04-18,422346,287735,211238
2022-04-19,1031213,831017,201649
2022-04-20,1099359,892165,469589
2022-04-21,1120443,875267,489438
2022-04-22,1070446,812960,504934
2022-04-23,686317,478944,489186
2022-04-24,449493,315143,465126
2022-04-25,1009977,842922,256952
2022-04-26,1086742,877416,220504
2022-04-27,1124336,892874,500330
2022-04-28,1119325,899052,509789
2022-04-29,1038875,826547,532738
2022-04-30,665527,461827,510590
2022-05-01,581654,379985,487787
2022-05-02,1121580,868676,229670
2022-05-03,1174715,873364,176569
2022-05-04,1160276,885976,533221
2022-05-05,1091837,862022,542242
2022-05-06,1015532,815177,547448
2022-05-07,632058,455593,535105
2022-05-08,539075,364893,498484
2022-05-09,1088932,862840,240790
2022-05-10,1104081,880940,272380
2022-05-11,1184730,888529,608856
2022-05-12,1142301,866686,615437
2022-05-13,1050606,819087,592519
2022-05-14,708339,469609,601120
2022-05-15,613741,428693,566130
2022-05-16,1148083,881323,312652
2022-05-17,1116099,859133,268957
2022-05-18,1173782,889945,606566
2022-05-19,1150987,869764,620670
2022-05-20,1028666,784342,641163
2022-05-21,694837,441251,634287
2022-05-22,617834,392819,596183
2022-05-23,1078439,847349,321481
2022-05-24,1104164,840828,272383
2022-05-25,1209584,875739,667675
2022-05-26,1167047,855952,675413
2022-05-27,1037288,754017,686072
2022-05-28,688083,417194,673390
2022-05-29,501382,349167,638558
2022-05-30,1053791,849025,324878
2022-05-31,1105520,862634,285426
2022-06-01,1159080,889266,679109
2022-06-02,1090212,859933,712893
2022-06-03,1027479,763682,728789
2022-06-04,625731,427714,716373
2022-06-05,592216,410975,676431
2022-06-06,1144851,869323,340947
2022-06-07,1091735,822648,302060
2022-06-08,1187456,879277,719612
2022-06-09,1157840,839659,739705
2022-06-10,1129656,806591,744132
2022-06-11,694344,444876,741826
2022-06-12,569425,394559,692498
2022-06-13,1041780,816887,355458
2022-06-14,1089615,865870,311319
2022-06-15,1162801,873664,735037
2022-06-16,1093909,838632,767270
2022-06-17,1026375,780095,785605
2022-06-18,550162,430998,771446
2022-06-19,456100,360784,710365
2022-06-20,1004354,812455,370948
2022-06-21,1148763,864106,334245
2022-06-22,1151164,883514,757903
2022-06-23,1073183,848987,762769
2022-06-24,939735,731065,794234
2022-06-25,507949,358051,787657
2022-06-26,754727,394658,712429
2022-06-27,1022810,805487,384181
2022-06-28,1075128,837644,347589
2022-06-29,1053870,818908,770791
2022-06-30,1059757,842331,786416
2022-07-01,786008,600843,792332
2022-07-02,522057,369976,701251
2022-07-03,458383,323838,611450
2022-07-04,711760,534850,342061
2022-07-05,485144,356371,303289
2022-07-06,494734,350130,302496
2022-07-07,769425,561934,316340
2022-07-08,715630,543557,593484
2022-07-09,469241,340616,571737
2022-07-10,460646,323698,537595
2022-07-11,903086,666248,336510
2022-07-12,948434,661567,288201
2022-07-13,924228,662307,643983
2022-07-14,888867,629419,667383
2022-07-15,838640,600853,678079
2022-07-16,546925,362347,690936
2022-07-17,471281,338820,645757
2022-07-18,895719,647925,361783
2022-07-19,884036,632535,343315
2022-07-20,823660,619677,661275
2022-07-21,844025,598865,677964
2022-07-22,780092,567642,693866
2022-07-23,501211,341174,670219
2022-07-24,476465,339495,617091
2022-07-25,816907,603991,370175
2022-07-26,875476,625270,329281
2022-07-27,896834,639964,651082
2022-07-28,873100,624171,679242
2022-07-29,782249,568700,689964
2022-07-30,471843,321487,671338
2022-07-31,512335,342638,618981
2022-08-01,850692,624577,382048
2022-08-02,868127,629607,308766
2022-08-03,883773,633828,658848
2022-08-04,850306,597447,682781
2022-08-05,746225,531140,686037
2022-08-06,550031,353473,664318
2022-08-07,531541,350365,617942
2022-08-08,865597,630548,412925
2022-08-09,871813,638689,358385
2022-08-10,905858,648997,664965
2022-08-11,872938,628352,695059
2022-08-12,824501,582468,707575
2022-08-13,576094,366767,683576
2022-08-14,530184,339205,629330
2022-08-15,865260,635467,395867
2022-08-16,902006,636796,354638
2022-08-17,907303,632524,664605
2022-08-18,906898,598703,696360
2022-08-19,808512,571627,710186
2022-08-20,459136,301780,688941
2022-08-21,541857,343459,635947
2022-08-22,882552,617639,411065
2022-08-23,876494,604197,345522
2022-08-24,995510,656867,676366
2022-08-25,956216,651922,695186
2022-08-26,801888,568421,742619
2022-08-27,548084,355522,697917
2022-08-28,513110,340749,651202
2022-08-29,949887,682910,400267
2022-08-30,949465,702062,361855
2022-08-31,1000472,710473,734046
2022-09-01,1059994,811832,738507
2022-09-02,992768,764111,821993
2022-09-03,610895,406601,810094
2022-09-04,493961,375069,765338
2022-09-05,1063306,834821,429620
2022-09-06,1106741,826610,372756
2022-09-07,1023044,827677,794560
2022-09-08,1059187,808828,816627
2022-09-09,945918,759916,841368
2022-09-10,592886,416274,816844
2022-09-11,475871,365692,773385
2022-09-12,1027699,824776,430361
2022-09-13,1067714,832971,374208
2022-09-14,1003527,808780,808303
2022-09-15,1079613,809706,835568
2022-09-16,976932,765492,860057
2022-09-17,590696,402138,852066
2022-09-18,514353,352435,792066
2022-09-19,1082843,831268,438840
2022-09-20,1114014,846926,384452
2022-09-21,1165810,863041,824029
2022-09-22,1103657,838912,847760
2022-09-23,1060408,791063,864911
2022-09-24,633679,434701,862381
2022-09-25,514870,381358,780973
2022-09-26,1057787,849661,448356
2022-09-27,1105657,853641,386557
2022-09-28,515812,349980,657017
2022-09-29,1041256,832155,394117
2022-09-30,996512,760911,882513
2022-10-01,539365,398860,884676
2022-10-02,504866,380859,824420
2022-10-03,1129664,910917,438818
2022-10-04,1180808,894803,392325
2022-10-05,1172125,916907,869865
2022-10-06,1178418,890068,901127
2022-10-07,1076141,825242,913666
2022-10-08,590328,436664,897688
2022-10-09,564313,401630,854109
2022-10-10,1175377,904126,442623
2022-10-11,1225419,903639,382799
2022-10-12,1210799,923026,868624
2022-10-13,1242793,915150,914174
2022-10-14,1156579,830549,917569
2022-10-15,691433,427094,909077
2022-10-16,623329,405416,874384
2022-10-17,1193094,915553,512476
2022-10-18,1187291,890958,414518
2022-10-19,1239553,927999,878388
2022-10-20,1176943,915790,906628
2022-10-21,1089245,832050,928370
2022-10-22,568939,405847,911265
2022-10-23,529703,407855,846826
2022-10-24,948262,789872,446958
2022-10-25,994376,796010,389812
2022-10-26,1051410,778088,827908
2022-10-27,1000184,738389,855915
2022-10-28,603370,377444,839306
2022-10-29,626577,408616,373152
2022-10-30,620623,395322,619037
2022-10-31,1215490,936899,405372
2022-11-01,1184562,928815,371835
2022-11-02,1221793,952878,868309
2022-11-03,1215797,922957,877984
2022-11-04,1042132,820441,895216
2022-11-05,631463,450088,882193
2022-11-06,553330,403126,822023
2022-11-07,1160472,922947,438345
2022-11-08,1266074,946212,356399
2022-11-09,1242370,945345,835668
2022-11-10,1230179,940838,858641
2022-11-11,1137433,855434,875872
2022-11-12,647764,443549,861240
2022-11-13,502343,367175,808713
2022-11-14,1133880,924657,433839
2022-11-15,1197628,929953,361247
2022-11-16,1231137,926842,825585
2022-11-17,663440,474442,862729
2022-11-18,920563,718950,468445
2022-11-19,621588,456891,808047
2022-11-20,509787,411814,762516
2022-11-21,1147434,918517,416052
2022-11-22,1139038,909934,355054
2022-11-23,1229352,935939,805331
2022-11-24,1170765,914976,818865
2022-11-25,1151404,878237,821223
2022-11-26,732019,454987,809627
2022-11-27,580976,405952,764039
2022-11-28,1145662,916959,412063
2022-11-29,1160609,921510,349719
2022-11-30,1175010,943507,790545
2022-12-01,1118986,897556,786604
2022-12-02,1064630,845011,796243
2022-12-03,673707,441318,787629
2022-12-04,543277,377632,760540
2022-12-05,1132931,925927,411127
2022-12-06,1167895,897192,353534
2022-12-07,1212927,923660,787783
2022-12-08,1231299,904060,807900
2022-12-09,1098010,822206,827478
2022-12-10,693785,433788,817057
2022-12-11,588944,368804,780439
2022-12-12,1166368,893044,436190
2022-12-13,1177001,905633,378492
2022-12-14,1187630,911457,810548
2022-12-15,1168730,901241,834097
2022-12-16,1099249,813840,863133
2022-12-17,689071,435726,855434
2022-12-18,565902,367677,815151
2022-12-19,1234921,858113,467184
2022-12-20,1140568,848526,381083
2022-12-21,1111860,822647,811307
2022-12-22,1022438,750573,806114
2022-12-23,772315,534162,754765
2022-12-24,347737,210587,509071
2022-12-25,380798,203567,201821
2022-12-26,395786,232244,180808
2022-12-27,682679,456962,221771
2022-12-28,738360,489470,458206
2022-12-29,768130,512018,480631
2022-12-30,752140,497105,491632
2022-12-31,543159,352493,479131
2023-01-01,399548,225393,387629
2023-01-02,903741,718920,192496
2023-01-03,1050805,820582,285732
2023-01-04,1112361,839213,705226
2023-01-05,1147624,834830,727648
2023-01-06,1043916,787625,747754
2023-01-07,645188,403904,730852
2023-01-08,492284,342830,686405
2023-01-09,1091700,859586,333898
2023-01-10,1170333,863278,293707
2023-01-11,1166652,881287,722020
2023-01-12,1148930,874795,736130
2023-01-13,1075511,825620,736538
2023-01-14,611819,435965,719445
2023-01-15,462516,349134,680768
2023-01-16,1043853,876359,347787
2023-01-17,1095685,871504,286566
2023-01-18,1079820,871955,693805
2023-01-19,1131711,858799,691319
2023-01-20,1013711,795814,691541
2023-01-21,582793,401367,671612
2023-01-22,460360,343181,621744
2023-01-23,1064118,856362,320857
2023-01-24,1049786,858723,272545
2023-01-25,1069600,881273,650998
2023-01-26,1074218,854759,662178
2023-01-27,1021069,819148,670037
2023-01-28,559020,408292,658332
2023-01-29,472440,340058,604789
2023-01-30,1013147,841222,314719
2023-01-31,1091871,861533,271711
2023-02-01,1115542,854338,673769
2023-02-02,1102084,822337,683839
2023-02-03,845686,648904,688220
2023-02-04,549674,386245,675047
2023-02-05,477137,349215,587016
2023-02-06,929408,749516,346378
2023-02-07,965180,763402,285426
2023-02-08,1031427,776564,701872
2023-02-09,1001377,759670,716396
2023-02-10,883103,714376,732227
2023-02-11,547612,399898,733128
2023-02-12,477934,348971,686366
2023-02-13,1109280,882800,394181
2023-02-14,1125515,906760,348214
2023-02-15,1162261,887399,790538
2023-02-16,1194680,891155,785634
2023-02-17,1000052,820699,797329
2023-02-18,668200,443808,774588
2023-02-19,514586,346794,734669
2023-02-20,1128806,880152,408068
2023-02-21,1155331,909534,337052
2023-02-22,1209246,918040,792542
2023-02-23,1150947,905933,828246
2023-02-24,1064310,826135,848836
2023-02-25,645325,411388,835533
2023-02-26,491983,356549,771197
2023-02-27,1144232,892129,410596
2023-02-28,1173420,909964,403989
2023-03-01,1186263,917640,826472
2023-03-02,1104634,905813,873029
2023-03-03,1040602,833335,873933
2023-03-04,668770,425217,869968
2023-03-05,513428,351327,823097
2023-03-06,1088924,879834,433015
2023-03-07,1148343,882986,383335
2023-03-08,1166905,913181,790754
2023-03-09,1117299,877840,837938
2023-03-10,1031011,813050,837032
2023-03-11,590784,401069,826688
2023-03-12,494151,375645,768645
2023-03-13,945310,791734,478928
2023-03-14,1026733,800946,419711
2023-03-15,1017286,821162,831527
2023-03-16,1077515,812700,848746
2023-03-17,985614,765781,859672
2023-03-18,670642,452456,841266
2023-03-19,534047,402278,794953
2023-03-20,1121971,888521,493035
2023-03-21,1098624,905116,437983
2023-03-22,1200137,937550,896776
2023-03-23,1113337,911246,924690
2023-03-24,1082415,856513,941191
2023-03-25,680451,461914,922602
2023-03-26,483642,394255,865720
2023-03-27,1061084,873943,540938
2023-03-28,1117600,883148,456566
2023-03-29,1143536,927667,898415
2023-03-30,1118620,886808,908100
2023-03-31,1062074,847486,921942
2023-04-01,711071,455853,915389
2023-04-02,552465,365666,861046
2023-04-03,1171679,908269,502558
2023-04-04,1242451,918140,424265
2023-04-05,1273591,948106,920213
2023-04-06,1045437,744236,922754
2023-04-07,689365,471155,947975
2023-04-08,629953,400723,944911
2023-04-09,584090,376165,891252
2023-04-10,584100,370780,512809
2023-04-11,1177623,881915,445820
2023-04-12,1280378,951290,955334
2023-04-13,1229948,911284,992466
2023-04-14,1115000,825507,1014022
2023-04-15,704000,442782,891488
2023-04-16,599558,398092,496764
2023-04-17,1128126,888358,456770
2023-04-18,1143624,919046,421524
2023-04-19,1191610,954432,334798
2023-04-20,1127865,917974,934066
2023-04-21,1121614,862708,1011677
2023-04-22,764631,496597,973356
2023-04-23,518781,380327,941000
2023-04-24,1128613,898175,609229
2023-04-25,1192955,914436,427666
2023-04-26,1201054,935335,930371
2023-04-27,1216310,913530,968832
2023-04-28,1065691,828608,990976
2023-04-29,626816,452751,991936
2023-04-30,670454,451063,925202
2023-05-01,696353,435693,536100
2023-05-02,1225598,898353,469806
2023-05-03,1300020,949958,962442
2023-05-04,1155607,905399,985094
2023-05-05,1124872,826222,1005760
2023-05-06,619496,416354,964889
2023-05-07,549461,410597,924885
2023-05-08,557085,375260,573377
2023-05-09,1209066,902240,500788
2023-05-10,1210491,929423,950164
2023-05-11,1204521,920419,1009175
2023-05-12,1152907,861645,1017879
2023-05-13,676422,457510,988534
2023-05-14,586312,403451,947878
2023-05-15,1152766,864303,610507
2023-05-16,1299183,892609,598036
2023-05-17,1251488,909689,1063649
2023-05-18,1224164,898636,982516
2023-05-19,1175235,826091,1030825
2023-05-20,823732,479492,992518
2023-05-21,688247,440000,925860
2023-05-22,1155664,880928,527787
2023-05-23,1238737,876801,448389
2023-05-24,1240961,925110,933619
2023-05-25,1267338,911810,956361
2023-05-26,1096334,825095,982530
2023-05-27,818296,474758,988245
2023-05-28,615714,401913,915861
2023-05-29,1178736,872393,560598
2023-05-30,1292173,880968,441842
2023-05-31,1316891,913923,916286
2023-06-01,1276625,898841,972388
2023-06-02,1125544,829593,1016365
2023-06-03,741520,458403,982908
2023-06-04,595340,400359,902879
2023-06-05,1117970,843998,567675
2023-06-06,1239147,867473,595333
2023-06-07,1365032,892463,1050952
2023-06-08,1237381,879185,993792
2023-06-09,1125685,807596,1023399
2023-06-10,747086,437932,958800
2023-06-11,616173,397287,937359
2023-06-12,1221593,859020,534762
2023-06-13,1191897,872954,448752
2023-06-14,1254619,897931,947337
2023-06-15,1327995,875124,985105
2023-06-16,1130058,813191,1018530
2023-06-17,644606,434166,988211
2023-06-18,620923,402143,915162
2023-06-19,1133443,857503,575677
2023-06-20,1160119,867931,481746
2023-06-21,1230311,853159,934549
2023-06-22,1174821,833046,997319
2023-06-23,1049250,756663,1089016
2023-06-24,711158,426047,1011891
2023-06-25,571519,382470,876183
2023-06-26,1167863,830515,478205
2023-06-27,1212216,854438,484652
2023-06-28,1258405,878197,951476
2023-06-29,1224105,868919,987108
2023-06-30,1064308,795558,983443
2023-07-01,599167,404796,999404
2023-07-02,540235,375207,763778
2023-07-03,882623,668554,473169
2023-07-04,877091,643476,414351
2023-07-05,558995,400021,640789
2023-07-06,562450,420525,433563
2023-07-07,727013,523077,435445
2023-07-08,545347,375318,696009
2023-07-09,479840,345889,663615
2023-07-10,855108,625492,433565
2023-07-11,988440,635315,408048
2023-07-12,976092,650059,812942
2023-07-13,916277,645252,841895
2023-07-14,840728,598449,861754
2023-07-15,506870,358435,822774
2023-07-16,491547,337883,777468
2023-07-17,875356,648011,485198
2023-07-18,936946,667482,445959
2023-07-19,969441,664274,811908
2023-07-20,833346,641648,831835
2023-07-21,863845,590945,826290
2023-07-22,580452,366551,799622
2023-07-23,510247,335972,744916
2023-07-24,882698,628003,456965
2023-07-25,899645,623047,445250
2023-07-26,931734,656318,798994
2023-07-27,912963,639964,819307
2023-07-28,812958,577519,835011
2023-07-29,600822,358726,821923
2023-07-30,527530,332203,727294
2023-07-31,874952,641577,442843
2023-08-01,904250,622276,459625
2023-08-02,908124,652971,796345
2023-08-03,936145,648842,828393
2023-08-04,832539,602049,828740
2023-08-05,542194,344841,790525
2023-08-06,491862,340261,722763
2023-08-07,963104,633663,454281
2023-08-08,959273,666625,413910
2023-08-09,903509,633779,806306
2023-08-10,1000760,671877,838558
2023-08-11,807815,589547,847801
2023-08-12,626758,379718,812845
2023-08-13,539142,346646,757030
2023-08-14,915660,638535,515835
2023-08-15,898859,645873,465275
2023-08-16,868995,647633,825054
2023-08-17,869428,624386,850087
2023-08-18,805123,579787,843587
2023-08-19,554566,363933,804856
2023-08-20,506367,346474,758031
2023-08-21,930516,620585,431472
2023-08-22,921888,623313,414998
2023-08-23,938438,652723,812258
2023-08-24,936593,635143,817655
2023-08-25,828126,569329,859959
2023-08-26,574195,356564,849957
2023-08-27,478211,313540,756565
2023-08-28,862377,648737,472471
2023-08-29,1011704,672319,443424
2023-08-30,1041694,702618,858597
2023-08-31,1094128,695332,892545
2023-09-01,953525,647163,887930
2023-09-02,663636,400470,932565
2023-09-03,562678,383218,886535
2023-09-04,1153039,875419,582738
2023-09-05,1157515,871840,456623
2023-09-06,1166602,872520,926777
2023-09-07,1153742,842956,941730
2023-09-08,1047470,793150,953646
2023-09-09,662758,437719,928768
2023-09-10,599328,372547,880082
2023-09-11,1112715,850984,510721
2023-09-12,1130467,856886,445804
2023-09-13,1179736,857129,920648
2023-09-14,1153163,854006,940459
2023-09-15,1108098,805592,958786
2023-09-16,728736,470084,958235
2023-09-17,617800,400575,903935
2023-09-18,1167306,864736,526348
2023-09-19,1201340,877128,461700
2023-09-20,1230823,905642,942444
2023-09-21,1252521,880906,967001
2023-09-22,1095813,790201,988188
2023-09-23,731445,457211,962962
2023-09-24,618204,398048,901580
2023-09-25,1196801,882525,541875
2023-09-26,1264610,899279,457014
2023-09-27,1246885,923211,928405
2023-09-28,672883,391822,977418
2023-09-29,856409,649930,481163
2023-09-30,682681,396602,926251
2023-10-01,611407,365076,883185
2023-10-02,1213670,936347,534096
2023-10-03,1339493,936573,467104
2023-10-04,1292408,950170,992456
2023-10-05,1267094,949102,1013712
2023-10-06,1224270,869546,1030130
2023-10-07,739420,456275,1004882
2023-10-08,547417,381530,952200
2023-10-09,1229669,909765,554401
2023-10-10,1314508,934020,485629
2023-10-11,1319509,962941,1006890
2023-10-12,1288481,925318,1029905
2023-10-13,1177745,868232,1053329
2023-10-14,776342,440242,1042484
2023-10-15,643977,403977,993752
2023-10-16,1255104,932945,607763
2023-10-17,1264598,944153,517675
2023-10-18,1350884,962873,1016692
2023-10-19,1206995,939628,1058107
2023-10-20,1151912,844342,1063783
2023-10-21,741978,493179,1047664
2023-10-22,619139,399275,969449
2023-10-23,1161001,893562,534696
2023-10-24,1205837,891706,503202
2023-10-25,1300223,917021,1019018
2023-10-26,1140815,749318,1054000
2023-10-27,939393,659921,1011178
2023-10-28,658026,357365,953045
2023-10-29,603737,397807,559822
2023-10-30,1215306,932383,561733
2023-10-31,1298054,925212,529437
2023-11-01,1221625,978831,1057599
2023-11-02,1315479,946462,1070473
2023-11-03,1033726,846341,1094032
2023-11-04,721908,474440,1065896
2023-11-05,499423,383171,1027863
2023-11-06,1116091,894692,562007
2023-11-07,1164209,914002,487846
2023-11-08,1169934,937140,1015334
2023-11-09,1220107,905142,1065801
2023-11-10,1129460,853346,1070610
2023-11-11,631322,436073,1057439
2023-11-12,572356,397480,994356
2023-11-13,1175846,905696,592428
2023-11-14,1218687,924489,471805
2023-11-15,1234197,936569,1023211
2023-11-16,1208304,897686,1050042
2023-11-17,733599,472055,1082404
2023-11-18,616312,454692,542868
2023-11-19,525012,401655,736255
2023-11-20,1193246,906032,488959
2023-11-21,1227797,930347,406492
2023-11-22,1169278,932730,1002959
2023-11-23,1182068,909582,1041843
2023-11-24,1126806,839329,1059532
2023-11-25,691389,449064,1058248
2023-11-26,596482,385011,1029207
2023-11-27,1109113,849957,606678
2023-11-28,1235076,908349,493101
2023-11-29,1217485,947156,1019038
2023-11-30,1281935,926811,1055969
2023-12-01,1133492,843955,1087452
2023-12-02,765209,464742,1064881
2023-12-03,598795,408846,1024022
2023-12-04,1210444,913362,647342
2023-12-05,1258919,915405,500138
2023-12-06,1260459,940598,1019802
2023-12-07,1242112,939617,1056989
2023-12-08,1201895,854295,1078957
2023-12-09,811466,454444,1061160
2023-12-10,578777,396459,1000670
2023-12-11,1251694,903356,653564
2023-12-12,1284107,915198,519643
2023-12-13,1280649,916255,1052553
2023-12-14,1283086,907541,1072319
2023-12-15,1214639,845032,1084043
2023-12-16,774787,454253,1079213
2023-12-17,704726,417259,1008507
2023-12-18,1214104,897669,640429
2023-12-19,1306329,896609,507481
2023-12-20,1320859,885656,1018712
2023-12-21,1175468,810975,1035745
2023-12-22,947469,694788,1013762
2023-12-23,521109,365328,908903
2023-12-24,374024,223795,625057
2023-12-25,370211,195534,285242
2023-12-26,448870,261161,282910
2023-12-27,738362,488641,324552
2023-12-28,799806,485393,621118
2023-12-29,782929,512496,655467
2023-12-30,628916,388330,657107
2023-12-31,573840,357510,632392
2024-01-01,408183,225552,469906
2024-01-02,899515,660724,297722
2024-01-03,1154854,826829,759226
2024-01-04,1126471,822134,907748
2024-01-05,1049510,796963,930203
2024-01-06,584125,386967,926004
2024-01-07,464611,329913,873152
2024-01-08,1069137,819284,486935
2024-01-09,1143377,824581,402307
2024-01-10,1098578,853723,921237
2024-01-11,1093597,837497,959209
2024-01-12,957996,782339,969713
2024-01-13,564439,392778,948656
2024-01-14,465085,327903,895817
2024-01-15,1060679,847782,472704
2024-01-16,1104731,831744,367555
2024-01-17,1099507,863687,931963
2024-01-18,1026187,830930,972057
2024-01-19,1002147,786574,970351
2024-01-20,591645,412191,965441
2024-01-21,473900,346300,891924
2024-01-22,1012812,831990,500011
2024-01-23,1037847,820817,408357
2024-01-24,1078364,849303,914155
2024-01-25,1066954,832783,961904
2024-01-26,973538,770230,989058
2024-01-27,639641,431754,952753
2024-01-28,520611,380175,887972
2024-01-29,1079836,861549,503617
2024-01-30,1129223,805386,410932
2024-01-31,1077821,834103,917158
2024-02-01,1043528,799963,960949
2024-02-02,930791,642718,959681
2024-02-03,608314,375188,942941
2024-02-04,457797,320637,790213
2024-02-05,1006330,698984,464817
2024-02-06,1019389,709705,409305
2024-02-07,973794,713298,865463
2024-02-08,984892,684368,897333
2024-02-09,962486,651466,909480
2024-02-10,637389,395228,890494
2024-02-11,462684,309081,832124
2024-02-12,1074378,737542,474858
2024-02-13,1099756,739089,409462
2024-02-14,1135934,767437,947384
2024-02-15,1100919,746153,1002552
2024-02-16,1045400,694008,1003585
2024-02-17,653008,392434,975427
2024-02-18,649909,369750,907716
2024-02-19,1125961,831891,492187
2024-02-20,1134168,835266,396851
2024-02-21,1244988,879588,976677
2024-02-22,1192017,824603,1013163
2024-02-23,1134284,774302,1032539
2024-02-24,768482,485070,1003607
2024-02-25,642757,401047,920578
2024-02-26,1145689,825836,518604
2024-02-27,1150502,849674,431003
2024-02-28,1254558,868686,968083
2024-02-29,1181812,851590,1014120
2024-03-01,1095089,772167,1018737
2024-03-02,705219,414769,995486
2024-03-03,609974,368789,938236
2024-03-04,1165588,862447,486892
2024-03-05,1210192,840680,385391
2024-03-06,1205875,876941,978161
2024-03-07,1248647,852095,1001646
2024-03-08,1169236,803139,1030496
2024-03-09,774434,470238,986164
2024-03-10,682095,405641,922852
2024-03-11,1139144,836577,549200
2024-03-12,1182236,837026,429918
2024-03-13,1285536,865342,879396
2024-03-14,1218295,844445,926500
2024-03-15,1192916,803116,941128
2024-03-16,758877,423803,922188
2024-03-17,687903,386563,859806
2024-03-18,1192633,839439,556802
2024-03-19,1249213,864491,460651
2024-03-20,1310615,887172,984350
2024-03-21,1232263,841436,1020487
2024-03-22,1163459,803213,1046719
2024-03-23,724825,417134,1006243
2024-03-24,561771,353255,948466
2024-03-25,1276723,844888,573059
2024-03-26,1340665,872703,462212
2024-03-27,1339591,882273,987149
2024-03-28,1137580,704818,1013235
2024-03-29,735230,473787,1029953
2024-03-30,692826,419182,1017297
2024-03-31,600344,357919,942131
2024-04-01,557229,301467,571492
2024-04-02,1226586,846441,449088
2024-04-03,1284438,894972,1005428
2024-04-04,1333822,864614,1037449
2024-04-05,1216853,820096,1059763
2024-04-06,724291,457499,914636
2024-04-07,660839,385788,451348
2024-04-08,1156213,860938,400672
2024-04-09,1250009,883913,364806
2024-04-10,1263076,884160,335794
2024-04-11,1247077,896462,979003
2024-04-12,1211958,807234,1045526
2024-04-13,795211,443756,1034170
2024-04-14,638308,371071,997588
2024-04-15,1152137,861852,572709
2024-04-16,1206374,854019,522584
2024-04-17,1255832,907700,1014493
2024-04-18,1238120,873241,1046930
2024-04-19,1109542,783285,1076199
2024-04-20,631123,386685,1041067
2024-04-21,595519,362581,975197
2024-04-22,1137221,853891,587247
2024-04-23,1174662,865100,454257
2024-04-24,1239789,875282,1004700
2024-04-25,1184368,869256,1032299
2024-04-26,1119508,799294,1070328
2024-04-27,737210,453469,1027817
2024-04-28,612314,381294,942098
2024-04-29,1141816,846154,586249
2024-04-30,1246631,915382,474816
2024-05-01,712093,457718,451996
2024-05-02,1185958,832793,1012353
2024-05-03,1058811,755338,1062906
2024-05-04,665667,429197,1011585
2024-05-05,544456,349655,938811
2024-05-06,1207035,829771,531766
2024-05-07,1156601,831864,515476
2024-05-08,622794,378654,423628
2024-05-09,1138066,819952,1006788
2024-05-10,1069955,751484,1026157
2024-05-11,692083,440223,1012541
2024-05-12,610098,371316,950511
2024-05-13,1151668,870476,562181
2024-05-14,1231919,872663,480637
2024-05-15,1300109,904257,992982
2024-05-16,1214277,858183,1021401
2024-05-17,1034422,760192,1029326
2024-05-18,706298,431624,1039768
2024-05-19,593657,382625,952359
2024-05-20,1189248,851499,567323
2024-05-21,1168697,842350,458601
2024-05-22,1138813,869663,975729
2024-05-23,1210704,859268,997446
2024-05-24,1047517,763815,1034486
2024-05-25,654516,409977,1020838
2024-05-26,631440,382959,926099
2024-05-27,1097170,831080,580734
2024-05-28,1097384,836548,484456
2024-05-29,1276860,873051,976513
2024-05-30,1161884,841932,1029414
2024-05-31,1053824,769234,1056175
2024-06-01,595240,373835,1026437
2024-06-02,491044,334494,963414
2024-06-03,1059414,837795,548134
2024-06-04,1182152,847293,469249
2024-06-05,1157431,862558,978433
2024-06-06,1164475,832032,996061
2024-06-07,1083677,782174,1061761
2024-06-08,663716,436241,1020396
2024-06-09,553228,358627,938614
2024-06-10,1102265,829862,573123
2024-06-11,1187677,844131,472124
2024-06-12,1187101,860434,975436
2024-06-13,1178345,832430,1013510
2024-06-14,1049260,749739,1018431
2024-06-15,626959,410477,1000121
2024-06-16,549105,353313,931242
2024-06-17,1066620,807969,550142
2024-06-18,1125299,832017,496477
2024-06-19,1225192,839168,971531
2024-06-20,1148993,821795,1024433
2024-06-21,1039365,712922,1051294
2024-06-22,578789,405446,1013066
2024-06-23,540892,374739,886037
2024-06-24,1148793,810774,517721
2024-06-25,1137209,824776,463743
2024-06-26,1233874,846169,987037
2024-06-27,1101966,799972,1022321
2024-06-28,1013064,761327,1039813
2024-06-29,532730,434562,1012396
2024-06-30,451362,379849,908106
2024-07-01,895461,683666,452799
2024-07-02,951479,678219,388519
2024-07-03,943584,673280,734032
2024-07-04,847247,596145,711388
2024-07-05,544143,359723,430358
2024-07-06,433926,294254,422896
2024-07-07,447138,281946,572410
2024-07-08,902800,608417,388103
2024-07-09,856006,620684,366720
2024-07-10,845301,598866,797010
2024-07-11,901767,595716,850069
2024-07-12,804511,533638,861416
2024-07-13,524496,342718,841815
2024-07-14,497961,321766,771718
2024-07-15,916026,598781,426822
2024-07-16,932870,620734,390579
2024-07-17,926771,621389,839732
2024-07-18,896978,603131,866248
2024-07-19,774070,541762,870904
2024-07-20,507917,342678,843017
2024-07-21,444524,304713,755511
2024-07-22,896223,584895,481905
2024-07-23,896577,611161,443950
2024-07-24,900001,614574,816607
2024-07-25,888545,612857,853884
2024-07-26,760388,542151,859862
2024-07-27,483406,335889,835539
2024-07-28,433896,311670,749100
2024-07-29,824335,604896,456692
2024-07-30,886129,616522,493793
2024-07-31,850444,601946,829231
2024-08-01,813361,581839,838865
2024-08-02,739006,505837,873045
2024-08-03,558920,344402,845796
2024-08-04,455838,286234,758260
2024-08-05,851323,607220,495542
2024-08-06,913312,609740,512446
2024-08-07,882372,610719,836679
2024-08-08,857602,576618,871402
2024-08-09,787117,553438,862145
2024-08-10,538000,362164,851707
2024-08-11,460376,317108,779084
2024-08-12,825130,602789,530448
2024-08-13,807772,592446,458656
2024-08-14,796814,601996,850382
2024-08-15,813402,574415,892092
2024-08-16,727890,537054,894894
2024-08-17,540980,362360,850302
2024-08-18,396178,291590,771959
2024-08-19,827349,623128,493507
2024-08-20,880792,637036,445780
2024-08-21,883496,649202,832457
2024-08-22,821682,622845,855152
2024-08-23,763367,566983,856986
2024-08-24,524120,348162,832725
2024-08-25,417988,316167,740472
2024-08-26,830234,673778,476349
2024-08-27,949824,699672,426497
2024-08-28,883990,695250,880472
2024-08-29,866750,657559,875591
2024-08-30,765181,614626,906663
2024-08-31,538056,383960,900684
2024-09-01,500330,357626,805689
2024-09-02,1049019,820376,519016
2024-09-03,1077491,822259,452541
2024-09-04,1062672,829456,975592
2024-09-05,1023639,794052,984430
2024-09-06,952653,755825,993637
2024-09-07,556574,422333,967898
2024-09-08,472931,349487,900499
2024-09-09,996282,806791,527154
2024-09-10,1128175,862967,461490
2024-09-11,1061328,829854,954833
2024-09-12,1062840,820718,983150
2024-09-13,862729,695166,993376
2024-09-14,447778,321203,973356
2024-09-15,387191,280640,929991
2024-09-16,1002531,805729,610166
2024-09-17,1137788,855918,498300
2024-09-18,1166883,871528,978948
2024-09-19,1086813,847942,1021720
2024-09-20,1006685,778825,1052580
2024-09-21,575802,475062,1011664
2024-09-22,511105,389805,923709
2024-09-23,1077515,838688,522263
2024-09-24,1076646,838182,437611
2024-09-25,1147001,878664,982623
2024-09-26,1065780,821363,1019357
2024-09-27,1030251,778566,1041332
2024-09-28,557706,362001,496812
2024-09-29,534306,387523,716556
2024-09-30,1113565,877716,460451
2024-10-01,1185879,895160,429982
2024-10-02,1181960,876776,1044124
2024-10-03,1199648,881135,1086125
2024-10-04,1075111,805156,1090862
2024-10-05,630573,393681,1066660
2024-10-06,576116,373490,986116
2024-10-07,1225211,893613,512634
2024-10-08,1243322,890546,459064
2024-10-09,1260037,909610,1038263
2024-10-10,1214044,870510,1089031
2024-10-11,1157772,781994,1103435
2024-10-12,727761,428773,1105095
2024-10-13,590561,360994,1030156
2024-10-14,1178568,886213,618136
2024-10-15,1237582,906701,522676
2024-10-16,1318331,912704,1048035
2024-10-17,1243308,896716,1076000
2024-10-18,1131306,818216,1103059
2024-10-19,685757,427646,1073241
2024-10-20,578240,381020,974567
2024-10-21,1226730,874894,602585
2024-10-22,1239380,907717,490203
2024-10-23,1241714,919633,1009736
2024-10-24,1263256,899112,1050299
2024-10-25,1102876,802506,1064206
2024-10-26,656221,456388,968917
2024-10-27,620871,440218,864796
2024-10-28,616573,411428,520448
2024-10-29,1125892,720473,510721
2024-10-30,1164947,739656,1083017
2024-10-31,1223227,808825,1137014
2024-11-01,1147927,771882,1146227
2024-11-02,717799,442628,1123800
2024-11-03,572104,370012,1060628
2024-11-04,1181891,891492,644070
2024-11-05,1195529,916690,499068
2024-11-06,1214175,910554,1061878
2024-11-07,1248849,894153,1105053
2024-11-08,1139919,841375,1121812
2024-11-09,748479,444678,1073313
2024-11-10,614592,368317,1008929
2024-11-11,1156572,901253,581628
2024-11-12,1269055,925548,487515
2024-11-13,1247568,931390,1034906
2024-11-14,1226111,927282,1062169
2024-11-15,1115768,853271,1088424
2024-11-16,652977,455450,1056086
2024-11-17,594177,360361,604150
2024-11-18,1141556,906803,503248
2024-11-19,1175796,916353,413687
2024-11-20,1229747,928187,1018230
2024-11-21,1203975,908748,1070645
2024-11-22,1091830,837036,1093786
2024-11-23,748617,454416,1088684
2024-11-24,587695,385356,1050279
2024-11-25,1206632,897495,621023
2024-11-26,1278612,899099,504331
2024-11-27,1302667,920655,1022312
2024-11-28,1341376,911930,1106004
2024-11-29,1158622,845378,1107103
2024-11-30,793175,446609,1103328
2024-12-01,632315,368170,1032338
2024-12-02,1262273,892834,692776
2024-12-03,1347402,904736,539686
2024-12-04,1379207,917753,1075107
2024-12-05,1365033,918814,1113791
2024-12-06,1160733,806856,1126861
2024-12-07,808032,466291,1125203
2024-12-08,621447,350050,1046139
2024-12-09,1305871,899176,686358
2024-12-10,1320027,898491,542359
2024-12-11,1407231,926883,1063330
2024-12-12,1392954,912686,1103762
2024-12-13,1283971,847504,1118955
2024-12-14,782192,437461,1116263
2024-12-15,677675,374508,1046749
2024-12-16,1322124,882758,687493
2024-12-17,1382667,897837,561615
2024-12-18,1391512,920595,1082622
2024-12-19,1399767,901137,1108290
2024-12-20,1269785,819459,1104784
2024-12-21,763337,418297,1034197
2024-12-22,659119,368031,836012
2024-12-23,806216,504015,457208
2024-12-24,429275,223325,278036
2024-12-25,426001,206960,289621
2024-12-26,496131,248361,360002
2024-12-27,695758,433759,660108
2024-12-28,620164,339516,669922
2024-12-29,580446,325166,655401
2024-12-30,805698,506997,512106
2024-12-31,683054,426273,457278
2025-01-01,405600,197034,311038
2025-01-02,797646,503889,786097
2025-01-03,881513,573510,969294
2025-01-04,593079,362921,977729
2025-01-05,483936,309552,913134
2025-01-06,1141554,846407,479213
2025-01-07,1155537,844692,399828
2025-01-08,1181592,858461,955125
2025-01-09,1160808,853002,976962
2025-01-10,1079410,798837,995673
2025-01-11,579504,426365,977719
2025-01-12,494681,359232,901736
2025-01-13,1116501,851652,495022
2025-01-14,1169541,840888,407236
2025-01-15,1157943,863832,962014
2025-01-16,1153884,842198,996067
2025-01-17,1113030,775304,1009312
2025-01-18,601261,385425,972290
2025-01-19,506483,328439,919255
2025-01-20,1126490,832038,509075
2025-01-21,1129427,826318,415661
2025-01-22,1174170,841719,936746
2025-01-23,1133630,802487,975472
2025-01-24,1046587,766337,994839
2025-01-25,611539,402764,998084
2025-01-26,496015,338740,920124
2025-01-27,1104839,802497,546248
2025-01-28,1183488,811626,448473
2025-01-29,1170147,832217,956061
2025-01-30,1154601,827198,991874
2025-01-31,953077,635351,1019468
2025-02-01,619352,454182,971219
2025-02-02,516189,377022,828418
2025-02-03,1126998,827319,485298
2025-02-04,1156145,824179,411304
2025-02-05,1162265,838721,847082
2025-02-06,1142800,823850,886883
2025-02-07,1043494,754940,899193
2025-02-08,582487,385560,877894
2025-02-09,537096,346393,806424
2025-02-10,977009,743816,512247
2025-02-11,1013005,762205,406205
2025-02-12,994894,734947,917364
2025-02-13,969498,746102,955661
2025-02-14,939574,689801,987363
2025-02-15,584845,376414,944835
2025-02-16,494144,331880,881379
2025-02-17,1071465,759976,526268
2025-02-18,1129986,759473,482174
2025-02-19,1132385,772719,1037216
2025-02-20,1094842,753031,1042878
2025-02-21,977610,691110,1058729
2025-02-22,622211,407946,1062250
2025-02-23,520300,345174,958955
2025-02-24,1179321,881667,547709
2025-02-25,1223919,891609,404736
2025-02-26,1244672,905399,991781
2025-02-27,1162393,883383,1040958
2025-02-28,1112848,814149,1054695
2025-04-01,1269219,887696,1036133
2025-04-02,1307641,919979,942183
2025-04-03,1268139,922032,536222
2025-04-04,1239036,849809,467225
2025-04-05,723420,445992,1014455
2025-04-06,571242,375927,1036879
2025-04-07,1198916,877530,1061317
2025-04-08,1269282,902833,1068506
2025-04-09,1301158,911596,987646
2025-04-10,1279465,910306,495083
2025-04-11,1244181,827766,417442
2025-04-12,799736,494773,1006232
2025-04-13,661952,421864,1041830
2025-04-14,1276700,897961,1076773
2025-04-15,1326354,908282,1049814
2025-04-16,1391963,928272,984572
2025-04-17,1133819,731103,587045
2025-04-18,597083,346863,505474
2025-04-19,650784,376467,1009299
2025-04-20,614833,353285,1049937
2025-04-21,496768,282771,1066705
2025-04-22,1255130,889910,1037758
2025-04-23,1338586,930404,990027
2025-04-24,1299181,874239,581901
2025-04-25,1141703,806346,477087
2025-04-26,768339,466934,1020018
2025-04-27,648974,388983,1082991
2025-04-28,1247677,903781,1089425
2025-04-29,1302736,911142,930993
2025-04-30,1373042,961672,507602
2025-05-01,725141,463485,475196
2025-05-02,995428,718881,391856
2025-05-03,678093,411647,318060
2025-05-04,552974,362249,1020331
2025-05-05,1176125,874285,1080051
2025-05-06,1235150,895128,1065268
2025-05-07,1252482,908521,1004461
2025-05-08,622850,379270,666939
2025-05-09,911608,624641,518797
2025-05-10,672246,421035,1037014
2025-05-11,603629,373786,1099109
2025-05-12,1202527,899930,1104198
2025-05-13,1271020,896610,1093805
2025-05-14,1293520,925997,1007844
2025-05-15,1276566,877858,606978
2025-05-16,1126351,804176,495024
2025-05-17,732367,447468,1025670
2025-05-18,619700,377862,1078691
2025-05-19,1171310,863967,1099855
2025-05-20,1246733,899026,1068517
2025-05-21,1241625,885570,977001
2025-05-22,1187564,862478,549018
2025-05-23,1183454,808325,477646
2025-05-24,745299,461205,1019165
2025-05-25,569848,357641,1051160
2025-05-26,1153186,858093,1073598
2025-05-27,1239708,887488,1055926
2025-05-28,1217823,865620,964680
2025-05-29,1274252,874093,623210
2025-05-30,1165569,809243,501400
2025-05-31,755440,437984,1050923
2025-06-01,669295,380411,1109740
2025-06-02,1182889,840958,584451
2025-06-03,1237231,872154,1061686
2025-06-04,1228853,873665,974505
2025-06-05,1183877,845547,577519
2025-06-06,1082046,770347,522578
2025-06-07,647372,391531,1003252
2025-06-08,601491,340013,1070662
2025-06-09,1237290,875335,513472
2025-06-10,1277837,875295,1024465
2025-06-11,1303735,882026,982141
2025-06-12,1266727,844121,717828
2025-06-13,1126377,784348,613940
2025-06-14,774963,448338,1083036
2025-06-15,592341,378006,1118747
2025-06-16,1164525,827224,1162719
2025-06-17,1278283,861788,1103501
2025-06-18,1293957,882295,1010848
2025-06-19,1284287,859541,665478
2025-06-20,1139838,772204,554130
2025-06-21,700537,431375,1082009
2025-06-22,591244,370000,1107128
2025-06-23,1131085,811003,1065972
2025-06-24,1229491,855040,1094783
2025-06-25,1285734,870939,955690
2025-06-26,1219256,856340,581091
2025-06-27,1133427,782558,584616
2025-06-28,601526,401626,1030610
2025-06-29,518690,352112,1059977
2025-06-30,943893,661395,1081970
