datum,den,Tramvaje,Autobusy
1.1.2021,pátek,245202,207847
2.1.2021,sobota,251485,221251
3.1.2021,neděle,243140,219564
4.1.2021,pondělí,496796,445864
5.1.2021,úterý,484201,439471
6.1.2021,středa,492332,439127
7.1.2021,čtvrtek,486279,438937
8.1.2021,pátek,486581,415693
9.1.2021,sobota,248398,222932
10.1.2021,neděle,246166,219736
11.1.2021,pondělí,537011,460817
12.1.2021,úterý,542000,467233
13.1.2021,středa,541869,471365
14.1.2021,čtvrtek,569082,457392
15.1.2021,pátek,515857,430912
16.1.2021,sobota,284541,235683
17.1.2021,neděle,271000,233617
18.1.2021,pondělí,505369,450894
19.1.2021,úterý,543784,461287
20.1.2021,středa,565764,485130
21.1.2021,čtvrtek,519642,463849
22.1.2021,pátek,531011,446607
23.1.2021,sobota,282882,242565
24.1.2021,neděle,271892,231925
25.1.2021,pondělí,560721,475927
26.1.2021,úterý,497917,452282
27.1.2021,středa,562105,485540
28.1.2021,čtvrtek,526601,466935
29.1.2021,pátek,484419,394484
30.1.2021,sobota,281053,242770
31.1.2021,neděle,280361,237964
1.2.2021,pondělí,539104,485970
2.2.2021,úterý,557779,467159
3.2.2021,středa,539054,473522
4.2.2021,čtvrtek,562582,491173
5.2.2021,pátek,528983,450438
6.2.2021,sobota,281291,245587
7.2.2021,neděle,278890,236761
8.2.2021,pondělí,536806,496760
9.2.2021,úterý,552965,481204
10.2.2021,středa,579534,486670
11.2.2021,čtvrtek,568213,470610
12.2.2021,pátek,519036,447213
13.2.2021,sobota,289767,248380
14.2.2021,neděle,284107,243335
15.2.2021,pondělí,547620,470548
16.2.2021,úterý,531083,470367
17.2.2021,středa,558389,486325
18.2.2021,čtvrtek,533103,465226
19.2.2021,pátek,510969,446253
20.2.2021,sobota,279195,243163
21.2.2021,neděle,273810,235274
22.2.2021,pondělí,529864,457921
23.2.2021,úterý,544171,455091
24.2.2021,středa,546470,461255
25.2.2021,čtvrtek,524427,448427
26.2.2021,pátek,467748,418633
27.2.2021,sobota,273235,230628
28.2.2021,neděle,272086,228961
1.3.2021,pondělí,445075,383286
2.3.2021,úterý,410421,377333
3.3.2021,středa,453773,381296
4.3.2021,čtvrtek,426299,377236
5.3.2021,pátek,407294,364936
6.3.2021,sobota,226887,190648
7.3.2021,neděle,222538,188667
8.3.2021,pondělí,467005,394080
9.3.2021,úterý,452651,385690
10.3.2021,středa,478535,408420
11.3.2021,čtvrtek,467312,394084
12.3.2021,pátek,451550,393638
13.3.2021,sobota,239268,204210
14.3.2021,neděle,233656,197042
15.3.2021,pondělí,455501,401727
16.3.2021,úterý,461005,400526
17.3.2021,středa,469339,404296
18.3.2021,čtvrtek,450620,406407
19.3.2021,pátek,410459,396130
20.3.2021,sobota,234670,203204
21.3.2021,neděle,230503,202148
22.3.2021,pondělí,499436,425522
23.3.2021,úterý,473397,408755
24.3.2021,středa,499311,425855
25.3.2021,čtvrtek,500812,433788
26.3.2021,pátek,516790,427410
27.3.2021,sobota,258395,216894
28.3.2021,neděle,250406,213705
29.3.2021,pondělí,522718,440619
30.3.2021,úterý,548095,460166
31.3.2021,středa,594107,468185
1.4.2021,čtvrtek,573383,469928
2.4.2021,pátek,0,234964
3.4.2021,sobota,286692,0
4.4.2021,neděle,286692,0
5.4.2021,pondělí,0,0
6.4.2021,úterý,490221,428490
7.4.2021,středa,522072,451147
8.4.2021,čtvrtek,523860,444640
9.4.2021,pátek,526312,447514
10.4.2021,sobota,263156,225574
11.4.2021,neděle,261930,223757
12.4.2021,pondělí,542682,467735
13.4.2021,úterý,595989,489535
14.4.2021,středa,611931,501913
15.4.2021,čtvrtek,592923,494275
16.4.2021,pátek,526556,458686
17.4.2021,sobota,305966,250957
18.4.2021,neděle,297995,247138
19.4.2021,pondělí,577024,497921
20.4.2021,úterý,626897,514625
21.4.2021,středa,627718,522158
22.4.2021,čtvrtek,606412,514732
23.4.2021,pátek,645390,481120
24.4.2021,sobota,322695,261079
25.4.2021,neděle,313859,257366
26.4.2021,pondělí,621352,532073
27.4.2021,úterý,646731,537272
28.4.2021,středa,679611,543292
29.4.2021,čtvrtek,647601,526528
30.4.2021,pátek,644071,504599
1.5.2021,sobota,339806,271646
2.5.2021,neděle,323801,268636
3.5.2021,pondělí,678821,547457
4.5.2021,úterý,654875,548072
5.5.2021,středa,676859,571038
6.5.2021,čtvrtek,667556,540890
7.5.2021,pátek,604675,500513
8.5.2021,sobota,339411,285519
9.5.2021,neděle,338430,274036
10.5.2021,pondělí,761141,595191
11.5.2021,úterý,734186,592632
12.5.2021,středa,703494,568092
13.5.2021,čtvrtek,686922,560793
14.5.2021,pátek,677983,540220
15.5.2021,sobota,380571,297596
16.5.2021,neděle,367093,296316
17.5.2021,pondělí,735582,618187
18.5.2021,úterý,760935,626931
19.5.2021,středa,792663,640499
20.5.2021,čtvrtek,770723,655933
21.5.2021,pátek,710914,607637
22.5.2021,sobota,396332,327967
23.5.2021,neděle,385362,320250
24.5.2021,pondělí,815163,670904
25.5.2021,úterý,778927,670869
26.5.2021,středa,778312,678592
27.5.2021,čtvrtek,800459,671850
28.5.2021,pátek,744473,629994
29.5.2021,sobota,407582,339296
30.5.2021,neděle,400230,335925
31.5.2021,pondělí,795596,695132
1.6.2021,úterý,846660,716912
2.6.2021,středa,840027,725314
3.6.2021,čtvrtek,808321,699876
4.6.2021,pátek,739727,654882
5.6.2021,sobota,423330,362657
6.6.2021,neděle,420014,358456
7.6.2021,pondělí,809025,680210
8.6.2021,úterý,874389,704351
9.6.2021,středa,851703,706726
10.6.2021,čtvrtek,869436,707819
11.6.2021,pátek,777230,644930
12.6.2021,sobota,437195,353910
13.6.2021,neděle,434718,353363
14.6.2021,pondělí,830583,723787
15.6.2021,úterý,864407,727701
16.6.2021,středa,849115,743474
17.6.2021,čtvrtek,819031,694065
18.6.2021,pátek,737682,649885
19.6.2021,sobota,432204,371737
20.6.2021,neděle,424558,363851
21.6.2021,pondělí,784493,664327
22.6.2021,úterý,804590,681142
23.6.2021,středa,870690,702680
24.6.2021,čtvrtek,851544,699217
25.6.2021,pátek,771874,618541
26.6.2021,sobota,435345,351340
27.6.2021,neděle,425772,349609
28.6.2021,pondělí,829732,700618
29.6.2021,úterý,877633,692472
30.6.2021,středa,917199,705885
1.7.2021,čtvrtek,754795,592102
2.7.2021,pátek,658034,504737
3.7.2021,sobota,384945,301972
4.7.2021,neděle,329017,252369
5.7.2021,pondělí,329017,252369
6.7.2021,úterý,377398,296051
7.7.2021,středa,710961,519066
8.7.2021,čtvrtek,669850,509287
9.7.2021,pátek,642538,478815
10.7.2021,sobota,369850,290130
11.7.2021,neděle,362453,284327
12.7.2021,pondělí,734862,549350
13.7.2021,úterý,694962,559877
14.7.2021,středa,729990,549187
15.7.2021,čtvrtek,727708,550699
16.7.2021,pátek,656652,502463
17.7.2021,sobota,364995,279939
18.7.2021,neděle,363854,275350
19.7.2021,pondělí,684725,555962
20.7.2021,úterý,701023,568850
21.7.2021,středa,696257,582860
22.7.2021,čtvrtek,681578,552562
23.7.2021,pátek,626724,505104
24.7.2021,sobota,350512,291430
25.7.2021,neděle,348129,284425
26.7.2021,pondělí,647386,543010
27.7.2021,úterý,681888,552056
28.7.2021,středa,679833,552003
29.7.2021,čtvrtek,694094,554710
30.7.2021,pátek,641730,502359
31.7.2021,sobota,347047,277355
1.8.2021,neděle,340944,276028
2.8.2021,pondělí,637318,545628
3.8.2021,úterý,677797,554396
4.8.2021,středa,685800,556374
5.8.2021,čtvrtek,643895,528725
6.8.2021,pátek,635770,499735
7.8.2021,sobota,342900,278187
8.8.2021,neděle,338899,277198
9.8.2021,pondělí,656755,553420
10.8.2021,úterý,658067,581748
11.8.2021,středa,680456,585791
12.8.2021,čtvrtek,664373,552398
13.8.2021,pátek,608411,517111
14.8.2021,sobota,340228,292896
15.8.2021,neděle,332187,290874
16.8.2021,pondělí,683842,533819
17.8.2021,úterý,752377,556191
18.8.2021,středa,712290,579380
19.8.2021,čtvrtek,727541,548631
20.8.2021,pátek,665883,497898
21.8.2021,sobota,376189,289690
22.8.2021,neděle,363771,278096
23.8.2021,pondělí,687629,565897
24.8.2021,úterý,711264,567671
25.8.2021,středa,758926,609923
26.8.2021,čtvrtek,714868,575390
27.8.2021,pátek,663928,544099
28.8.2021,sobota,379463,304962
29.8.2021,neděle,357434,283836
30.8.2021,pondělí,782596,620876
31.8.2021,úterý,758882,622385
1.9.2021,středa,907024,736651
2.9.2021,čtvrtek,903830,735057
3.9.2021,pátek,828889,678048
4.9.2021,sobota,453512,368326
5.9.2021,neděle,451915,367529
6.9.2021,pondělí,836181,726226
7.9.2021,úterý,912080,730132
8.9.2021,středa,948135,736862
9.9.2021,čtvrtek,861525,726241
10.9.2021,pátek,811661,675844
11.9.2021,sobota,474068,368431
12.9.2021,neděle,456040,365066
13.9.2021,pondělí,882207,737418
14.9.2021,úterý,863122,748694
15.9.2021,středa,950434,754073
16.9.2021,čtvrtek,909273,714301
17.9.2021,pátek,834603,696291
18.9.2021,sobota,475217,377037
19.9.2021,neděle,454637,374347
20.9.2021,pondělí,944534,739027
21.9.2021,úterý,976139,730624
22.9.2021,středa,991520,766976
23.9.2021,čtvrtek,944231,767018
24.9.2021,pátek,864943,689262
25.9.2021,sobota,495760,383509
26.9.2021,neděle,488070,383488
27.9.2021,pondělí,724330,580376
28.9.2021,úterý,495760,383509
29.9.2021,středa,1067291,781816
30.9.2021,čtvrtek,1006767,791009
1.10.2021,pátek,928355,741228
2.10.2021,sobota,0,0
3.10.2021,neděle,0,0
4.10.2021,pondělí,1005738,798381
5.10.2021,úterý,986248,805956
6.10.2021,středa,1042811,825935
7.10.2021,čtvrtek,1010041,794789
8.10.2021,pátek,962457,778441
9.10.2021,sobota,521406,412968
10.10.2021,neděle,505021,402978
11.10.2021,pondělí,968516,793385
12.10.2021,úterý,985187,795524
13.10.2021,středa,1017790,792631
14.10.2021,čtvrtek,1003016,808691
15.10.2021,pátek,955080,746267
16.10.2021,sobota,508895,404346
17.10.2021,neděle,501508,397762
18.10.2021,pondělí,968153,787209
19.10.2021,úterý,953398,794901
20.10.2021,středa,1036349,827626
21.10.2021,čtvrtek,1012377,775337
22.10.2021,pátek,936394,738183
23.10.2021,sobota,518175,413813
24.10.2021,neděle,506189,397451
25.10.2021,pondělí,886103,726809
26.10.2021,úterý,914963,743495
27.10.2021,středa,928318,690188
28.10.2021,čtvrtek,464159,390094
29.10.2021,pátek,712776,630783
30.10.2021,sobota,457482,416748
31.10.2021,neděle,464159,408405
1.11.2021,pondělí,906464,782326
2.11.2021,úterý,986964,797260
3.11.2021,středa,975522,808979
4.11.2021,čtvrtek,973749,775322
5.11.2021,pátek,885024,737577
6.11.2021,sobota,493482,404490
7.11.2021,neděle,487761,398630
8.11.2021,pondělí,949038,773003
9.11.2021,úterý,967201,779960
10.11.2021,středa,1039764,796920
11.11.2021,čtvrtek,1031709,775248
12.11.2021,pátek,840759,719396
13.11.2021,sobota,519882,398460
14.11.2021,neděle,515855,389980
15.11.2021,pondělí,990343,763072
16.11.2021,úterý,963811,760051
17.11.2021,středa,495172,381536
18.11.2021,čtvrtek,902421,733177
19.11.2021,pátek,823699,678292
20.11.2021,sobota,495172,381536
21.11.2021,neděle,481906,380026
22.11.2021,pondělí,922657,745363
23.11.2021,úterý,941875,757229
24.11.2021,středa,958474,749565
25.11.2021,čtvrtek,963217,740877
26.11.2021,pátek,875609,689836
27.11.2021,sobota,481609,378615
28.11.2021,neděle,479237,374783
29.11.2021,pondělí,921233,728742
30.11.2021,úterý,918432,715222
1.12.2021,středa,921628,725184
2.12.2021,čtvrtek,934575,711675
3.12.2021,pátek,849220,690687
4.12.2021,sobota,467288,364371
5.12.2021,neděle,460814,362592
6.12.2021,pondělí,943856,738201
7.12.2021,úterý,926907,738416
8.12.2021,středa,979210,754374
9.12.2021,čtvrtek,916413,747379
10.12.2021,pátek,857940,721066
11.12.2021,sobota,489605,377187
12.12.2021,neděle,471928,373690
13.12.2021,pondělí,990270,754644
14.12.2021,úterý,986428,758397
15.12.2021,středa,1012435,776550
16.12.2021,čtvrtek,1019036,762520
17.12.2021,pátek,975856,735184
18.12.2021,sobota,509518,388275
19.12.2021,neděle,506218,381260
20.12.2021,pondělí,962223,744390
21.12.2021,úterý,996519,695978
22.12.2021,středa,933825,653738
23.12.2021,čtvrtek,663047,456474
24.12.2021,pátek,498260,372195
25.12.2021,sobota,466913,326869
26.12.2021,neděle,481112,347989
27.12.2021,pondělí,531493,386352
28.12.2021,úterý,549957,405628
29.12.2021,středa,559932,418271
30.12.2021,čtvrtek,557592,415495
31.12.2021,pátek,468959,338590
1.1.2022,sobota,255795,154065
2.1.2022,neděle,340261,251383
3.1.2022,pondělí,838130,670975
4.1.2022,úterý,838522,672062
5.1.2022,středa,867758,700671
6.1.2022,čtvrtek,885326,694319
7.1.2022,pátek,827352,650447
8.1.2022,sobota,388986,288404
9.1.2022,neděle,341307,258618
10.1.2022,pondělí,871216,685351
11.1.2022,úterý,856924,682469
12.1.2022,středa,874267,697489
13.1.2022,čtvrtek,886408,677427
14.1.2022,pátek,825380,644743
15.1.2022,sobota,409327,306911
16.1.2022,neděle,328012,253468
17.1.2022,pondělí,797371,660617
18.1.2022,úterý,804501,651426
19.1.2022,středa,768046,636729
20.1.2022,čtvrtek,769953,630995
21.1.2022,pátek,706609,581614
22.1.2022,sobota,385139,293801
23.1.2022,neděle,328844,252829
24.1.2022,pondělí,779294,625953
25.1.2022,úterý,795651,630352
26.1.2022,středa,776363,632727
27.1.2022,čtvrtek,777913,617229
28.1.2022,pátek,677058,563643
29.1.2022,sobota,371083,275640
30.1.2022,neděle,322153,230602
31.1.2022,pondělí,777882,644538
1.2.2022,úterý,810448,638840
2.2.2022,středa,870378,649657
3.2.2022,čtvrtek,787042,630949
4.2.2022,pátek,696637,524157
5.2.2022,sobota,422400,301060
6.2.2022,neděle,339442,252045
7.2.2022,pondělí,853345,671736
8.2.2022,úterý,871663,690515
9.2.2022,středa,885857,704290
10.2.2022,čtvrtek,880904,709085
11.2.2022,pátek,799234,654911
12.2.2022,sobota,465423,340279
13.2.2022,neděle,440659,316778
14.2.2022,pondělí,956834,762515
15.2.2022,úterý,957013,723632
16.2.2022,středa,958977,753816
17.2.2022,čtvrtek,917109,689899
18.2.2022,pátek,900199,687193
19.2.2022,sobota,493701,342428
20.2.2022,neděle,406528,296488
21.2.2022,pondělí,968378,748707
22.2.2022,úterý,1032764,765116
23.2.2022,středa,1023661,773410
24.2.2022,čtvrtek,1022629,761505
25.2.2022,pátek,874939,710711
26.2.2022,sobota,492559,334530
27.2.2022,neděle,471777,313990
28.2.2022,pondělí,1012210,784602
1.3.2022,úterý,1055759,804301
2.3.2022,středa,1057975,808856
3.3.2022,čtvrtek,1036491,788467
4.3.2022,pátek,928198,726440
5.3.2022,sobota,497901,354290
6.3.2022,neděle,450689,325520
7.3.2022,pondělí,952534,715560
8.3.2022,úterý,1003491,745602
9.3.2022,středa,1017163,755384
10.3.2022,čtvrtek,984304,748696
11.3.2022,pátek,916377,686301
12.3.2022,sobota,517819,389849
13.3.2022,neděle,505477,360146
14.3.2022,pondělí,1014191,748489
15.3.2022,úterý,997420,736329
16.3.2022,středa,1029440,753457
17.3.2022,čtvrtek,997420,745909
18.3.2022,pátek,939843,700272
19.3.2022,sobota,564660,398006
20.3.2022,neděle,518775,368913
21.3.2022,pondělí,1042534,840796
22.3.2022,úterý,1073398,851941
23.3.2022,středa,1134614,875063
24.3.2022,čtvrtek,1085254,846277
25.3.2022,pátek,1020174,791112
26.3.2022,sobota,627760,442946
27.3.2022,neděle,550109,386970
28.3.2022,pondělí,1093920,838526
29.3.2022,úterý,1066156,844518
30.3.2022,středa,1055131,843531
31.3.2022,čtvrtek,1056817,827673
1.4.2022,pátek,950914,774322
2.4.2022,sobota,545212,386132
3.4.2022,neděle,482086,344765
4.4.2022,pondělí,1004143,851628
5.4.2022,úterý,1096762,828370
6.4.2022,středa,1121905,877637
7.4.2022,čtvrtek,1111542,848841
8.4.2022,pátek,1017237,793561
9.4.2022,sobota,558569,403665
10.4.2022,neděle,511142,372156
11.4.2022,pondělí,1160983,866403
12.4.2022,úterý,1153350,890347
13.4.2022,středa,1201230,883380
14.4.2022,čtvrtek,1011302,739959
15.4.2022,pátek,589017,435217
16.4.2022,sobota,563671,375459
17.4.2022,neděle,566457,365015
18.4.2022,pondělí,422346,287735
19.4.2022,úterý,1031213,831017
20.4.2022,středa,1099359,892165
21.4.2022,čtvrtek,1120443,875267
22.4.2022,pátek,1070446,812960
23.4.2022,sobota,686317,478944
24.4.2022,neděle,449493,315143
25.4.2022,pondělí,1009977,842922
26.4.2022,úterý,1086742,877416
27.4.2022,středa,1124336,892874
28.4.2022,čtvrtek,1119325,899052
29.4.2022,pátek,1038875,826547
30.4.2022,sobota,665527,461827
1.5.2022,neděle,581654,379985
2.5.2022,pondělí,1121580,868676
3.5.2022,úterý,1174715,873364
4.5.2022,středa,1160276,885976
5.5.2022,čtvrtek,1091837,862022
6.5.2022,pátek,1015532,815177
7.5.2022,sobota,632058,455593
8.5.2022,neděle,539075,364893
9.5.2022,pondělí,1088932,862840
10.5.2022,úterý,1104081,880940
11.5.2022,středa,1184730,888529
12.5.2022,čtvrtek,1142301,866686
13.5.2022,pátek,1050606,819087
14.5.2022,sobota,708339,469609
15.5.2022,neděle,613741,428693
16.5.2022,pondělí,1148083,881323
17.5.2022,úterý,1116099,859133
18.5.2022,středa,1173782,889945
19.5.2022,čtvrtek,1150987,869764
20.5.2022,pátek,1028666,784342
21.5.2022,sobota,694837,441251
22.5.2022,neděle,617834,392819
23.5.2022,pondělí,1078439,847349
24.5.2022,úterý,1104164,840828
25.5.2022,středa,1209584,875739
26.5.2022,čtvrtek,1167047,855952
27.5.2022,pátek,1037288,754017
28.5.2022,sobota,688083,417194
29.5.2022,neděle,501382,349167
30.5.2022,pondělí,1053791,849025
31.5.2022,úterý,1105520,862634
1.6.2022,středa,1159080,889266
2.6.2022,čtvrtek,1090212,859933
3.6.2022,pátek,1027479,763682
4.6.2022,sobota,625731,427714
5.6.2022,neděle,592216,410975
6.6.2022,pondělí,1144851,869323
7.6.2022,úterý,1091735,822648
8.6.2022,středa,1187456,879277
9.6.2022,čtvrtek,1157840,839659
10.6.2022,pátek,1129656,806591
11.6.2022,sobota,694344,444876
12.6.2022,neděle,569425,394559
13.6.2022,pondělí,1041780,816887
14.6.2022,úterý,1089615,865870
15.6.2022,středa,1162801,873664
16.6.2022,čtvrtek,1093909,838632
17.6.2022,pátek,1026375,780095
18.6.2022,sobota,550162,430998
19.6.2022,neděle,456100,360784
20.6.2022,pondělí,1004354,812455
21.6.2022,úterý,1148763,864106
22.6.2022,středa,1151164,883514
23.6.2022,čtvrtek,1073183,848987
24.6.2022,pátek,939735,731065
25.6.2022,sobota,507949,358051
26.6.2022,neděle,754727,394658
27.6.2022,pondělí,1022810,805487
28.6.2022,úterý,1075128,837644
29.6.2022,středa,1053870,818908
30.6.2022,čtvrtek,1059757,842331
1.7.2022,pátek,786008,600843
2.7.2022,sobota,522057,369976
3.7.2022,neděle,458383,323838
4.7.2022,pondělí,711760,534850
5.7.2022,úterý,485144,356371
6.7.2022,středa,494734,350130
7.7.2022,čtvrtek,769425,561934
8.7.2022,pátek,715630,543557
9.7.2022,sobota,469241,340616
10.7.2022,neděle,460646,323698
11.7.2022,pondělí,903086,666248
12.7.2022,úterý,948434,661567
13.7.2022,středa,924228,662307
14.7.2022,čtvrtek,888867,629419
15.7.2022,pátek,838640,600853
16.7.2022,sobota,546925,362347
17.7.2022,neděle,471281,338820
18.7.2022,pondělí,895719,647925
19.7.2022,úterý,884036,632535
20.7.2022,středa,823660,619677
21.7.2022,čtvrtek,844025,598865
22.7.2022,pátek,780092,567642
23.7.2022,sobota,501211,341174
24.7.2022,neděle,476465,339495
25.7.2022,pondělí,816907,603991
26.7.2022,úterý,875476,625270
27.7.2022,středa,896834,639964
28.7.2022,čtvrtek,873100,624171
29.7.2022,pátek,782249,568700
30.7.2022,sobota,471843,321487
31.7.2022,neděle,512335,342638
1.8.2022,pondělí,850692,624577
2.8.2022,úterý,868127,629607
3.8.2022,středa,883773,633828
4.8.2022,čtvrtek,850306,597447
5.8.2022,pátek,746225,531140
6.8.2022,sobota,550031,353473
7.8.2022,neděle,531541,350365
8.8.2022,pondělí,865597,630548
9.8.2022,úterý,871813,638689
10.8.2022,středa,905858,648997
11.8.2022,čtvrtek,872938,628352
12.8.2022,pátek,824501,582468
13.8.2022,sobota,576094,366767
14.8.2022,neděle,530184,339205
15.8.2022,pondělí,865260,635467
16.8.2022,úterý,902006,636796
17.8.2022,středa,907303,632524
18.8.2022,čtvrtek,906898,598703
19.8.2022,pátek,808512,571627
20.8.2022,sobota,459136,301780
21.8.2022,neděle,541857,343459
22.8.2022,pondělí,882552,617639
23.8.2022,úterý,876494,604197
24.8.2022,středa,995510,656867
25.8.2022,čtvrtek,956216,651922
26.8.2022,pátek,801888,568421
27.8.2022,sobota,548084,355522
28.8.2022,neděle,513110,340749
29.8.2022,pondělí,949887,682910
30.8.2022,úterý,949465,702062
31.8.2022,středa,1000472,710473
1.9.2022,čtvrtek,1059994,811832
2.9.2022,pátek,992768,764111
3.9.2022,sobota,610895,406601
4.9.2022,neděle,493961,375069
5.9.2022,pondělí,1063306,834821
6.9.2022,úterý,1106741,826610
7.9.2022,středa,1023044,827677
8.9.2022,čtvrtek,1059187,808828
9.9.2022,pátek,945918,759916
10.9.2022,sobota,592886,416274
11.9.2022,neděle,475871,365692
12.9.2022,pondělí,1027699,824776
13.9.2022,úterý,1067714,832971
14.9.2022,středa,1003527,808780
15.9.2022,čtvrtek,1079613,809706
16.9.2022,pátek,976932,765492
17.9.2022,sobota,590696,402138
18.9.2022,neděle,514353,352435
19.9.2022,pondělí,1082843,831268
20.9.2022,úterý,1114014,846926
21.9.2022,středa,1165810,863041
22.9.2022,čtvrtek,1103657,838912
23.9.2022,pátek,1060408,791063
24.9.2022,sobota,633679,434701
25.9.2022,neděle,514870,381358
26.9.2022,pondělí,1057787,849661
27.9.2022,úterý,1105657,853641
28.9.2022,středa,515812,349980
29.9.2022,čtvrtek,1041256,832155
30.9.2022,pátek,996512,760911
1.10.2022,sobota,539365,398860
2.10.2022,neděle,504866,380859
3.10.2022,pondělí,1129664,910917
4.10.2022,úterý,1180808,894803
5.10.2022,středa,1172125,916907
6.10.2022,čtvrtek,1178418,890068
7.10.2022,pátek,1076141,825242
8.10.2022,sobota,590328,436664
9.10.2022,neděle,564313,401630
10.10.2022,pondělí,1175377,904126
11.10.2022,úterý,1225419,903639
12.10.2022,středa,1210799,923026
13.10.2022,čtvrtek,1242793,915150
14.10.2022,pátek,1156579,830549
15.10.2022,sobota,691433,427094
16.10.2022,neděle,623329,405416
17.10.2022,pondělí,1193094,915553
18.10.2022,úterý,1187291,890958
19.10.2022,středa,1239553,927999
20.10.2022,čtvrtek,1176943,915790
21.10.2022,pátek,1089245,832050
22.10.2022,sobota,568939,405847
23.10.2022,neděle,529703,407855
24.10.2022,pondělí,948262,789872
25.10.2022,úterý,994376,796010
26.10.2022,středa,1051410,778088
27.10.2022,čtvrtek,1000184,738389
28.10.2022,pátek,603370,377444
29.10.2022,sobota,626577,408616
30.10.2022,neděle,620623,395322
31.10.2022,pondělí,1215490,936899
1.11.2022,úterý,1184562,928815
2.11.2022,středa,1221793,952878
3.11.2022,čtvrtek,1215797,922957
4.11.2022,pátek,1042132,820441
5.11.2022,sobota,631463,450088
6.11.2022,neděle,553330,403126
7.11.2022,pondělí,1160472,922947
8.11.2022,úterý,1266074,946212
9.11.2022,středa,1242370,945345
10.11.2022,čtvrtek,1230179,940838
11.11.2022,pátek,1137433,855434
12.11.2022,sobota,647764,443549
13.11.2022,neděle,502343,367175
14.11.2022,pondělí,1133880,924657
15.11.2022,úterý,1197628,929953
16.11.2022,středa,1231137,926842
17.11.2022,čtvrtek,663440,474442
18.11.2022,pátek,920563,718950
19.11.2022,sobota,621588,456891
20.11.2022,neděle,509787,411814
21.11.2022,pondělí,1147434,918517
22.11.2022,úterý,1139038,909934
23.11.2022,středa,1229352,935939
24.11.2022,čtvrtek,1170765,914976
25.11.2022,pátek,1151404,878237
26.11.2022,sobota,732019,454987
27.11.2022,neděle,580976,405952
28.11.2022,pondělí,1145662,916959
29.11.2022,úterý,1160609,921510
30.11.2022,středa,1175010,943507
1.12.2022,čtvrtek,1118986,897556
2.12.2022,pátek,1064630,845011
3.12.2022,sobota,673707,441318
4.12.2022,neděle,543277,377632
5.12.2022,pondělí,1132931,925927
6.12.2022,úterý,1167895,897192
7.12.2022,středa,1212927,923660
8.12.2022,čtvrtek,1231299,904060
9.12.2022,pátek,1098010,822206
10.12.2022,sobota,693785,433788
11.12.2022,neděle,588944,368804
12.12.2022,pondělí,1166368,893044
13.12.2022,úterý,1177001,905633
14.12.2022,středa,1187630,911457
15.12.2022,čtvrtek,1168730,901241
16.12.2022,pátek,1099249,813840
17.12.2022,sobota,689071,435726
18.12.2022,neděle,565902,367677
19.12.2022,pondělí,1234921,858113
20.12.2022,úterý,1140568,848526
21.12.2022,středa,1111860,822647
22.12.2022,čtvrtek,1022438,750573
23.12.2022,pátek,772315,534162
24.12.2022,sobota,347737,210587
25.12.2022,neděle,380798,203567
26.12.2022,pondělí,395786,232244
27.12.2022,úterý,682679,456962
28.12.2022,středa,738360,489470
29.12.2022,čtvrtek,768130,512018
30.12.2022,pátek,752140,497105
31.12.2022,sobota,543159,352493
1.1.2023,neděle,399548,225393
2.1.2023,pondělí,903741,718920
3.1.2023,úterý,1050805,820582
4.1.2023,středa,1112361,839213
5.1.2023,čtvrtek,1147624,834830
6.1.2023,pátek,1043916,787625
7.1.2023,sobota,645188,403904
8.1.2023,neděle,492284,342830
9.1.2023,pondělí,1091700,859586
10.1.2023,úterý,1170333,863278
11.1.2023,středa,1166652,881287
12.1.2023,čtvrtek,1148930,874795
13.1.2023,pátek,1075511,825620
14.1.2023,sobota,611819,435965
15.1.2023,neděle,462516,349134
16.1.2023,pondělí,1043853,876359
17.1.2023,úterý,1095685,871504
18.1.2023,středa,1079820,871955
19.1.2023,čtvrtek,1131711,858799
20.1.2023,pátek,1013711,795814
21.1.2023,sobota,582793,401367
22.1.2023,neděle,460360,343181
23.1.2023,pondělí,1064118,856362
24.1.2023,úterý,1049786,858723
25.1.2023,středa,1069600,881273
26.1.2023,čtvrtek,1074218,854759
27.1.2023,pátek,1021069,819148
28.1.2023,sobota,559020,408292
29.1.2023,neděle,472440,340058
30.1.2023,pondělí,1013147,841222
31.1.2023,úterý,1091871,861533
1.2.2023,středa,1115542,854338
2.2.2023,čtvrtek,1102084,822337
3.2.2023,pátek,845686,648904
4.2.2023,sobota,549674,386245
5.2.2023,neděle,477137,349215
6.2.2023,pondělí,929408,749516
7.2.2023,úterý,965180,763402
8.2.2023,středa,1031427,776564
9.2.2023,čtvrtek,1001377,759670
10.2.2023,pátek,883103,714376
11.2.2023,sobota,547612,399898
12.2.2023,neděle,477934,348971
13.2.2023,pondělí,1109280,882800
14.2.2023,úterý,1125515,906760
15.2.2023,středa,1162261,887399
16.2.2023,čtvrtek,1194680,891155
17.2.2023,pátek,1000052,820699
18.2.2023,sobota,668200,443808
19.2.2023,neděle,514586,346794
20.2.2023,pondělí,1128806,880152
21.2.2023,úterý,1155331,909534
22.2.2023,středa,1209246,918040
23.2.2023,čtvrtek,1150947,905933
24.2.2023,pátek,1064310,826135
25.2.2023,sobota,645325,411388
26.2.2023,neděle,491983,356549
27.2.2023,pondělí,1144232,892129
28.2.2023,úterý,1173420,909964
1.3.2023,středa,1186263,917640
2.3.2023,čtvrtek,1104634,905813
3.3.2023,pátek,1040602,833335
4.3.2023,sobota,668770,425217
5.3.2023,neděle,513428,351327
6.3.2023,pondělí,1088924,879834
7.3.2023,úterý,1148343,882986
8.3.2023,středa,1166905,913181
9.3.2023,čtvrtek,1117299,877840
10.3.2023,pátek,1031011,813050
11.3.2023,sobota,590784,401069
12.3.2023,neděle,494151,375645
13.3.2023,pondělí,945310,791734
14.3.2023,úterý,1026733,800946
15.3.2023,středa,1017286,821162
16.3.2023,čtvrtek,1077515,812700
17.3.2023,pátek,985614,765781
18.3.2023,sobota,670642,452456
19.3.2023,neděle,534047,402278
20.3.2023,pondělí,1121971,888521
21.3.2023,úterý,1098624,905116
22.3.2023,středa,1200137,937550
23.3.2023,čtvrtek,1113337,911246
24.3.2023,pátek,1082415,856513
25.3.2023,sobota,680451,461914
26.3.2023,neděle,483642,394255
27.3.2023,pondělí,1061084,873943
28.3.2023,úterý,1117600,883148
29.3.2023,středa,1143536,927667
30.3.2023,čtvrtek,1118620,886808
31.3.2023,pátek,1062074,847486
1.4.2023,sobota,711071,455853
2.4.2023,neděle,552465,365666
3.4.2023,pondělí,1171679,908269
4.4.2023,úterý,1242451,918140
5.4.2023,středa,1273591,948106
6.4.2023,čtvrtek,1045437,744236
7.4.2023,pátek,689365,471155
8.4.2023,sobota,629953,400723
9.4.2023,neděle,584090,376165
10.4.2023,pondělí,584100,370780
11.4.2023,úterý,1177623,881915
12.4.2023,středa,1280378,951290
13.4.2023,čtvrtek,1229948,911284
14.4.2023,pátek,1115000,825507
15.4.2023,sobota,704000,442782
16.4.2023,neděle,599558,398092
17.4.2023,pondělí,1128126,888358
18.4.2023,úterý,1143624,919046
19.4.2023,středa,1191610,954432
20.4.2023,čtvrtek,1127865,917974
21.4.2023,pátek,1121614,862708
22.4.2023,sobota,764631,496597
23.4.2023,neděle,518781,380327
24.4.2023,pondělí,1128613,898175
25.4.2023,úterý,1192955,914436
26.4.2023,středa,1201054,935335
27.4.2023,čtvrtek,1216310,913530
28.4.2023,pátek,1065691,828608
29.4.2023,sobota,626816,452751
30.4.2023,neděle,670454,451063
1.5.2023,pondělí,696353,435693
2.5.2023,úterý,1225598,898353
3.5.2023,středa,1300020,949958
4.5.2023,čtvrtek,1155607,905399
5.5.2023,pátek,1124872,826222
6.5.2023,sobota,619496,416354
7.5.2023,neděle,549461,410597
8.5.2023,pondělí,557085,375260
9.5.2023,úterý,1209066,902240
10.5.2023,středa,1210491,929423
11.5.2023,čtvrtek,1204521,920419
12.5.2023,pátek,1152907,861645
13.5.2023,sobota,676422,457510
14.5.2023,neděle,586312,403451
15.5.2023,pondělí,1152766,864303
16.5.2023,úterý,1299183,892609
17.5.2023,středa,1251488,909689
18.5.2023,čtvrtek,1224164,898636
19.5.2023,pátek,1175235,826091
20.5.2023,sobota,823732,479492
21.5.2023,neděle,688247,440000
22.5.2023,pondělí,1155664,880928
23.5.2023,úterý,1238737,876801
24.5.2023,středa,1240961,925110
25.5.2023,čtvrtek,1267338,911810
26.5.2023,pátek,1096334,825095
27.5.2023,sobota,818296,474758
28.5.2023,neděle,615714,401913
29.5.2023,pondělí,1178736,872393
30.5.2023,úterý,1292173,880968
31.5.2023,středa,1316891,913923
1.6.2023,čtvrtek,1276625,898841
2.6.2023,pátek,1125544,829593
3.6.2023,sobota,741520,458403
4.6.2023,neděle,595340,400359
5.6.2023,pondělí,1117970,843998
6.6.2023,úterý,1239147,867473
7.6.2023,středa,1365032,892463
8.6.2023,čtvrtek,1237381,879185
9.6.2023,pátek,1125685,807596
10.6.2023,sobota,747086,437932
11.6.2023,neděle,616173,397287
12.6.2023,pondělí,1221593,859020
13.6.2023,úterý,1191897,872954
14.6.2023,středa,1254619,897931
15.6.2023,čtvrtek,1327995,875124
16.6.2023,pátek,1130058,813191
17.6.2023,sobota,644606,434166
18.6.2023,neděle,620923,402143
19.6.2023,pondělí,1133443,857503
20.6.2023,úterý,1160119,867931
21.6.2023,středa,1230311,853159
22.6.2023,čtvrtek,1174821,833046
23.6.2023,pátek,1049250,756663
24.6.2023,sobota,711158,426047
25.6.2023,neděle,571519,382470
26.6.2023,pondělí,1167863,830515
27.6.2023,úterý,1212216,854438
28.6.2023,středa,1258405,878197
29.6.2023,čtvrtek,1224105,868919
30.6.2023,pátek,1064308,795558
1.7.2023,sobota,599167,404796
2.7.2023,neděle,540235,375207
3.7.2023,pondělí,882623,668554
4.7.2023,úterý,877091,643476
5.7.2023,středa,558995,400021
6.7.2023,čtvrtek,562450,420525
7.7.2023,pátek,727013,523077
8.7.2023,sobota,545347,375318
9.7.2023,neděle,479840,345889
10.7.2023,pondělí,855108,625492
11.7.2023,úterý,988440,635315
12.7.2023,středa,976092,650059
13.7.2023,čtvrtek,916277,645252
14.7.2023,pátek,840728,598449
15.7.2023,sobota,506870,358435
16.7.2023,neděle,491547,337883
17.7.2023,pondělí,875356,648011
18.7.2023,úterý,936946,667482
19.7.2023,středa,969441,664274
20.7.2023,čtvrtek,833346,641648
21.7.2023,pátek,863845,590945
22.7.2023,sobota,580452,366551
23.7.2023,neděle,510247,335972
24.7.2023,pondělí,882698,628003
25.7.2023,úterý,899645,623047
26.7.2023,středa,931734,656318
27.7.2023,čtvrtek,912963,639964
28.7.2023,pátek,812958,577519
29.7.2023,sobota,600822,358726
30.7.2023,neděle,527530,332203
31.7.2023,pondělí,874952,641577
1.8.2023,úterý,904250,622276
2.8.2023,středa,908124,652971
3.8.2023,čtvrtek,936145,648842
4.8.2023,pátek,832539,602049
5.8.2023,sobota,542194,344841
6.8.2023,neděle,491862,340261
7.8.2023,pondělí,963104,633663
8.8.2023,úterý,959273,666625
9.8.2023,středa,903509,633779
10.8.2023,čtvrtek,1000760,671877
11.8.2023,pátek,807815,589547
12.8.2023,sobota,626758,379718
13.8.2023,neděle,539142,346646
14.8.2023,pondělí,915660,638535
15.8.2023,úterý,898859,645873
16.8.2023,středa,868995,647633
17.8.2023,čtvrtek,869428,624386
18.8.2023,pátek,805123,579787
19.8.2023,sobota,554566,363933
20.8.2023,neděle,506367,346474
21.8.2023,pondělí,930516,620585
22.8.2023,úterý,921888,623313
23.8.2023,středa,938438,652723
24.8.2023,čtvrtek,936593,635143
25.8.2023,pátek,828126,569329
26.8.2023,sobota,574195,356564
27.8.2023,neděle,478211,313540
28.8.2023,pondělí,862377,648737
29.8.2023,úterý,1011704,672319
30.8.2023,středa,1041694,702618
31.8.2023,čtvrtek,1094128,695332
1.9.2023,pátek,953525,647163
2.9.2023,sobota,663636,400470
3.9.2023,neděle,562678,383218
4.9.2023,pondělí,1153039,875419
5.9.2023,úterý,1157515,871840
6.9.2023,středa,1166602,872520
7.9.2023,čtvrtek,1153742,842956
8.9.2023,pátek,1047470,793150
9.9.2023,sobota,662758,437719
10.9.2023,neděle,599328,372547
11.9.2023,pondělí,1112715,850984
12.9.2023,úterý,1130467,856886
13.9.2023,středa,1179736,857129
14.9.2023,čtvrtek,1153163,854006
15.9.2023,pátek,1108098,805592
16.9.2023,sobota,728736,470084
17.9.2023,neděle,617800,400575
18.9.2023,pondělí,1167306,864736
19.9.2023,úterý,1201340,877128
20.9.2023,středa,1230823,905642
21.9.2023,čtvrtek,1252521,880906
22.9.2023,pátek,1095813,790201
23.9.2023,sobota,731445,457211
24.9.2023,neděle,618204,398048
25.9.2023,pondělí,1196801,882525
26.9.2023,úterý,1264610,899279
27.9.2023,středa,1246885,923211
28.9.2023,čtvrtek,672883,391822
29.9.2023,pátek,856409,649930
30.9.2023,sobota,682681,396602
1.10.2023,neděle,611407,365076
2.10.2023,pondělí,1213670,936347
3.10.2023,úterý,1339493,936573
4.10.2023,středa,1292408,950170
5.10.2023,čtvrtek,1267094,949102
6.10.2023,pátek,1224270,869546
7.10.2023,sobota,739420,456275
8.10.2023,neděle,547417,381530
9.10.2023,pondělí,1229669,909765
10.10.2023,úterý,1314508,934020
11.10.2023,středa,1319509,962941
12.10.2023,čtvrtek,1288481,925318
13.10.2023,pátek,1177745,868232
14.10.2023,sobota,776342,440242
15.10.2023,neděle,643977,403977
16.10.2023,pondělí,1255104,932945
17.10.2023,úterý,1264598,944153
18.10.2023,středa,1350884,962873
19.10.2023,čtvrtek,1206995,939628
20.10.2023,pátek,1151912,844342
21.10.2023,sobota,741978,493179
22.10.2023,neděle,619139,399275
23.10.2023,pondělí,1161001,893562
24.10.2023,úterý,1205837,891706
25.10.2023,středa,1300223,917021
26.10.2023,čtvrtek,1140815,749318
27.10.2023,pátek,939393,659921
28.10.2023,sobota,658026,357365
29.10.2023,neděle,603737,397807
30.10.2023,pondělí,1215306,932383
31.10.2023,úterý,1298054,925212
1.11.2023,středa,1221625,978831
2.11.2023,čtvrtek,1315479,946462
3.11.2023,pátek,1033726,846341
4.11.2023,sobota,721908,474440
5.11.2023,neděle,499423,383171
6.11.2023,pondělí,1116091,894692
7.11.2023,úterý,1164209,914002
8.11.2023,středa,1169934,937140
9.11.2023,čtvrtek,1220107,905142
10.11.2023,pátek,1129460,853346
11.11.2023,sobota,631322,436073
12.11.2023,neděle,572356,397480
13.11.2023,pondělí,1175846,905696
14.11.2023,úterý,1218687,924489
15.11.2023,středa,1234197,936569
16.11.2023,čtvrtek,1208304,897686
17.11.2023,pátek,733599,472055
18.11.2023,sobota,616312,454692
19.11.2023,neděle,525012,401655
20.11.2023,pondělí,1193246,906032
21.11.2023,úterý,1227797,930347
22.11.2023,středa,1169278,932730
23.11.2023,čtvrtek,1182068,909582
24.11.2023,pátek,1126806,839329
25.11.2023,sobota,691389,449064
26.11.2023,neděle,596482,385011
27.11.2023,pondělí,1109113,849957
28.11.2023,úterý,1235076,908349
29.11.2023,středa,1217485,947156
30.11.2023,čtvrtek,1281935,926811
1.12.2023,pátek,1133492,843955
2.12.2023,sobota,765209,464742
3.12.2023,neděle,598795,408846
4.12.2023,pondělí,1210444,913362
5.12.2023,úterý,1258919,915405
6.12.2023,středa,1260459,940598
7.12.2023,čtvrtek,1242112,939617
8.12.2023,pátek,1201895,854295
9.12.2023,sobota,811466,454444
10.12.2023,neděle,578777,396459
11.12.2023,pondělí,1251694,903356
12.12.2023,úterý,1284107,915198
13.12.2023,středa,1280649,916255
14.12.2023,čtvrtek,1283086,907541
15.12.2023,pátek,1214639,845032
16.12.2023,sobota,774787,454253
17.12.2023,neděle,704726,417259
18.12.2023,pondělí,1214104,897669
19.12.2023,úterý,1306329,896609
20.12.2023,středa,1320859,885656
21.12.2023,čtvrtek,1175468,810975
22.12.2023,pátek,947469,694788
23.12.2023,sobota,521109,365328
24.12.2023,neděle,374024,223795
25.12.2023,pondělí,370211,195534
26.12.2023,úterý,448870,261161
27.12.2023,středa,738362,488641
28.12.2023,čtvrtek,799806,485393
29.12.2023,pátek,782929,512496
30.12.2023,sobota,628916,388330
31.12.2023,nedělě,573840,357510
1.1.2024,pondělí,408183,225552
2.1.2024,úterý,899515,660724
3.1.2024,středa,1154854,826829
4.1.2024,čtvrtek,1126471,822134
5.1.2024,pátek,1049510,796963
6.1.2024,sobota,584125,386967
7.1.2024,neděle,464611,329913
8.1.2024,pondělí,1069137,819284
9.1.2024,úterý,1143377,824581
10.1.2024,středa,1098578,853723
11.1.2024,čtvrtek,1093597,837497
12.1.2024,pátek,957996,782339
13.1.2024,sobota,564439,392778
14.1.2024,neděle,465085,327903
15.1.2024,pondělí,1060679,847782
16.1.2024,úterý,1104731,831744
17.1.2024,středa,1099507,863687
18.1.2024,čtvrtek,1026187,830930
19.1.2024,pátek,1002147,786574
20.1.2024,sobota,591645,412191
21.1.2024,neděle,473900,346300
22.1.2024,pondělí,1012812,831990
23.1.2024,úterý,1037847,820817
24.1.2024,středa,1078364,849303
25.1.2024,čtvrtek,1066954,832783
26.1.2024,pátek,973538,770230
27.1.2024,sobota,639641,431754
28.1.2024,neděle,520611,380175
29.1.2024,pondělí,1079836,861549
30.1.2024,úterý,1129223,805386
31.1.2024,středa,1077821,834103
1.2.2024,čtvrtek,1043528,799963
2.2.2024,pátek,930791,642718
3.2.2024,sobota,608314,375188
4.2.2024,neděle,457797,320637
5.2.2024,pondělí,1006330,698984
6.2.2024,úterý,1019389,709705
7.2.2024,středa,973794,713298
8.2.2024,čtvrtek,984892,684368
9.2.2024,pátek,962486,651466
10.2.2024,sobota,637389,395228
11.2.2024,neděle,462684,309081
12.2.2024,pondělí,1074378,737542
13.2.2024,úterý,1099756,739089
14.2.2024,středa,1135934,767437
15.2.2024,čtvrtek,1100919,746153
16.2.2024,pátek,1045400,694008
17.2.2024,sobota,653008,392434
18.2.2024,neděle,649909,369750
19.2.2024,pondělí,1125961,831891
20.2.2024,úterý,1134168,835266
21.2.2024,středa,1244988,879588
22.2.2024,čtvrtek,1192017,824603
23.2.2024,pátek,1134284,774302
24.2.2024,sobota,768482,485070
25.2.2024,neděle,642757,401047
26.2.2024,pondělí,1145689,825836
27.2.2024,úterý,1150502,849674
28.2.2024,středa,1254558,868686
29.2.2024,čtvrtek,1181812,851590
1.3.2024,pátek,1095089,772167
2.3.2024,sobota,705219,414769
3.3.2024,neděle,609974,368789
4.3.2024,pondělí,1165588,862447
5.3.2024,úterý,1210192,840680
6.3.2024,středa,1205875,876941
7.3.2024,čtvrtek,1248647,852095
8.3.2024,pátek,1169236,803139
9.3.2024,sobota,774434,470238
10.3.2024,neděle,682095,405641
11.3.2024,pondělí,1139144,836577
12.3.2024,úterý,1182236,837026
13.3.2024,středa,1285536,865342
14.3.2024,čtvrtek,1218295,844445
15.3.2024,pátek,1192916,803116
16.3.2024,sobota,758877,423803
17.3.2024,neděle,687903,386563
18.3.2024,pondělí,1192633,839439
19.3.2024,úterý,1249213,864491
20.3.2024,středa,1310615,887172
21.3.2024,čtvrtek,1232263,841436
22.3.2024,pátek,1163459,803213
23.3.2024,sobota,724825,417134
24.3.2024,neděle,561771,353255
25.3.2024,pondělí,1276723,844888
26.3.2024,úterý,1340665,872703
27.3.2024,středa,1339591,882273
28.3.2024,čtvrtek,1137580,704818
29.3.2024,pátek,735230,473787
30.3.2024,sobota,692826,419182
31.3.2024,neděle,600344,357919
1.4.2024,pondělí,557229,301467
2.4.2024,úterý,1226586,846441
3.4.2024,středa,1284438,894972
4.4.2024,čtvrtek,1333822,864614
5.4.2024,pátek,1216853,820096
6.4.2024,sobota,724291,457499
7.4.2024,neděle,660839,385788
8.4.2024,pondělí,1156213,860938
9.4.2024,úterý,1250009,883913
10.4.2024,středa,1263076,884160
11.4.2024,čtvrtek,1247077,896462
12.4.2024,pátek,1211958,807234
13.4.2024,sobota,795211,443756
14.4.2024,neděle,638308,371071
15.4.2024,pondělí,1152137,861852
16.4.2024,úterý,1206374,854019
17.4.2024,středa,1255832,907700
18.4.2024,čtvrtek,1238120,873241
19.4.2024,pátek,1109542,783285
20.4.2024,sobota,631123,386685
21.4.2024,neděle,595519,362581
22.4.2024,pondělí,1137221,853891
23.4.2024,úterý,1174662,865100
24.4.2024,středa,1239789,875282
25.4.2024,čtvrtek,1184368,869256
26.4.2024,pátek,1119508,799294
27.4.2024,sobota,737210,453469
28.4.2024,neděle,612314,381294
29.4.2024,pondělí,1141816,846154
30.4.2024,úterý,1246631,915382
1.5.2024,středa,712093,457718
2.5.2024,čtvrtek,1185958,832793
3.5.2024,pátek,1058811,755338
4.5.2024,sobota,665667,429197
5.5.2024,neděle,544456,349655
6.5.2024,pondělí,1207035,829771
7.5.2024,úterý,1156601,831864
8.5.2024,středa,622794,378654
9.5.2024,čtvrtek,1138066,819952
10.5.2024,pátek,1069955,751484
11.5.2024,sobota,692083,440223
12.5.2024,neděle,610098,371316
13.5.2024,pondělí,1151668,870476
14.5.2024,úterý,1231919,872663
15.5.2024,středa,1300109,904257
16.5.2024,čtvrtek,1214277,858183
17.5.2024,pátek,1034422,760192
18.5.2024,sobota,706298,431624
19.5.2024,neděle,593657,382625
20.5.2024,pondělí,1189248,851499
21.5.2024,úterý,1168697,842350
22.5.2024,středa,1138813,869663
23.5.2024,čtvrtek,1210704,859268
24.5.2024,pátek,1047517,763815
25.5.2024,sobota,654516,409977
26.5.2024,neděle,631440,382959
27.5.2024,pondělí,1097170,831080
28.5.2024,úterý,1097384,836548
29.5.2024,středa,1276860,873051
30.5.2024,čtvrtek,1161884,841932
31.5.2024,pátek,1053824,769234
1.6.2024,sobota,595240,373835
2.6.2024,neděle,491044,334494
3.6.2024,pondělí,1059414,837795
4.6.2024,úterý,1182152,847293
5.6.2024,středa,1157431,862558
6.6.2024,čtvrtek,1164475,832032
7.6.2024,pátek,1083677,782174
8.6.2024,sobota,663716,436241
9.6.2024,neděle,553228,358627
10.6.2024,pondělí,1102265,829862
11.6.2024,úterý,1187677,844131
12.6.2024,středa,1187101,860434
13.6.2024,čtvrtek,1178345,832430
14.6.2024,pátek,1049260,749739
15.6.2024,sobota,626959,410477
16.6.2024,neděle,549105,353313
17.6.2024,pondělí,1066620,807969
18.6.2024,úterý,1125299,832017
19.6.2024,středa,1225192,839168
20.6.2024,čtvrtek,1148993,821795
21.6.2024,pátek,1039365,712922
22.6.2024,sobota,578789,405446
23.6.2024,neděle,540892,374739
24.6.2024,pondělí,1148793,810774
25.6.2024,úterý,1137209,824776
26.6.2024,středa,1233874,846169
27.6.2024,čtvrtek,1101966,799972
28.6.2024,pátek,1013064,761327
29.6.2024,sobota,532730,434562
30.6.2024,neděle,451362,379849
1.7.2024,pondělí,895461,683666
2.7.2024,úterý,951479,678219
3.7.2024,středa,943584,673280
4.7.2024,čtvrtek,847247,596145
5.7.2024,pátek,544143,359723
6.7.2024,sobota,433926,294254
7.7.2024,neděle,447138,281946
8.7.2024,pondělí,902800,608417
9.7.2024,úterý,856006,620684
10.7.2024,středa,845301,598866
11.7.2024,čtvrtek,901767,595716
12.7.2024,pátek,804511,533638
13.7.2024,sobota,524496,342718
14.7.2024,neděle,497961,321766
15.7.2024,pondělí,916026,598781
16.7.2024,úterý,932870,620734
17.7.2024,středa,926771,621389
18.7.2024,čtvrtek,896978,603131
19.7.2024,pátek,774070,541762
20.7.2024,sobota,507917,342678
21.7.2024,neděle,444524,304713
22.7.2024,pondělí,896223,584895
23.7.2024,úterý,896577,611161
24.7.2024,středa,900001,614574
25.7.2024,čtvrtek,888545,612857
26.7.2024,pátek,760388,542151
27.7.2024,sobota,483406,335889
28.7.2024,neděle,433896,311670
29.7.2024,pondělí,824335,604896
30.7.2024,úterý,886129,616522
31.7.2024,středa,850444,601946
1.8.2024,čtvrtek,813361,581839
2.8.2024,pátek,739006,505837
3.8.2024,sobota,558920,344402
4.8.2024,neděle,455838,286234
5.8.2024,pondělí,851323,607220
6.8.2024,úterý,913312,609740
7.8.2024,středa,882372,610719
8.8.2024,čtvrtek,857602,576618
9.8.2024,pátek,787117,553438
10.8.2024,sobota,538000,362164
11.8.2024,neděle,460376,317108
12.8.2024,pondělí,825130,602789
13.8.2024,úterý,807772,592446
14.8.2024,středa,796814,601996
15.8.2024,čtvrtek,813402,574415
16.8.2024,pátek,727890,537054
17.8.2024,sobota,540980,362360
18.8.2024,neděle,396178,291590
19.8.2024,pondělí,827349,623128
20.8.2024,úterý,880792,637036
21.8.2024,středa,883496,649202
22.8.2024,čtvrtek,821682,622845
23.8.2024,pátek,763367,566983
24.8.2024,sobota,524120,348162
25.8.2024,neděle,417988,316167
26.8.2024,pondělí,830234,673778
27.8.2024,úterý,949824,699672
28.8.2024,středa,883990,695250
29.8.2024,čtvrtek,866750,657559
30.8.2024,pátek,765181,614626
31.8.2024,sobota,538056,383960
1.9.2024,neděle,500330,357626
2.9.2024,pondělí,1049019,820376
3.9.2024,úterý,1077491,822259
4.9.2024,středa,1062672,829456
5.9.2024,čtvrtek,1023639,794052
6.9.2024,pátek,952653,755825
7.9.2024,sobota,556574,422333
8.9.2024,neděle,472931,349487
9.9.2024,pondělí,996282,806791
10.9.2024,úterý,1128175,862967
11.9.2024,středa,1061328,829854
12.9.2024,čtvrtek,1062840,820718
13.9.2024,pátek,862729,695166
14.9.2024,sobota,447778,321203
15.9.2024,neděle,387191,280640
16.9.2024,pondělí,1002531,805729
17.9.2024,úterý,1137788,855918
18.9.2024,středa,1166883,871528
19.9.2024,čtvrtek,1086813,847942
20.9.2024,pátek,1006685,778825
21.9.2024,sobota,575802,475062
22.9.2024,neděle,511105,389805
23.9.2024,pondělí,1077515,838688
24.9.2024,úterý,1076646,838182
25.9.2024,středa,1147001,878664
26.9.2024,čtvrtek,1065780,821363
27.9.2024,pátek,1030251,778566
28.9.2024,sobota,557706,362001
29.9.2024,neděle,534306,387523
30.9.2024,pondělí,1113565,877716
1.10.2024,úterý,1185879,895160
2.10.2024,středa,1181960,876776
3.10.2024,čtvrtek,1199648,881135
4.10.2024,pátek,1075111,805156
5.10.2024,sobota,630573,393681
6.10.2024,neděle,576116,373490
7.10.2024,pondělí,1225211,893613
8.10.2024,úterý,1243322,890546
9.10.2024,středa,1260037,909610
10.10.2024,čtvrtek,1214044,870510
11.10.2024,pátek,1157772,781994
12.10.2024,sobota,727761,428773
13.10.2024,neděle,590561,360994
14.10.2024,pondělí,1178568,886213
15.10.2024,úterý,1237582,906701
16.10.2024,středa,1318331,912704
17.10.2024,čtvrtek,1243308,896716
18.10.2024,pátek,1131306,818216
19.10.2024,sobota,685757,427646
20.10.2024,neděle,578240,381020
21.10.2024,pondělí,1226730,874894
22.10.2024,úterý,1239380,907717
23.10.2024,středa,1241714,919633
24.10.2024,čtvrtek,1263256,899112
25.10.2024,pátek,1102876,802506
26.10.2024,sobota,656221,456388
27.10.2024,neděle,620871,440218
28.10.2024,pondělí,616573,411428
29.10.2024,úterý,1125892,720473
30.10.2024,středa,1164947,739656
31.10.2024,čtvrtek,1223227,808825
1.11.2024,pátek,1147927,771882
2.11.2024,sobota,717799,442628
3.11.2024,neděle,572104,370012
4.11.2024,pondělí,1181891,891492
5.11.2024,úterý,1195529,916690
6.11.2024,středa,1214175,910554
7.11.2024,čtvrtek,1248849,894153
8.11.2024,pátek,1139919,841375
9.11.2024,sobota,748479,444678
10.11.2024,neděle,614592,368317
11.11.2024,pondělí,1156572,901253
12.11.2024,úterý,1269055,925548
13.11.2024,středa,1247568,931390
14.11.2024,čtvrtek,1226111,927282
15.11.2024,pátek,1115768,853271
16.11.2024,sobota,652977,455450
17.11.2024,neděle,594177,360361
18.11.2024,pondělí,1141556,906803
19.11.2024,úterý,1175796,916353
20.11.2024,středa,1229747,928187
21.11.2024,čtvrtek,1203975,908748
22.11.2024,pátek,1091830,837036
23.11.2024,sobota,748617,454416
24.11.2024,neděle,587695,385356
25.11.2024,pondělí,1206632,897495
26.11.2024,úterý,1278612,899099
27.11.2024,středa,1302667,920655
28.11.2024,čtvrtek,1341376,911930
29.11.2024,pátek,1158622,845378
30.11.2024,sobota,793175,446609
1.12.2024,neděle,632315,368170
2.12.2024,pondělí,1262273,892834
3.12.2024,úterý,1347402,904736
4.12.2024,středa,1379207,917753
5.12.2024,čtvrtek,1365033,918814
6.12.2024,pátek,1160733,806856
7.12.2024,sobota,808032,466291
8.12.2024,neděle,621447,350050
9.12.2024,pondělí,1305871,899176
10.12.2024,úterý,1320027,898491
11.12.2024,středa,1407231,926883
12.12.2024,čtvrtek,1392954,912686
13.12.2024,pátek,1283971,847504
14.12.2024,sobota,782192,437461
15.12.2024,neděle,677675,374508
16.12.2024,pondělí,1322124,882758
17.12.2024,úterý,1382667,897837
18.12.2024,středa,1391512,920595
19.12.2024,čtvrtek,1399767,901137
20.12.2024,pátek,1269785,819459
21.12.2024,sobota,763337,418297
22.12.2024,neděle,659119,368031
23.12.2024,pondělí,806216,504015
24.12.2024,úterý,429275,223325
25.12.2024,středa,426001,206960
26.12.2024,čtvrtek,496131,248361
27.12.2024,pátek,695758,433759
28.12.2024,sobota,620164,339516
29.12.2024,neděle,580446,325166
30.12.2024,pondělí,805698,506997
31.12.2024,úterý,683054,426273
1.1.2025,středa,405600,197034
2.1.2025,čtvrtek,797646,503889
3.1.2025,pátek,881513,573510
4.1.2025,sobota,593079,362921
5.1.2025,neděle,483936,309552
6.1.2025,pondělí,1141554,846407
7.1.2025,úterý ,1155537,844692
8.1.2025,středa,1181592,858461
9.1.2025,čtvrtek,1160808,853002
10.1.2025,pátek,1079410,798837
11.1.2025,sobota,579504,426365
12.1.2025,neděle,494681,359232
13.1.2025,pondělí,1116501,851652
14.1.2025,úterý ,1169541,840888
15.1.2025,středa,1157943,863832
16.1.2025,čtvrtek,1153884,842198
17.1.2025,pátek,1113030,775304
18.1.2025,sobota,601261,385425
19.1.2025,neděle,506483,328439
20.1.2025,pondělí,1126490,832038
21.1.2025,úterý ,1129427,826318
22.1.2025,středa,1174170,841719
23.1.2025,čtvrtek,1133630,802487
24.1.2025,pátek,1046587,766337
25.1.2025,sobota,611539,402764
26.1.2025,neděle,496015,338740
27.1.2025,pondělí,1104839,802497
28.1.2025,úterý ,1183488,811626
29.1.2025,středa,1170147,832217
30.1.2025,čtvrtek,1154601,827198
31.1.2025,pátek,953077,635351
1.2.2025,sobota,619352,454182
2.2.2025,neděle,516189,377022
3.2.2025,pondělí,1126998,827319
4.2.2025,úterý ,1156145,824179
5.2.2025,středa,1162265,838721
6.2.2025,čtvrtek,1142800,823850
7.2.2025,pátek,1043494,754940
8.2.2025,sobota,582487,385560
9.2.2025,neděle,537096,346393
10.2.2025,pondělí,977009,743816
11.2.2025,úterý ,1013005,762205
12.2.2025,středa,994894,734947
13.2.2025,čtvrtek,969498,746102
14.2.2025,pátek,939574,689801
15.2.2025,sobota,584845,376414
16.2.2025,neděle,494144,331880
17.2.2025,pondělí,1071465,759976
18.2.2025,úterý ,1129986,759473
19.2.2025,středa,1132385,772719
20.2.2025,čtvrtek,1094842,753031
21.2.2025,pátek,977610,691110
22.2.2025,sobota,622211,407946
23.2.2025,neděle,520300,345174
24.2.2025,pondělí,1179321,881667
25.2.2025,úterý ,1223919,891609
26.2.2025,středa,1244672,905399
27.2.2025,čtvrtek,1162393,883383
28.2.2025,pátek,1112848,814149
1.4.2025,úterý,1269219,887696
2.4.2025,středa,1307641,919979
3.4.2025,čtvrtek,1268139,922032
4.4.2025,pátek,1239036,849809
5.4.2025,sobota,723420,445992
6.4.2025,neděle,571242,375927
7.4.2025,pondělí,1198916,877530
8.4.2025,úterý,1269282,902833
9.4.2025,středa,1301158,911596
10.4.2025,čtvrtek,1279465,910306
11.4.2025,pátek,1244181,827766
12.4.2025,sobota,799736,494773
13.4.2025,neděle,661952,421864
14.4.2025,pondělí,1276700,897961
15.4.2025,úterý,1326354,908282
16.4.2025,středa,1391963,928272
17.4.2025,čtvrtek,1133819,731103
18.4.2025,pátek,597083,346863
19.4.2025,sobota,650784,376467
20.4.2025,neděle,614833,353285
21.4.2025,pondělí,496768,282771
22.4.2025,úterý,1255130,889910
23.4.2025,středa,1338586,930404
24.4.2025,čtvrtek,1299181,874239
25.4.2025,pátek,1141703,806346
26.4.2025,sobota,768339,466934
27.4.2025,neděle,648974,388983
28.4.2025,pondělí,1247677,903781
29.4.2025,úterý,1302736,911142
30.4.2025,středa,1373042,961672
1.5.2025,čtvrtek,725141,463485
2.5.2025,pátek,995428,718881
3.5.2025,sobota,678093,411647
4.5.2025,neděle,552974,362249
5.5.2025,pondělí,1176125,874285
6.5.2025,úterý,1235150,895128
7.5.2025,středa,1252482,908521
8.5.2025,čtvrtek,622850,379270
9.5.2025,pátek,911608,624641
10.5.2025,sobota,672246,421035
11.5.2025,neděle,603629,373786
12.5.2025,pondělí,1202527,899930
13.5.2025,úterý,1271020,896610
14.5.2025,středa,1293520,925997
15.5.2025,čtvrtek,1276566,877858
16.5.2025,pátek,1126351,804176
17.5.2025,sobota,732367,447468
18.5.2025,neděle,619700,377862
19.5.2025,pondělí,1171310,863967
20.5.2025,úterý,1246733,899026
21.5.2025,středa,1241625,885570
22.5.2025,čtvrtek,1187564,862478
23.5.2025,pátek,1183454,808325
24.5.2025,sobota,745299,461205
25.5.2025,neděle,569848,357641
26.5.2025,pondělí,1153186,858093
27.5.2025,úterý,1239708,887488
28.5.2025,středa,1217823,865620
29.5.2025,čtvrtek,1274252,874093
30.5.2025,pátek,1165569,809243
31.5.2025,sobota,755440,437984
1.6.2025,neděle,669295,380411
2.6.2025,pondělí,1182889,840958
3.6.2025,úterý,1237231,872154
4.6.2025,středa,1228853,873665
5.6.2025,čtvrtek,1183877,845547
6.6.2025,pátek,1082046,770347
7.6.2025,sobota,647372,391531
8.6.2025,neděle,601491,340013
9.6.2025,pondělí,1237290,875335
10.6.2025,úterý,1277837,875295
11.6.2025,středa,1303735,882026
12.6.2025,čtvrtek,1266727,844121
13.6.2025,pátek,1126377,784348
14.6.2025,sobota,774963,448338
15.6.2025,neděle,592341,378006
16.6.2025,pondělí,1164525,827224
17.6.2025,úterý,1278283,861788
18.6.2025,středa,1293957,882295
19.6.2025,čtvrtek,1284287,859541
20.6.2025,pátek,1139838,772204
21.6.2025,sobota,700537,431375
22.6.2025,neděle,591244,370000
23.6.2025,pondělí,1131085,811003
24.6.2025,úterý,1229491,855040
25.6.2025,středa,1285734,870939
26.6.2025,čtvrtek,1219256,856340
27.6.2025,pátek,1133427,782558
28.6.2025,sobota,601526,401626
29.6.2025,neděle,518690,352112
30.6.2025,pondělí,943893,661395
